bot,class,fights,fights_asleep,fights_awake,won_awake,creatures_beaten_awake,orcish_mage_fights_awake,orcish_mage_won_awake,orcish_mage_median_r_awake,first_fight,last_fight,fighting_skills_first,fighting_skills_last,armour_first,armour_last,last_awake_time,last_awake_creature,last_awake_result,last_awake_r,last_awake_proven_strength,last_awake_formula_power,last_awake_proven_over_formula
Aric,Archer,36,13,23,2,OrcishMage,21,2,0.5,2026-09-26 02:04:15,2026-09-26 15:13:18,174,260,7,16,2026-09-26 15:13:18,OrcishMage,lost,0.86,5045,1896,2.6609
Bertram,WarriorArcher,56,4,52,9,OrcishMage,44,9,0.39,2026-09-26 02:32:05,2026-09-26 14:01:12,198,276,20,28,2026-09-26 14:01:12,OrcishMage,lost,0.71,4096,2005,2.0429
Brannoc,Archer,43,12,31,0,,31,0,0.27,2026-09-26 02:07:00,2026-09-26 13:33:31,165,283,0,0,2026-09-26 13:33:31,OrcishMage,lost,0.01,45,1926,0.0234
Cassia,WarriorArcher,31,7,24,0,,24,0,0.215,2026-09-26 02:30:03,2026-09-26 14:07:11,175,269,0,0,2026-09-26 14:07:11,OrcishMage,lost,0.24,1084,1896,0.5717
Corwin,Archer,16,0,16,2,OrcishMage,14,2,0.365,2026-09-26 08:06:35,2026-09-26 13:37:33,163,227,7,7,2026-09-26 13:37:33,JukaMage,lost,0.09,1331,1748,0.7614
Dain,Warrior,60,2,58,26,JukaMage; OrcishMage,31,21,2.52,2026-09-26 03:09:51,2026-09-26 15:01:50,150,325,0,4,2026-09-26 15:01:50,JukaMage,lost,0.52,6106,1556,3.9242
Delwyn,Archer,36,11,25,0,,25,0,0.43,2026-09-26 02:06:50,2026-09-26 15:12:07,165,250,0,4,2026-09-26 15:12:07,OrcishMage,lost,0.36,2084,1822,1.1438
Doran,Captain,24,4,20,7,OrcishMage,13,7,1.18,2026-09-26 01:36:19,2026-09-26 15:16:30,390,419,0,14,2026-09-26 15:16:30,JukaMage,lost,0.12,1427,2402,0.5941
Edda,Baron,25,10,15,6,Dragon; LichLord; OgreLord; OrcishMage,2,2,4.46,2026-09-26 01:36:21,2026-09-26 15:20:08,495,499,50,50,2026-09-26 15:20:08,LichLord,lost,0.41,12443,2673,4.6551
Elspeth,Archer,42,8,34,2,OrcishMage,32,2,0.29,2026-09-26 03:11:19,2026-09-26 13:26:28,150,309,0,0,2026-09-26 13:26:28,OrcishMage,lost,0.33,1903,749,2.5407
Emrys,Archer,23,9,14,3,OrcishMage,11,3,0.34,2026-09-26 02:07:18,2026-09-26 14:36:27,168,254,2,0,2026-09-26 14:36:27,JukaMage,lost,0.19,2260,1967,1.149
Fenna,Archer,24,5,19,3,OrcishMage,17,3,0.13,2026-09-26 02:08:05,2026-09-26 14:44:43,188,278,4,2,2026-09-26 14:44:43,OrcishMage,won,1.4,8206,1970,4.1655
Garrow,Archer,17,2,15,1,OrcishMage,15,1,0.29,2026-09-26 02:09:03,2026-09-26 15:22:06,172,260,0,0,2026-09-26 15:22:06,OrcishMage,lost,0.46,2717,1780,1.5264
Gerda,Sage,9,3,6,0,,6,0,0.1,2026-09-26 01:38:21,2026-09-26 11:42:18,237,303,7,0,2026-09-26 11:42:18,OrcishMage,lost,0.0,0,3648,0.0
Hale,Brawler,24,4,20,1,OrcishMage,19,1,0.16,2026-09-26 01:50:29,2026-09-26 15:21:01,120,294,0,3,2026-09-26 15:21:01,OrcishMage,lost,0.2,1193,725,1.6455
Harlan,Warrior,20,0,20,1,OrcishMage,19,1,0.56,2026-09-26 07:10:13,2026-09-26 14:33:16,150,220,0,0,2026-09-26 14:33:16,OrcishMage,lost,0.68,3969,1560,2.5442
Hollis,Archer,31,3,28,1,OrcishMage,27,1,0.24,2026-09-26 02:12:54,2026-09-26 13:33:42,170,299,1,0,2026-09-26 13:33:42,OrcishMage,lost,0.08,455,1915,0.2376
Isolde,Mage,22,2,20,0,,20,0,0.195,2026-09-26 02:14:05,2026-09-26 15:07:54,111,216,0,0,2026-09-26 15:07:54,OrcishMage,lost,0.09,506,2866,0.1766
Ivo,WarriorMage,17,0,17,1,OrcishMage,16,1,0.36,2026-09-26 07:10:51,2026-09-26 13:28:20,152,252,0,0,2026-09-26 13:28:20,OrcishMage,lost,0.77,4423,3374,1.3109
Jarek,Mage,12,2,10,0,,10,0,0.205,2026-09-26 02:15:36,2026-09-26 15:07:12,122,190,0,1,2026-09-26 15:07:12,OrcishMage,lost,0.31,1839,2874,0.6399
Jorunn,WarriorMage,19,0,19,1,OrcishMage,18,1,0.36,2026-09-26 09:10:44,2026-09-26 14:49:59,150,321,0,6,2026-09-26 14:49:59,OrcishMage,lost,0.36,2138,3278,0.6522
Kelda,Mage,14,2,12,0,,12,0,0.155,2026-09-26 02:16:56,2026-09-26 15:13:39,117,190,0,5,2026-09-26 15:13:39,OrcishMage,lost,0.14,843,2858,0.295
Kestrel,Archer,19,0,19,2,OrcishMage,17,2,0.44,2026-09-26 09:10:16,2026-09-26 15:15:14,150,229,0,21,2026-09-26 15:15:14,OrcishMage,lost,0.0,0,1750,0.0
Leofric,Archer,13,0,13,0,,12,0,0.435,2026-09-26 11:10:28,2026-09-26 15:17:05,150,190,0,7,2026-09-26 15:17:05,OrcishMage,lost,0.71,4161,1700,2.4476
Lorcan,Mage,13,1,12,0,,12,0,0.125,2026-09-26 02:18:53,2026-09-26 15:23:10,98,173,0,4,2026-09-26 15:23:10,OrcishMage,lost,0.23,1359,2828,0.4806
Maeve,Mage,17,3,14,0,,14,0,0.22,2026-09-26 02:20:19,2026-09-26 15:04:53,115,227,7,1,2026-09-26 15:04:53,OrcishMage,lost,0.16,914,2924,0.3126
Marek,Archer,13,0,13,1,OrcishMage,13,1,0.38,2026-09-26 11:10:31,2026-09-26 15:16:14,150,190,0,0,2026-09-26 15:16:14,OrcishMage,lost,0.66,3857,1727,2.2334
Neriah,Mage,25,3,22,0,,22,0,0.15,2026-09-26 02:20:09,2026-09-26 14:51:10,114,305,0,0,2026-09-26 14:51:10,OrcishMage,lost,0.23,1357,3164,0.4289
Oswin,Healer,21,2,19,0,,19,0,0.1,2026-09-26 02:23:27,2026-09-26 14:37:00,131,214,0,2,2026-09-26 14:37:00,OrcishMage,lost,0.04,213,2291,0.093
Pell,Healer,17,1,16,0,,16,0,0.09,2026-09-26 02:23:57,2026-09-26 15:25:46,100,166,0,0,2026-09-26 15:25:46,OrcishMage,lost,0.1,597,1890,0.3159
Perri,Warrior,31,10,21,8,OrcishMage,13,8,1.33,2026-09-26 01:43:51,2026-09-26 15:13:54,166,314,2,2,2026-09-26 15:13:54,JukaMage,lost,0.76,8974,1559,5.7563
Piers,Mage,4,0,4,0,,4,0,0.21,2026-09-26 15:10:52,2026-09-26 15:27:45,70,87,0,0,2026-09-26 15:27:45,OrcishMage,lost,0.15,868,2718,0.3194
Quenna,Healer,16,3,13,0,,13,0,0.13,2026-09-26 02:23:30,2026-09-26 15:24:37,125,180,0,9,2026-09-26 15:24:37,OrcishMage,lost,0.15,896,2026,0.4423
Quill,Warrior,60,12,48,18,OrcishMage,31,18,1.23,2026-09-26 01:51:06,2026-09-26 14:33:48,173,335,15,0,2026-09-26 14:33:48,OrcishMage,lost,0.6,3507,1651,2.1242
Ronan,WarriorMage,13,3,10,0,,10,0,0.37,2026-09-26 02:25:05,2026-09-26 14:33:06,202,347,0,0,2026-09-26 14:33:06,OrcishMage,lost,0.31,1799,3355,0.5362
Rowan,Warrior,39,9,30,11,OrcishMage,20,11,1.145,2026-09-26 01:51:45,2026-09-26 15:00:07,173,336,19,4,2026-09-26 15:00:07,JukaMage,lost,0.37,4406,1998,2.2052
Sable,Warrior,24,5,19,4,OrcishMage,15,4,0.47,2026-09-26 01:59:07,2026-09-26 14:53:56,171,259,9,0,2026-09-26 14:53:56,JukaMage,lost,0.16,1931,1717,1.1246
Selwyn,WarriorMage,18,6,12,1,OrcishMage,11,1,0.32,2026-09-26 02:25:32,2026-09-26 09:59:40,184,316,7,22,2026-09-26 09:59:40,OrcishMage,lost,0.45,2802,2676,1.0471
Talia,WarriorMage,30,4,26,3,OrcishMage,23,3,0.54,2026-09-26 02:27:29,2026-09-26 14:03:44,207,383,7,11,2026-09-26 14:03:44,OrcishMage,lost,0.4,2324,3316,0.7008
Torvin,Warrior,33,7,26,9,OrcishMage,19,9,0.91,2026-09-26 01:59:51,2026-09-26 15:14:20,166,304,7,10,2026-09-26 15:14:20,JukaMage,lost,0.49,5752,1527,3.7669
Ulla,Warrior,38,10,28,9,OrcishMage,19,9,0.86,2026-09-26 01:59:19,2026-09-26 14:37:16,181,320,0,11,2026-09-26 14:37:16,JukaMage,lost,0.11,1321,1997,0.6615
Ulwin,WarriorMage,22,0,22,2,OrcishMage,21,2,0.47,2026-09-26 10:01:29,2026-09-26 14:45:53,219,360,0,0,2026-09-26 14:45:53,OrcishMage,lost,0.55,3228,3352,0.963
Vance,Warrior,36,9,27,9,OrcishMage,18,9,0.92,2026-09-26 02:02:26,2026-09-26 15:26:09,185,303,7,0,2026-09-26 15:26:09,OrcishMage,lost,0.69,4045,1529,2.6455
Vesna,WarriorMage,24,4,20,2,OrcishMage,19,2,0.42,2026-09-26 02:27:53,2026-09-26 15:28:08,180,285,14,15,2026-09-26 15:28:08,OrcishMage,lost,0.35,2061,3176,0.6489
Wynn,Warrior,28,7,21,8,OrcishMage,12,8,1.255,2026-09-26 02:03:42,2026-09-26 14:35:06,186,306,7,0,2026-09-26 14:35:06,JukaMage,lost,0.35,4157,1558,2.6682
Wystan,WarriorArcher,25,3,22,0,,22,0,0.14,2026-09-26 02:27:55,2026-09-26 14:51:36,191,263,0,0,2026-09-26 14:51:36,OrcishMage,lost,0.2,1194,2020,0.5911
Yarrow,Warrior,40,7,33,13,OrcishMage,20,13,1.515,2026-09-26 02:03:38,2026-09-26 15:17:23,176,284,19,0,2026-09-26 15:17:23,JukaMage,lost,0.19,2254,1328,1.6973
Ysolt,WarriorArcher,28,2,26,0,,26,0,0.215,2026-09-26 02:30:17,2026-09-26 15:22:55,180,224,0,0,2026-09-26 15:22:55,OrcishMage,lost,0.7,4125,1588,2.5976
