class,fights,won,lost,called,win_rate,bots,median_r,median_seconds,median_proven_over_formula,median_formula_power,median_hits_max,median_fighting_skills,median_armour,mean_spells,mean_bandages,mean_bottles
Warrior,331,116,215,0,0.35,11,0.57,25,3.17,1529,80,284,7,0.35,0.86,0.83
Archer,250,17,233,0,0.068,12,0.32,27.0,1.268,1748.0,68.0,220.0,4.0,0.04,0.83,0.32
WarriorMage,126,10,116,0,0.079,7,0.425,32.0,0.828,3176.0,74.0,271.5,7.0,3.02,1.1,1.21
WarriorArcher,124,9,115,0,0.073,4,0.22,26.0,0.961,1856.0,71.0,228.5,7.0,0.03,0.35,0.37
Mage,94,0,94,0,0.0,7,0.18,24.5,0.373,2787.5,64.0,167.5,0.0,1.5,0.61,0.34
Healer,48,0,48,0,0.0,3,0.105,23.0,0.344,1912.0,63.0,160.0,1.0,0.44,0.56,0.48
Brawler,20,1,19,0,0.05,1,0.17,28.5,1.127,1710.0,87.0,225.5,13.0,0.2,1.0,1.2
Captain,20,7,12,1,0.35,1,0.695,24.0,2.209,2282.0,90.0,398.5,7.0,0.0,1.75,1.4
Baron,15,6,9,0,0.4,1,0.78,33,4.841,2646,98,496,50,0.0,2.87,0.0
Sage,6,0,6,0,0.0,1,0.1,24.5,0.174,3591.0,63.0,286.0,0.0,0.0,0.17,0.0
