creature,fights,won,lost,called,win_rate,bots,median_r,median_seconds,median_proven_over_formula,median_formula_power,median_hits_max,median_fighting_skills,median_armour,mean_spells,mean_bandages,mean_bottles
OrcishMage,102,49,49,4,0.48,39,0.795,66.0,3.425,1712.0,70.5,184.5,3.0,1.14,1.29,0.44
JukaMage,46,31,11,4,0.674,26,1.45,91.5,14.125,1527.5,75.0,195.5,7.0,0.57,2.15,0.48
OgreLord,31,0,22,9,0.0,17,0.04,19,0.543,1520,76,191,7,0.03,0.87,0.55
LichLord,8,1,1,6,0.125,7,5.0,180.0,73.977,1746.5,67.5,175.0,0.0,0.0,0.25,0.0
PoisonElemental,7,0,4,3,0.0,6,0.63,144,9.035,1741,68,175,0,0.0,0.86,0.86
Dragon,5,0,1,4,0.0,5,3.42,180,60.202,1741,68,175,0,0.0,1.2,0.0
WhiteWyrm,5,1,0,4,0.2,5,5.0,178,146.899,1752,67,179,2,0.0,0.8,0.0
Balron,4,0,2,2,0.0,4,1.155,102.5,50.493,1767.0,67.5,188.0,3.5,0.0,0.5,0.25
AncientLich,3,1,0,2,0.333,3,5.0,177,220.185,1782,68,188,7,0.0,0.0,0.0
AncientWyrm,3,0,2,1,0.0,3,0.2,173,9.915,1782,68,189,7,0.0,0.67,0.33
