company_id,date,time,session,build,rings_awake,guild,members,company_size,dungeon,room,room_creatures,result,seconds,creatures_down,room_health_taken_pct,fell,company_health_spent_pct
1,2026-09-26,02:43:35,2026-09-26_02-42,246,0,The Crown,Brannoc; Wynn; Kelda; Ronan; Fenna,5,Wrong,4 GolemController,4,cleared,88,4,100,2,64
2,2026-09-26,02:44:32,2026-09-26_02-42,246,0,The Hammer,Torvin; Quenna; Sable,3,Wrong,4 GolemController,4,wiped out,52,0,13,3,104
3,2026-09-26,02:45:22,2026-09-26_02-42,246,0,The Blade,Rowan; Quill; Vance; Perri; Maeve,5,Wrong,4 GolemController,4,cleared,45,4,100,0,29
4,2026-09-26,02:48:03,2026-09-26_02-42,246,0,The Needle,Cassia; Neriah; Bertram; Isolde; Hollis,5,Wrong,4 GolemController,4,wiped out,155,1,77,5,109
5,2026-09-26,02:50:03,2026-09-26_02-42,246,0,The Lantern,Selwyn; Talia; Pell; Vesna,4,Wrong,4 GolemController,4,wiped out,115,1,42,4,110
6,2026-09-26,02:51:17,2026-09-26_02-42,246,0,The Crown,Brannoc; Ronan; Fenna; Emrys; Yarrow,5,Despise,5 OgreLord,5,wiped out,69,0,2,5,102
7,2026-09-26,02:51:44,2026-09-26_02-42,246,0,The Blade,Ulla; Jarek; Vance; Aric; Maeve,5,Despise,5 OgreLord,5,wiped out,23,0,1,5,101
8,2026-09-26,03:15:38,2026-09-26_02-42,246,0,The Hammer,Torvin; Sable; Quenna,3,Wrong,4 GolemController,4,wiped out,45,0,11,3,104
9,2026-09-26,03:20:27,2026-09-26_02-42,246,0,The Needle,Cassia; Wystan; Ysolt; Hollis; Oswin,5,Wrong,4 GolemController,4,wiped out,133,0,6,5,106
10,2026-09-26,03:21:53,2026-09-26_02-42,246,0,The Lantern,Elspeth; Selwyn; Pell; Dain; Talia,5,Wrong,4 GolemController,4,cleared,81,4,100,0,36
11,2026-09-26,03:27:57,2026-09-26_03-26,247,0,The Blade,Rowan; Ulla; Quill; Maeve; Bertram,5,Wrong,4 GolemController,4,cleared,59,4,100,0,32
12,2026-09-26,03:29:03,2026-09-26_03-26,247,0,The Crown,Delwyn; Wynn; Ronan; Brannoc; Fenna,5,Wrong,4 GolemController,4,cleared,61,4,100,0,23
13,2026-09-26,03:34:08,2026-09-26_03-26,247,0,The Needle,Cassia; Hollis; Wystan; Oswin; Ysolt,5,Wrong,4 GolemController,4,called at the cap,300,0,22,4,84
14,2026-09-26,03:39:13,2026-09-26_03-26,247,0,The Lantern,Selwyn; Elspeth; Dain,3,Wrong,4 GolemController,4,called at the cap,300,3,82,2,70
15,2026-09-26,03:43:34,2026-09-26_03-43,248+249,1,The Blade,Talia; Maeve; Jarek; Aric; Rowan,5,Wrong,4 GolemController,4,wiped out,26,0,7,5,101
16,2026-09-26,03:44:08,2026-09-26_03-43,248+249,1,The Crown,Ronan; Kelda; Delwyn; Fenna; Brannoc,5,Wrong,4 GolemController,4,wiped out,30,0,5,5,97
17,2026-09-26,03:44:44,2026-09-26_03-43,248+249,1,The Needle,Neriah; Wystan; Oswin; Cassia; Hollis,5,Wrong,4 GolemController,4,wiped out,31,0,17,5,101
18,2026-09-26,03:45:08,2026-09-26_03-43,248+249,1,The Lantern,Selwyn; Elspeth; Dain,3,Wrong,4 GolemController,4,wiped out,19,0,11,3,96
19,2026-09-26,04:14:34,2026-09-26_04-07,251,1,The Blade,Quill; Bertram; Talia; Aric; Rowan,5,Wrong,4 GolemController,4,wiped out,39,0,35,5,98
20,2026-09-26,04:14:58,2026-09-26_04-07,251,1,The Crown,Brannoc; Delwyn; Kelda,3,Wrong,4 GolemController,4,wiped out,19,0,7,3,100
21,2026-09-26,04:15:30,2026-09-26_04-07,251,1,The Needle,Cassia; Neriah; Wystan; Hollis; Oswin,5,Wrong,4 GolemController,4,wiped out,26,0,5,5,100
22,2026-09-26,04:16:11,2026-09-26_04-15,252,1,The Lantern,Dain; Elspeth; Selwyn,3,Wrong,4 GolemController,4,wiped out,14,0,5,3,100
23,2026-09-26,04:45:24,2026-09-26_04-31,254,1,The Blade,Ulla; Rowan; Talia; Bertram; Quill,5,Wrong,4 GolemController,4,wiped out,27,0,9,5,101
24,2026-09-26,04:45:49,2026-09-26_04-31,254,1,The Crown,Delwyn; Brannoc; Kelda,3,Wrong,4 GolemController,4,wiped out,20,0,3,3,100
25,2026-09-26,04:46:14,2026-09-26_04-31,254,1,The Needle,Hollis; Oswin; Wystan; Cassia; Neriah,5,Wrong,4 GolemController,4,wiped out,20,0,10,5,100
26,2026-09-26,04:46:40,2026-09-26_04-31,254,1,The Lantern,Dain; Selwyn; Elspeth,3,Wrong,4 GolemController,4,wiped out,21,0,17,3,100
27,2026-09-26,05:16:19,2026-09-26_04-57,255,1,The Blade,Ulla; Talia; Rowan; Quill; Bertram,5,Wrong,4 GolemController,4,wiped out,31,0,39,5,99
28,2026-09-26,05:16:52,2026-09-26_04-57,255,1,The Needle,Wystan; Hollis; Oswin; Neriah; Cassia,5,Wrong,4 GolemController,4,wiped out,28,0,2,5,101
29,2026-09-26,05:17:18,2026-09-26_04-57,255,1,The Lantern,Dain; Selwyn; Elspeth,3,Wrong,4 GolemController,4,wiped out,21,0,2,3,97
30,2026-09-26,05:35:13,2026-09-26_04-57,255,1,The Hammer,Selwyn; Kelda; Cassia,3,Wrong,4 GolemController,4,wiped out,18,0,5,3,101
31,2026-09-26,05:46:43,2026-09-26_04-57,255,1,The Blade,Ulla; Talia; Rowan; Quill; Bertram,5,Wrong,4 GolemController,4,wiped out,23,0,21,5,98
32,2026-09-26,05:47:48,2026-09-26_04-57,255,1,The Needle,Hollis; Oswin; Neriah,3,Wrong,4 GolemController,4,wiped out,30,0,10,3,95
33,2026-09-26,06:05:45,2026-09-26_04-57,255,1,The Hammer,Selwyn; Wystan; Kelda; Cassia,4,Wrong,4 GolemController,4,wiped out,19,0,12,4,98
34,2026-09-26,06:17:14,2026-09-26_04-57,255,1,The Blade,Ulla; Quill; Talia; Rowan; Bertram,5,Wrong,4 GolemController,4,wiped out,23,0,19,5,98
35,2026-09-26,06:18:04,2026-09-26_04-57,255,1,The Needle,Hollis; Oswin; Neriah,3,Wrong,4 GolemController,4,wiped out,15,0,11,3,101
36,2026-09-26,06:36:26,2026-09-26_04-57,255,1,The Hammer,Selwyn; Cassia; Kelda; Wystan,4,Wrong,4 GolemController,4,wiped out,14,0,8,4,101
37,2026-09-26,06:48:00,2026-09-26_04-57,255,1,The Blade,Ulla; Quill; Talia; Bertram; Rowan,5,Wrong,4 GolemController,4,wiped out,27,0,36,5,101
38,2026-09-26,06:48:24,2026-09-26_04-57,255,1,The Needle,Hollis; Oswin; Neriah,3,Wrong,4 GolemController,4,wiped out,19,0,7,3,101
39,2026-09-26,07:06:56,2026-09-26_04-57,255,1,The Hammer,Cassia; Selwyn; Kelda; Wystan,4,Wrong,4 GolemController,4,wiped out,25,0,9,4,100
40,2026-09-26,07:10:29,2026-09-26_04-57,255,1,The Lantern,Ivo; Dain; Harlan; Elspeth,4,Wrong,4 GolemController,4,wiped out,27,0,11,4,100
41,2026-09-26,07:18:53,2026-09-26_04-57,255,1,The Blade,Bertram; Talia; Ulla; Quill; Rowan,5,Wrong,4 GolemController,4,wiped out,47,1,35,5,101
42,2026-09-26,07:19:16,2026-09-26_04-57,255,1,The Needle,Hollis; Oswin; Neriah,3,Wrong,4 GolemController,4,wiped out,18,0,4,3,95
43,2026-09-26,07:37:38,2026-09-26_04-57,255,1,The Hammer,Selwyn; Wystan; Cassia,3,Wrong,4 GolemController,4,wiped out,14,0,7,3,100
44,2026-09-26,07:41:12,2026-09-26_04-57,255,1,The Lantern,Dain; Harlan; Ivo; Elspeth,4,Wrong,4 GolemController,4,wiped out,29,0,11,4,99
45,2026-09-26,07:49:54,2026-09-26_04-57,255,1,The Blade,Quill; Ulla; Bertram; Talia; Rowan,5,Wrong,4 GolemController,4,wiped out,36,0,47,5,102
46,2026-09-26,07:50:14,2026-09-26_04-57,255,1,The Needle,Hollis; Oswin; Neriah,3,Wrong,4 GolemController,4,wiped out,15,0,4,3,101
47,2026-09-26,08:08:15,2026-09-26_04-57,255,1,The Hammer,Selwyn; Cassia; Wystan,3,Wrong,4 GolemController,4,wiped out,23,0,10,3,100
48,2026-09-26,08:11:48,2026-09-26_04-57,255,1,The Lantern,Dain; Ivo; Harlan; Elspeth,4,Wrong,4 GolemController,4,wiped out,27,0,16,4,97
49,2026-09-26,08:20:44,2026-09-26_04-57,255,1,The Blade,Talia; Quill; Ulla; Rowan,4,Wrong,4 GolemController,4,wiped out,21,0,15,4,99
50,2026-09-26,08:21:03,2026-09-26_04-57,255,1,The Needle,Garrow; Neriah; Oswin; Hollis,4,Wrong,4 GolemController,4,wiped out,14,0,2,4,100
51,2026-09-26,08:38:59,2026-09-26_04-57,255,1,The Hammer,Selwyn; Cassia; Wystan,3,Wrong,4 GolemController,4,wiped out,18,0,7,3,97
52,2026-09-26,08:42:38,2026-09-26_04-57,255,1,The Lantern,Dain; Elspeth; Ivo; Harlan,4,Wrong,4 GolemController,4,wiped out,33,0,14,4,95
53,2026-09-26,08:51:09,2026-09-26_04-57,255,1,The Blade,Rowan; Quill; Talia; Ulla,4,Wrong,4 GolemController,4,wiped out,25,0,10,4,100
54,2026-09-26,08:51:38,2026-09-26_04-57,255,1,The Needle,Garrow; Oswin; Neriah; Hollis,4,Wrong,4 GolemController,4,wiped out,24,0,5,4,97
55,2026-09-26,09:09:41,2026-09-26_04-57,255,1,The Hammer,Torvin; Selwyn; Cassia; Wystan,4,Wrong,4 GolemController,4,wiped out,25,0,26,4,100
56,2026-09-26,09:10:39,2026-09-26_04-57,255,1,The Crown,Jorunn; Brannoc; Corwin,3,Wrong,4 GolemController,4,wiped out,23,0,15,3,101
57,2026-09-26,09:13:08,2026-09-26_04-57,255,1,The Lantern,Dain; Harlan; Ivo; Elspeth,4,Wrong,4 GolemController,4,wiped out,24,0,28,4,101
58,2026-09-26,09:21:24,2026-09-26_04-57,255,1,The Blade,Quill; Talia; Vance,3,Wrong,4 GolemController,4,wiped out,10,0,4,3,100
59,2026-09-26,09:22:26,2026-09-26_04-57,255,1,The Needle,Isolde; Kestrel; Hollis; Oswin; Neriah,5,Wrong,4 GolemController,4,wiped out,27,0,13,5,100
60,2026-09-26,09:40:37,2026-09-26_04-57,255,1,The Hammer,Torvin; Cassia; Selwyn; Quenna,4,Wrong,4 GolemController,4,wiped out,33,0,27,4,101
61,2026-09-26,09:41:12,2026-09-26_04-57,255,1,The Crown,Jorunn; Yarrow; Fenna; Wynn; Brannoc,5,Wrong,4 GolemController,4,wiped out,30,0,22,5,101
62,2026-09-26,09:43:44,2026-09-26_04-57,255,1,The Lantern,Dain; Pell; Harlan; Elspeth; Ivo,5,Wrong,4 GolemController,4,wiped out,27,0,6,5,100
63,2026-09-26,09:52:16,2026-09-26_04-57,255,1,The Blade,Quill; Aric; Vance; Maeve,4,Wrong,4 GolemController,4,wiped out,26,0,28,4,101
64,2026-09-26,09:53:10,2026-09-26_04-57,255,1,The Needle,Oswin; Kestrel; Garrow,3,Wrong,4 GolemController,4,wiped out,19,0,7,3,100
65,2026-09-26,10:11:09,2026-09-26_04-57,255,1,The Hammer,Ulwin; Quenna; Torvin,3,Wrong,4 GolemController,4,wiped out,21,0,14,3,100
66,2026-09-26,10:11:41,2026-09-26_04-57,255,1,The Crown,Jorunn; Wynn; Fenna,3,Wrong,4 GolemController,4,wiped out,27,1,37,3,100
67,2026-09-26,10:14:17,2026-09-26_04-57,255,1,The Lantern,Isolde; Yarrow; Delwyn; Dain; Corwin,5,Wrong,4 GolemController,4,wiped out,31,0,17,5,99
68,2026-09-26,10:23:12,2026-09-26_04-57,255,1,The Blade,Quill; Vance; Rowan; Talia; Perri,5,Wrong,4 GolemController,4,wiped out,49,0,20,5,99
69,2026-09-26,10:23:44,2026-09-26_04-57,255,1,The Needle,Kestrel; Garrow; Oswin; Neriah,4,Wrong,4 GolemController,4,wiped out,27,0,24,4,99
70,2026-09-26,10:41:27,2026-09-26_10-41,256,1,The Hammer,Ulwin; Quenna; Torvin,3,Wrong,4 GolemController,4,wiped out,17,0,6,3,100
71,2026-09-26,10:42:25,2026-09-26_10-41,256,1,The Crown,Jorunn; Wynn; Fenna,3,Wrong,4 GolemController,4,wiped out,23,0,13,3,95
72,2026-09-26,10:44:58,2026-09-26_10-41,256,1,The Lantern,Yarrow; Delwyn; Hollis; Ivo; Dain,5,Wrong,4 GolemController,4,wiped out,27,1,39,5,98
73,2026-09-26,10:54:05,2026-09-26_10-41,256,1,The Blade,Quill; Rowan; Talia; Aric; Ulla,5,Wrong,4 GolemController,4,wiped out,32,0,14,5,101
74,2026-09-26,10:54:32,2026-09-26_10-41,256,1,The Needle,Garrow; Kestrel; Neriah; Oswin,4,Wrong,4 GolemController,4,wiped out,21,0,28,4,96
75,2026-09-26,11:12:02,2026-09-26_10-41,256,1,The Hammer,Ronan; Quenna; Ulwin; Torvin,4,Wrong,4 GolemController,4,wiped out,24,0,7,4,100
76,2026-09-26,11:13:10,2026-09-26_10-41,256,1,The Crown,Emrys; Jorunn; Wynn; Leofric; Fenna,5,Wrong,4 GolemController,4,wiped out,32,0,11,5,102
77,2026-09-26,11:15:51,2026-09-26_10-41,256,1,The Lantern,Dain; Harlan; Delwyn; Hollis; Elspeth,5,Wrong,4 GolemController,4,wiped out,36,1,44,5,100
78,2026-09-26,11:24:57,2026-09-26_10-41,256,1,The Blade,Ulla; Talia; Perri; Quill; Vesna,5,Wrong,4 GolemController,4,wiped out,29,0,22,5,82
79,2026-09-26,11:25:28,2026-09-26_10-41,256,1,The Needle,Kestrel; Garrow; Marek; Oswin; Neriah,5,Wrong,4 GolemController,4,wiped out,26,0,38,5,100
80,2026-09-26,11:42:37,2026-09-26_10-41,256,1,The Hammer,Sable; Ulwin; Torvin; Ronan; Quenna,5,Wrong,4 GolemController,4,wiped out,30,0,26,5,98
81,2026-09-26,11:44:00,2026-09-26_10-41,256,1,The Crown,Wynn; Leofric; Fenna; Emrys; Jorunn,5,Wrong,4 GolemController,4,wiped out,48,2,62,5,97
82,2026-09-26,11:46:36,2026-09-26_11-45,257,1,The Lantern,Hollis; Delwyn; Brannoc; Corwin; Harlan,5,Wrong,4 GolemController,4,wiped out,39,0,23,5,98
83,2026-09-26,11:55:47,2026-09-26_11-45,257,1,The Blade,Ulla; Vance; Aric; Perri; Talia,5,Wrong,4 GolemController,4,wiped out,35,0,37,5,101
84,2026-09-26,11:56:17,2026-09-26_11-45,257,1,The Needle,Marek; Kestrel; Garrow; Oswin,4,Wrong,4 GolemController,4,wiped out,25,0,11,4,100
85,2026-09-26,12:13:31,2026-09-26_11-45,257,1,The Hammer,Sable; Ulwin; Quenna; Torvin; Ronan,5,Wrong,4 GolemController,4,wiped out,36,0,4,5,98
86,2026-09-26,12:14:40,2026-09-26_11-45,257,1,The Crown,Emrys; Fenna; Neriah; Wynn; Jorunn,5,Wrong,4 GolemController,4,wiped out,34,0,35,5,100
87,2026-09-26,12:17:22,2026-09-26_11-45,257,1,The Lantern,Dain; Hollis; Ivo; Brannoc; Delwyn,5,Wrong,4 GolemController,4,wiped out,36,1,56,5,100
88,2026-09-26,12:26:31,2026-09-26_11-45,257,1,The Blade,Ulla; Vance; Aric; Perri; Talia,5,Wrong,4 GolemController,4,wiped out,33,1,63,5,100
89,2026-09-26,12:26:50,2026-09-26_11-45,257,1,The Needle,Marek; Kestrel; Garrow,3,Wrong,4 GolemController,4,wiped out,14,0,12,3,100
90,2026-09-26,12:44:34,2026-09-26_11-45,257,1,The Hammer,Torvin; Ronan; Ulwin; Quenna; Sable,5,Wrong,4 GolemController,4,wiped out,35,0,7,5,100
91,2026-09-26,12:45:42,2026-09-26_11-45,257,1,The Crown,Wynn; Jorunn; Marek; Kestrel; Fenna,5,Wrong,4 GolemController,4,wiped out,33,0,34,5,100
92,2026-09-26,12:48:19,2026-09-26_11-45,257,1,The Lantern,Dain; Hollis; Brannoc; Yarrow; Delwyn,5,Wrong,4 GolemController,4,wiped out,32,1,38,5,98
93,2026-09-26,12:57:36,2026-09-26_11-45,257,1,The Blade,Ulla; Vance; Quill; Aric; Perri,5,Wrong,4 GolemController,4,cleared,40,4,100,3,79
94,2026-09-26,12:58:03,2026-09-26_11-45,257,1,The Blade,Ulla; Quill; Aric; Vance; Talia,5,Despise,5 OgreLord,5,wiped out,23,0,5,5,101
95,2026-09-26,13:15:22,2026-09-26_13-10,258,1,The Hammer,Torvin; Ronan; Quenna; Ulwin; Sable,5,Wrong,4 GolemController,4,wiped out,27,0,5,5,101
96,2026-09-26,13:17:09,2026-09-26_13-16,259,1,The Crown,Wynn; Jorunn; Kestrel; Marek; Leofric,5,Wrong,4 GolemController,4,wiped out,21,0,19,5,100
97,2026-09-26,13:19:09,2026-09-26_13-16,259,1,The Lantern,Yarrow; Delwyn; Isolde; Lorcan; Harlan,5,Wrong,4 GolemController,4,wiped out,25,0,24,5,101
98,2026-09-26,13:28:39,2026-09-26_13-16,259,1,The Blade,Perri; Ulla; Quill; Aric; Talia,5,Despise,5 OgreLord,5,wiped out,23,0,3,5,100
99,2026-09-26,13:46:17,2026-09-26_13-16,259,1,The Hammer,Ulwin; Cassia; Ronan; Torvin; Sable,5,Wrong,4 GolemController,4,wiped out,30,0,24,5,99
100,2026-09-26,13:48:00,2026-09-26_13-16,259,1,The Crown,Wynn; Jorunn; Marek; Kestrel; Fenna,5,Wrong,4 GolemController,4,wiped out,38,0,40,5,99
101,2026-09-26,13:50:15,2026-09-26_13-16,259,1,The Lantern,Dain; Harlan; Yarrow; Delwyn; Isolde,5,Wrong,4 GolemController,4,wiped out,39,1,89,5,101
102,2026-09-26,13:59:28,2026-09-26_13-16,259,1,The Blade,Quill; Aric; Perri; Talia; Ulla,5,Despise,5 OgreLord,5,wiped out,37,0,3,5,101
103,2026-09-26,14:17:08,2026-09-26_14-11,261,1,The Hammer,Ulwin; Ronan; Torvin; Sable; Quenna,5,Wrong,4 GolemController,4,wiped out,33,0,25,5,79
104,2026-09-26,14:18:46,2026-09-26_14-11,261,1,The Crown,Wynn; Jorunn; Fenna; Marek; Kestrel,5,Wrong,4 GolemController,4,wiped out,34,1,66,5,98
105,2026-09-26,14:20:52,2026-09-26_14-11,261,1,The Lantern,Dain; Harlan; Yarrow; Lorcan; Isolde,5,Wrong,4 GolemController,4,wiped out,31,1,35,5,101
106,2026-09-26,14:30:03,2026-09-26_14-25,262,1,The Blade,Perri; Vance; Ulla; Quill; Talia,5,Despise,5 OgreLord,5,wiped out,34,0,6,5,101
107,2026-09-26,14:47:41,2026-09-26_14-32,263,1,The Hammer,Ulwin; Torvin; Ronan; Cassia; Wystan,5,Wrong,4 GolemController,4,wiped out,31,1,50,5,81
108,2026-09-26,14:50:01,2026-09-26_14-32,263,1,The Crown,Wynn; Fenna; Jorunn; Marek; Kestrel,5,Wrong,4 GolemController,4,wiped out,44,1,36,5,99
109,2026-09-26,14:51:31,2026-09-26_14-32,263,1,The Lantern,Dain; Yarrow; Ysolt; Isolde; Lorcan,5,Wrong,4 GolemController,4,cleared,25,4,100,1,50
110,2026-09-26,14:52:00,2026-09-26_14-32,263,1,The Lantern,Yarrow; Ysolt; Isolde; Lorcan; Dain,5,Despise,5 OgreLord,5,wiped out,24,0,6,5,101
111,2026-09-26,14:58:45,2026-09-26_14-32,263,1,The Blade,Perri; Quill; Aric; Vance; Ulla,5,Wrong,4 GolemController,4,wiped out,39,0,34,5,101
112,2026-09-26,15:19:01,2026-09-26_15-18,264,1,The Hammer,Torvin; Sable; Ulwin; Ronan; Kelda,5,Wrong,4 GolemController,4,wiped out,25,0,20,5,80
113,2026-09-26,15:20:30,2026-09-26_15-18,264,1,The Crown,Leofric; Emrys; Marek; Kestrel,4,Wrong,4 GolemController,4,wiped out,24,0,35,4,101
114,2026-09-26,15:22:24,2026-09-26_15-18,264,1,The Lantern,Yarrow; Delwyn; Lorcan; Ysolt; Isolde,5,Despise,5 OgreLord,5,wiped out,19,0,1,5,80
115,2026-09-26,15:29:34,2026-09-26_15-18,264,1,The Blade,Perri; Aric; Vance; Vesna; Jarek,5,Wrong,4 GolemController,4,wiped out,34,0,30,5,100
