date,time,session,build,bot,class,x,y,z,dungeon_side,dungeon,killer,killer_might,formula_power_at_death
2026-09-26,01:16:39,2026-09-26_01-08,233,Vesna,WarriorMage,5298,1317,0,1,the Orc Caves,Corpser,2607,2065
2026-09-26,01:17:41,2026-09-26_01-08,233,Ronan,WarriorMage,5322,1307,0,1,the Orc Caves,OrcishLord,1665,2065
2026-09-26,01:17:46,2026-09-26_01-08,233,Bryn,Crafter,5334,1347,0,1,the Orc Caves,DireWolf,1554,338
2026-09-26,01:18:18,2026-09-26_01-08,233,Hollis,Archer,5307,1353,0,1,the Orc Caves,OrcishLord,1476,302
2026-09-26,01:26:38,2026-09-26_01-08,233,Selwyn,WarriorMage,5347,1331,0,1,the Orc Caves,OrcishLord,1647,2094
2026-09-26,01:28:42,2026-09-26_01-08,233,Wynn,Warrior,5347,1331,0,1,the Orc Caves,OrcBomber,738,352
2026-09-26,01:28:48,2026-09-26_01-08,233,Torvin,Warrior,5299,1319,0,1,the Orc Caves,Corpser,2690,338
2026-09-26,01:37:38,2026-09-26_01-35,234,Hale,Brawler,1232,2050,0,0,,GiantSpider,702,364
2026-09-26,01:40:09,2026-09-26_01-35,234,Selwyn,WarriorMage,5332,1342,0,1,the Orc Caves,DireWolf,1610,2094
2026-09-26,01:41:50,2026-09-26_01-35,234,Oswin,Healer,5340,1360,0,1,the Orc Caves,nobody known,,9857
2026-09-26,01:42:01,2026-09-26_01-35,234,Jarek,Mage,1370,1492,10,0,,Wraith,3277,1829
2026-09-26,01:44:03,2026-09-26_01-42,235,Torvin,Warrior,5826,534,0,1,Wrong,JukaMage,11829,6037
2026-09-26,01:45:08,2026-09-26_01-42,235,Torvin,Warrior,5797,543,10,1,Wrong,Golem,5698,6037
2026-09-26,01:53:43,2026-09-26_01-48,237,Ronan,WarriorMage,5340,1360,0,1,the Orc Caves,nobody known,,9388
2026-09-26,01:54:20,2026-09-26_01-48,237,Jarek,Mage,5849,557,15,1,Wrong,JukaLord,4587,1858
2026-09-26,01:59:21,2026-09-26_01-55,238,Jarek,Mage,5801,576,10,1,Wrong,JukaLord,4576,10493
2026-09-26,01:59:49,2026-09-26_01-55,238,Ronan,WarriorMage,5802,577,10,1,Wrong,JukaLord,4576,10498
2026-09-26,02:00:49,2026-09-26_01-55,238,Ulwin,WarriorMage,5293,1318,0,1,the Orc Caves,Corpser,2805,9170
2026-09-26,02:01:14,2026-09-26_01-55,238,Delwyn,Archer,5661,574,20,1,Wrong,JukaLord,5203,338
2026-09-26,02:01:53,2026-09-26_01-55,238,Garrow,Archer,5335,1340,0,1,the Orc Caves,DireWolf,1582,335
2026-09-26,02:07:55,2026-09-26_02-05,239,Selwyn,WarriorMage,5798,544,10,1,Wrong,Golem,5698,11723
2026-09-26,02:09:19,2026-09-26_02-05,239,Selwyn,WarriorMage,5791,548,10,1,Wrong,GolemController,8430,11723
2026-09-26,02:09:47,2026-09-26_02-05,239,Quenna,Healer,5829,521,0,1,Wrong,"Quenna, one of ours",1001,5249
2026-09-26,02:10:05,2026-09-26_02-05,239,Ysolt,WarriorArcher,5829,533,0,1,Wrong,"Ysolt, one of ours",329,2167
2026-09-26,02:10:05,2026-09-26_02-05,239,Kelda,Mage,5791,549,10,1,Wrong,Golem,5772,11844
2026-09-26,02:10:11,2026-09-26_02-05,239,Neriah,Mage,5293,1316,0,1,the Orc Caves,OrcishLord,1746,9186
2026-09-26,02:10:14,2026-09-26_02-05,239,Sable,Warrior,5830,526,0,1,Wrong,"Sable, one of ours",357,2196
2026-09-26,02:10:17,2026-09-26_02-05,239,Quenna,Healer,5835,528,0,1,Wrong,nobody known,,1001
2026-09-26,02:10:24,2026-09-26_02-05,239,Ulwin,WarriorMage,5790,548,10,1,Wrong,Golem,5772,11900
2026-09-26,02:12:14,2026-09-26_02-10,240,Jarek,Mage,5855,560,15,1,Wrong,JukaLord,4587,8161
2026-09-26,02:12:54,2026-09-26_02-10,240,Kelda,Mage,5854,566,15,1,Wrong,JukaLord,4587,8175
2026-09-26,02:13:56,2026-09-26_02-10,240,Quill,Warrior,5851,588,15,1,Wrong,JukaWarrior,2368,380
2026-09-26,02:17:00,2026-09-26_02-10,240,Wystan,WarriorArcher,5795,547,10,1,Wrong,GolemController,8602,410
2026-09-26,02:23:11,2026-09-26_02-20,242,Hale,Brawler,5331,1349,0,1,the Orc Caves,DireWolf,1680,8652
2026-09-26,02:23:59,2026-09-26_02-20,242,Wystan,WarriorArcher,1462,1987,0,0,,Bull,566,410
2026-09-26,02:24:26,2026-09-26_02-20,242,Torvin,Warrior,5329,1349,0,1,the Orc Caves,DireWolf,1568,6754
2026-09-26,02:32:06,2026-09-26_02-29,244,Lorcan,Mage,5347,1327,0,1,the Orc Caves,OrcishLord,1701,8601
2026-09-26,02:34:21,2026-09-26_02-33,245,Neriah,Mage,1422,1264,0,0,,Troll,2222,6317
2026-09-26,02:40:44,2026-09-26_02-33,245,Yarrow,Warrior,5312,1313,0,1,the Orc Caves,OrcishLord,1800,400
2026-09-26,02:41:07,2026-09-26_02-33,245,Selwyn,WarriorMage,5340,1360,0,1,the Orc Caves,nobody known,,10478
2026-09-26,02:47:11,2026-09-26_02-42,246,Emrys,Archer,5291,1313,0,1,the Orc Caves,Corpser,2937,8462
2026-09-26,02:49:36,2026-09-26_02-42,246,Yarrow,Warrior,5340,1360,0,1,the Orc Caves,nobody known,,7139
2026-09-26,02:56:52,2026-09-26_02-42,246,Wystan,WarriorArcher,5305,1354,0,1,the Orc Caves,OrcishLord,1458,410
2026-09-26,02:57:48,2026-09-26_02-42,246,Vesna,WarriorMage,5301,1310,0,1,the Orc Caves,nobody known,,8660
2026-09-26,03:01:02,2026-09-26_02-42,246,Ysolt,WarriorArcher,5302,1308,0,1,the Orc Caves,OrcishLord,1566,5748
2026-09-26,03:01:54,2026-09-26_02-42,246,Yarrow,Warrior,5307,1342,0,1,the Orc Caves,nobody known,,3484
2026-09-26,03:17:11,2026-09-26_02-42,246,Talia,WarriorMage,1267,1478,0,0,,GrizzlyBear,1470,7502
2026-09-26,03:22:47,2026-09-26_02-42,246,Maeve,Mage,1787,1517,0,0,,Ogre,1800,1926
2026-09-26,03:35:28,2026-09-26_03-26,247,Hale,Brawler,5324,1306,0,1,the Orc Caves,OrcishMage,5052,9718
2026-09-26,03:39:40,2026-09-26_03-26,247,Torvin,Warrior,5339,1339,0,1,the Orc Caves,DireWolf,1456,350
2026-09-26,03:51:03,2026-09-26_03-45,250,Sable,Warrior,5303,1324,0,1,the Orc Caves,nobody known,,6554
2026-09-26,04:08:36,2026-09-26_04-07,251,Talia,WarriorMage,5304,1317,0,1,the Orc Caves,OrcBomber,918,2201
2026-09-26,04:09:22,2026-09-26_04-07,251,Maeve,Mage,5334,1372,0,1,the Orc Caves,Orc,696,1968
2026-09-26,04:09:52,2026-09-26_04-07,251,Rowan,Warrior,5301,1359,0,1,the Orc Caves,OrcishLord,1629,497
2026-09-26,04:11:00,2026-09-26_04-07,251,Cassia,WarriorArcher,5303,1315,0,1,the Orc Caves,OrcBomber,918,4086
2026-09-26,04:11:01,2026-09-26_04-07,251,Alden,Crafter,5301,1314,0,1,the Orc Caves,OrcishMage,6230,324
2026-09-26,04:11:02,2026-09-26_04-07,251,Elspeth,Archer,5340,1360,0,1,the Orc Caves,nobody known,,7532
2026-09-26,04:11:40,2026-09-26_04-07,251,Elspeth,Archer,5327,1364,0,1,the Orc Caves,OrcBomber,904,302
2026-09-26,04:12:04,2026-09-26_04-07,251,Elspeth,Archer,5324,1360,0,1,the Orc Caves,nobody known,,7532
2026-09-26,04:12:13,2026-09-26_04-07,251,Brannoc,Archer,5321,1362,0,1,the Orc Caves,OrcBomber,904,347
2026-09-26,04:18:08,2026-09-26_04-15,252,Alden,Crafter,1223,1403,0,0,,Troll,2013,360
2026-09-26,04:19:41,2026-09-26_04-15,252,Maeve,Mage,5296,1311,0,1,the Orc Caves,OrcishLord,1728,11294
2026-09-26,04:40:18,2026-09-26_04-31,254,Oswin,Healer,5302,1352,0,1,the Orc Caves,OrcishLord,1710,1062
2026-09-26,04:46:32,2026-09-26_04-31,254,Quill,Warrior,5300,1353,0,1,the Orc Caves,OrcishLord,1710,452
2026-09-26,05:37:56,2026-09-26_04-57,255,Dain,Warrior,5297,1351,0,1,the Orc Caves,OrcishLord,1845,3748
2026-09-26,05:38:01,2026-09-26_04-57,255,Talia,WarriorMage,5297,1351,0,1,the Orc Caves,OrcishLord,1845,5576
2026-09-26,05:47:34,2026-09-26_04-57,255,Dain,Warrior,5340,1360,0,1,the Orc Caves,nobody known,,7868
2026-09-26,05:48:18,2026-09-26_04-57,255,Oswin,Healer,5348,1328,0,1,the Orc Caves,OrcishLord,1809,7854
2026-09-26,05:51:59,2026-09-26_04-57,255,Dain,Warrior,5356,1303,0,1,the Orc Caves,OrcBomber,716,6866
2026-09-26,06:02:04,2026-09-26_04-57,255,Neriah,Mage,5340,1360,0,1,the Orc Caves,nobody known,,8249
2026-09-26,06:10:07,2026-09-26_04-57,255,Hollis,Archer,5331,1370,0,1,the Orc Caves,Orc,672,310
2026-09-26,06:23:31,2026-09-26_04-57,255,Neriah,Mage,5291,1316,0,1,the Orc Caves,OrcishLord,1449,7214
2026-09-26,06:42:41,2026-09-26_04-57,255,Hollis,Archer,5291,1314,0,1,the Orc Caves,Corpser,2854,8824
2026-09-26,06:50:23,2026-09-26_04-57,255,Oswin,Healer,5332,1344,0,1,the Orc Caves,DireWolf,1512,1062
2026-09-26,07:04:53,2026-09-26_04-57,255,Joss,Gatherer,1803,1295,0,0,,Ettin,1872,6169
2026-09-26,07:13:44,2026-09-26_04-57,255,Ivo,WarriorMage,5340,1360,0,1,the Orc Caves,nobody known,,11545
2026-09-26,07:29:35,2026-09-26_04-57,255,Cassia,WarriorArcher,5330,1370,0,1,the Orc Caves,Orc,708,440
2026-09-26,07:36:10,2026-09-26_04-57,255,Hollis,Archer,5309,1316,0,1,the Orc Caves,OrcishMage,5715,394
2026-09-26,07:39:34,2026-09-26_04-57,255,Ivo,WarriorMage,5296,1311,0,1,the Orc Caves,Corpser,2706,9087
2026-09-26,07:49:09,2026-09-26_04-57,255,Oswin,Healer,5303,1317,0,1,the Orc Caves,OrcishMage,5331,9366
2026-09-26,07:50:56,2026-09-26_04-57,255,Gwendra,Gatherer,1240,1412,0,0,,GrizzlyBear,1386,369
2026-09-26,07:57:04,2026-09-26_04-57,255,Harlan,Warrior,5307,1316,0,1,the Orc Caves,OrcishMage,5420,342
2026-09-26,08:09:22,2026-09-26_04-57,255,Gerda,Sage,5354,1333,0,1,the Orc Caves,OrcishMage,5325,11221
2026-09-26,08:13:02,2026-09-26_04-57,255,Ulla,Warrior,5297,1310,0,1,the Orc Caves,OrcishLord,1458,603
2026-09-26,08:14:26,2026-09-26_04-57,255,Neriah,Mage,5329,1339,0,1,the Orc Caves,DireWolf,1652,9676
2026-09-26,08:16:21,2026-09-26_04-57,255,Oswin,Healer,5329,1338,0,1,the Orc Caves,DireWolf,1652,1078
2026-09-26,08:19:30,2026-09-26_04-57,255,Brannoc,Archer,5292,1316,0,1,the Orc Caves,OrcishMage,5092,10184
2026-09-26,08:27:50,2026-09-26_04-57,255,Ulla,Warrior,5312,1342,0,1,the Orc Caves,nobody known,,9780
2026-09-26,08:30:01,2026-09-26_04-57,255,Gerda,Sage,5348,1331,0,1,the Orc Caves,OrcishMage,5037,9969
2026-09-26,08:31:09,2026-09-26_04-57,255,Brannoc,Archer,5340,1360,0,1,the Orc Caves,nobody known,,10246
2026-09-26,08:36:48,2026-09-26_04-57,255,Hollis,Archer,5340,1360,0,1,the Orc Caves,nobody known,,5066
2026-09-26,08:39:13,2026-09-26_04-57,255,Merrick,Gatherer,1435,2000,0,0,,Troll,2090,5472
2026-09-26,08:44:15,2026-09-26_04-57,255,Gerda,Sage,5309,1357,0,1,the Orc Caves,OrcishLord,1530,9391
2026-09-26,08:53:24,2026-09-26_04-57,255,Brannoc,Archer,5337,1342,0,1,the Orc Caves,DireWolf,1582,419
2026-09-26,08:56:30,2026-09-26_04-57,255,Gerda,Sage,5340,1360,0,1,the Orc Caves,nobody known,,9427
2026-09-26,08:58:57,2026-09-26_04-57,255,Neriah,Mage,5340,1360,0,1,the Orc Caves,nobody known,,9068
2026-09-26,09:38:47,2026-09-26_04-57,255,Harlan,Warrior,5340,1360,0,1,the Orc Caves,nobody known,,8462
2026-09-26,09:44:28,2026-09-26_04-57,255,Brannoc,Archer,5340,1360,0,1,the Orc Caves,nobody known,,8856
2026-09-26,09:47:18,2026-09-26_04-57,255,Fenna,Archer,5332,1349,0,1,the Orc Caves,DireWolf,1582,360
2026-09-26,10:01:59,2026-09-26_04-57,255,Isolde,Mage,5333,1348,0,1,the Orc Caves,DireWolf,1582,1903
2026-09-26,10:07:15,2026-09-26_04-57,255,Nessa,Gatherer,1183,1477,0,0,,"Yarrow, one of ours",1264,2305
2026-09-26,10:07:35,2026-09-26_04-57,255,Orin,Gatherer,1182,1476,0,0,,"Brannoc, one of ours",1874,414
2026-09-26,10:08:36,2026-09-26_04-57,255,Bryn,Crafter,1187,1491,0,0,,"Brannoc, one of ours",1874,437
2026-09-26,10:09:25,2026-09-26_04-57,255,Nessa,Gatherer,1193,1507,0,0,,"Dain, one of ours",1481,465
2026-09-26,10:10:20,2026-09-26_04-57,255,Vance,Warrior,1191,1519,0,0,,"Delwyn, one of ours",1795,390
2026-09-26,10:10:39,2026-09-26_04-57,255,Jarek,Mage,1192,1515,0,0,,"Brannoc, one of ours",1874,1887
2026-09-26,10:11:16,2026-09-26_04-57,255,Gerda,Sage,5295,1315,0,1,the Orc Caves,OrcishMage,6021,11556
2026-09-26,10:11:19,2026-09-26_04-57,255,Bertram,WarriorArcher,1230,1476,0,0,,"Dain, one of ours",1481,3765
2026-09-26,10:11:38,2026-09-26_04-57,255,Elspeth,Archer,1313,1401,0,0,,"Ulla, one of ours",1882,17749
2026-09-26,10:11:59,2026-09-26_04-57,255,Orin,Gatherer,1310,1403,0,0,,"Delwyn, one of ours",1795,12088
2026-09-26,10:12:25,2026-09-26_04-57,255,Delwyn,Archer,1318,1407,0,0,,"Rowan, one of ours",2091,13393
2026-09-26,10:12:34,2026-09-26_04-57,255,Dain,Warrior,1318,1406,0,0,,"Bertram, one of ours",1951,13604
2026-09-26,10:13:18,2026-09-26_04-57,255,Ysolt,WarriorArcher,1359,1467,10,0,,"Ulla, one of ours",1882,11537
2026-09-26,10:13:31,2026-09-26_04-57,255,Fendrel,Gatherer,1359,1466,10,0,,"Bertram, one of ours",1951,11856
2026-09-26,10:14:03,2026-09-26_04-57,255,Brannoc,Archer,1352,1438,10,0,,"Ulla, one of ours",1882,11773
2026-09-26,10:14:11,2026-09-26_04-57,255,Hollis,Archer,1364,1439,10,0,,"Vance, one of ours",1443,11030
2026-09-26,10:14:22,2026-09-26_04-57,255,Elspeth,Archer,1375,1432,10,0,,"Rowan, one of ours",2091,10280
2026-09-26,10:14:44,2026-09-26_04-57,255,Ivo,WarriorMage,1378,1430,10,0,,"Rowan, one of ours",2091,8747
2026-09-26,10:14:57,2026-09-26_04-57,255,Delwyn,Archer,1375,1437,10,0,,"Rowan, one of ours",2091,5193
2026-09-26,10:15:33,2026-09-26_04-57,255,Dain,Warrior,1308,1404,0,0,,"Alden, one of ours",1514,7193
2026-09-26,10:16:09,2026-09-26_04-57,255,Jarek,Mage,1210,1493,0,0,,"Fendrel, one of ours",1375,1917
2026-09-26,10:16:42,2026-09-26_04-57,255,Bryn,Crafter,1309,1404,0,0,,"Ivo, one of ours",3276,14489
2026-09-26,10:17:07,2026-09-26_04-57,255,Ysolt,WarriorArcher,1286,1419,0,0,,"Rowan, one of ours",2091,15282
2026-09-26,10:17:29,2026-09-26_04-57,255,Dain,Warrior,1286,1418,0,0,,"Vance, one of ours",1443,14079
2026-09-26,10:17:31,2026-09-26_04-57,255,Rowan,Warrior,1285,1418,0,0,,"Elspeth, one of ours",728,12616
2026-09-26,10:18:14,2026-09-26_04-57,255,Elspeth,Archer,1306,1343,0,0,,"Orin, one of ours",1840,13157
2026-09-26,10:18:33,2026-09-26_04-57,255,Fendrel,Gatherer,1306,1344,0,0,,"Bertram, one of ours",1951,11782
2026-09-26,10:18:49,2026-09-26_04-57,255,Ivo,WarriorMage,1306,1345,0,0,,"Rowan, one of ours",1927,10248
2026-09-26,10:19:08,2026-09-26_04-57,255,Jarek,Mage,1224,1479,0,0,,"Ysolt, one of ours",1789,1917
2026-09-26,10:19:32,2026-09-26_04-57,255,Delwyn,Archer,1245,1438,0,0,,"Nessa, one of ours",1739,9965
2026-09-26,10:19:37,2026-09-26_04-57,255,Brannoc,Archer,1242,1436,0,0,,"Vance, one of ours",1443,9244
2026-09-26,10:19:47,2026-09-26_04-57,255,Dain,Warrior,1244,1435,0,0,,"Talia, one of ours",3225,7956
2026-09-26,10:20:14,2026-09-26_04-57,255,Ysolt,WarriorArcher,1245,1429,0,0,,"Rowan, one of ours",1927,12419
2026-09-26,10:20:19,2026-09-26_04-57,255,Corwin,Archer,1253,1425,0,0,,"Bertram, one of ours",1951,10673
2026-09-26,10:20:30,2026-09-26_04-57,255,Elspeth,Archer,1248,1440,0,0,,"Vance, one of ours",1443,11161
2026-09-26,10:20:44,2026-09-26_04-57,255,Ivo,WarriorMage,1257,1439,0,0,,"Vance, one of ours",1443,8460
2026-09-26,10:20:50,2026-09-26_04-57,255,Hollis,Archer,1255,1434,0,0,,"Rowan, one of ours",1927,5946
2026-09-26,10:20:57,2026-09-26_04-57,255,Fendrel,Gatherer,1254,1435,0,0,,"Vance, one of ours",1443,4550
2026-09-26,10:22:54,2026-09-26_04-57,255,Vesna,WarriorMage,1422,1684,0,0,,"Dain, one of ours",1481,2138
2026-09-26,10:23:24,2026-09-26_04-57,255,Nessa,Gatherer,1193,1507,0,0,,"Fendrel, one of ours",1375,470
2026-09-26,10:24:10,2026-09-26_04-57,255,Yarrow,Warrior,1311,1415,0,0,,"Rowan, one of ours",1927,7166
2026-09-26,10:24:29,2026-09-26_04-57,255,Vesna,WarriorMage,1312,1413,0,0,,"Fendrel, one of ours",1375,14094
2026-09-26,10:24:43,2026-09-26_04-57,255,Gwendra,Gatherer,1311,1414,0,0,,"Ulla, one of ours",1905,5803
2026-09-26,10:25:17,2026-09-26_04-57,255,Elspeth,Archer,1305,1333,0,0,,"Vance, one of ours",1443,5101
2026-09-26,10:25:27,2026-09-26_04-57,255,Ysolt,WarriorArcher,1318,1330,0,0,,"Ulla, one of ours",1905,3228
2026-09-26,10:25:36,2026-09-26_04-57,255,Fendrel,Gatherer,1318,1330,0,0,,"Quill, one of ours",1611,1938
2026-09-26,10:25:49,2026-09-26_04-57,255,Harlan,Warrior,1318,1330,0,0,,"Ulla, one of ours",1905,342
2026-09-26,10:26:23,2026-09-26_04-57,255,Lorcan,Mage,1223,1482,0,0,,"Bryn, one of ours",1450,1838
2026-09-26,10:26:33,2026-09-26_04-57,255,Elspeth,Archer,1225,1469,0,0,,"Ulla, one of ours",1905,4819
2026-09-26,10:26:56,2026-09-26_04-57,255,Isolde,Mage,1270,1433,0,0,,"Vesna, one of ours",3038,1903
2026-09-26,10:27:16,2026-09-26_04-57,255,Ysolt,WarriorArcher,1259,1441,0,0,,"Vesna, one of ours",3038,5840
2026-09-26,10:27:36,2026-09-26_04-57,255,Fendrel,Gatherer,1258,1443,0,0,,"Rowan, one of ours",1927,4550
2026-09-26,10:27:45,2026-09-26_04-57,255,Lorcan,Mage,1269,1433,0,0,,"Ulla, one of ours",1905,1838
2026-09-26,10:27:54,2026-09-26_04-57,255,Harlan,Warrior,1268,1433,0,0,,"Vesna, one of ours",3038,2954
2026-09-26,10:28:56,2026-09-26_04-57,255,Isolde,Mage,1267,1433,0,0,,"Ulla, one of ours",1905,1903
2026-09-26,10:29:06,2026-09-26_04-57,255,Fendrel,Gatherer,1262,1443,0,0,,"Quill, one of ours",1611,5547
2026-09-26,10:29:21,2026-09-26_04-57,255,Ysolt,WarriorArcher,1262,1434,0,0,,"Nessa, one of ours",1739,3674
2026-09-26,10:29:29,2026-09-26_04-57,255,Elspeth,Archer,1262,1439,0,0,,"Rowan, one of ours",1927,3030
2026-09-26,10:29:39,2026-09-26_04-57,255,Lorcan,Mage,1268,1433,0,0,,"Quill, one of ours",1611,1838
2026-09-26,10:30:27,2026-09-26_04-57,255,Harlan,Warrior,1237,1485,0,0,,"Quill, one of ours",1611,6118
2026-09-26,10:30:40,2026-09-26_04-57,255,Fendrel,Gatherer,1236,1484,0,0,,"Vance, one of ours",1443,5547
2026-09-26,10:30:56,2026-09-26_04-57,255,Isolde,Mage,1267,1433,0,0,,"Ulla, one of ours",1905,1903
2026-09-26,10:31:09,2026-09-26_04-57,255,Ysolt,WarriorArcher,1260,1450,0,0,,"Quill, one of ours",1611,3674
2026-09-26,10:31:21,2026-09-26_04-57,255,Elspeth,Archer,1266,1455,0,0,,"Ulla, one of ours",1905,3030
2026-09-26,10:32:12,2026-09-26_04-57,255,Pell,Healer,1238,1538,0,0,,"Rowan, one of ours",1927,7638
2026-09-26,10:32:25,2026-09-26_04-57,255,Maeve,Mage,1223,1507,0,0,,"Harlan, one of ours",1520,1968
2026-09-26,10:32:27,2026-09-26_04-57,255,Delwyn,Archer,1235,1545,0,0,,"Vance, one of ours",1264,401
2026-09-26,10:37:11,2026-09-26_04-57,255,Pell,Healer,5316,1333,0,1,the Orc Caves,GiantRat,348,6831
2026-09-26,10:38:03,2026-09-26_04-57,255,Dain,Warrior,1308,1400,0,0,,"Quill, one of ours",1611,3960
2026-09-26,10:38:13,2026-09-26_04-57,255,Elspeth,Archer,1301,1390,0,0,,"Ulla, one of ours",1905,3030
2026-09-26,10:38:36,2026-09-26_04-57,255,Gwendra,Gatherer,1283,1425,0,0,,"Aric, one of ours",1816,1655
2026-09-26,10:39:14,2026-09-26_04-57,255,Delwyn,Archer,1297,1420,0,0,,"Ulla, one of ours",1905,2387
2026-09-26,10:39:23,2026-09-26_04-57,255,Fendrel,Gatherer,1293,1418,0,0,,"Bryn, one of ours",1450,1681
2026-09-26,10:39:33,2026-09-26_04-57,255,Dain,Warrior,1291,1417,0,0,,"Bryn, one of ours",1450,1900
2026-09-26,10:40:28,2026-09-26_04-57,255,Quill,Warrior,1313,1414,0,0,,"Yarrow, one of ours",1280,12219
2026-09-26,10:40:43,2026-09-26_04-57,255,Vesna,WarriorMage,1254,1507,0,0,,"Dain, one of ours",1500,7979
2026-09-26,10:41:28,2026-09-26_10-41,256,Corwin,Archer,5297,1310,0,1,the Orc Caves,"Talia, one of ours",3225,354
2026-09-26,10:41:42,2026-09-26_10-41,256,Aric,Archer,1376,1473,10,0,,"Delwyn, one of ours",1795,6489
2026-09-26,10:42:00,2026-09-26_10-41,256,Lorcan,Mage,1254,1477,0,0,,Lizardman,582,1838
2026-09-26,10:42:06,2026-09-26_10-41,256,Elspeth,Archer,1254,1506,0,0,,"Rowan, one of ours",1927,10483
2026-09-26,10:42:31,2026-09-26_10-41,256,Dain,Warrior,1252,1506,0,0,,"Rowan, one of ours",1927,11101
2026-09-26,10:42:39,2026-09-26_10-41,256,Harlan,Warrior,1255,1506,0,0,,"Perri, one of ours",1548,9963
2026-09-26,10:42:39,2026-09-26_10-41,256,Talia,WarriorMage,1255,1504,0,0,,"Fendrel, one of ours",1375,17995
2026-09-26,10:43:00,2026-09-26_10-41,256,Gwendra,Gatherer,1259,1502,0,0,,"Ulla, one of ours",1905,8664
2026-09-26,10:43:22,2026-09-26_10-41,256,Hollis,Archer,1255,1501,0,0,,"Ulla, one of ours",1905,7524
2026-09-26,10:43:39,2026-09-26_10-41,256,Pell,Healer,1239,1490,0,0,,"Quill, one of ours",1611,1011
2026-09-26,10:43:44,2026-09-26_10-41,256,Corwin,Archer,1238,1485,0,0,,"Quill, one of ours",1611,6779
2026-09-26,10:43:55,2026-09-26_10-41,256,Quill,Warrior,1264,1472,0,0,,"Delwyn, one of ours",1795,17695
2026-09-26,10:44:02,2026-09-26_10-41,256,Elspeth,Archer,1259,1466,0,0,,"Vance, one of ours",1264,7651
2026-09-26,10:44:07,2026-09-26_10-41,256,Nessa,Gatherer,1261,1469,0,0,,"Dain, one of ours",1500,17661
2026-09-26,10:44:20,2026-09-26_10-41,256,Harlan,Warrior,1259,1474,0,0,,"Vance, one of ours",1264,8904
2026-09-26,10:44:23,2026-09-26_10-41,256,Vesna,WarriorMage,1252,1471,0,0,,"Dain, one of ours",1500,16278
2026-09-26,10:44:42,2026-09-26_10-41,256,Orin,Gatherer,1257,1475,0,0,,"Delwyn, one of ours",1795,13837
2026-09-26,10:44:42,2026-09-26_10-41,256,Gwendra,Gatherer,1255,1475,0,0,,"Bryn, one of ours",1450,9520
2026-09-26,10:45:08,2026-09-26_10-41,256,Hollis,Archer,1256,1468,0,0,,"Rowan, one of ours",1927,7904
2026-09-26,10:45:32,2026-09-26_10-41,256,Talia,WarriorMage,1252,1482,0,0,,"Dain, one of ours",1500,14617
2026-09-26,10:45:33,2026-09-26_10-41,256,Ivo,WarriorMage,1252,1483,0,0,,"Ulla, one of ours",1905,2190
2026-09-26,10:45:52,2026-09-26_10-41,256,Maeve,Mage,1237,1522,0,0,,"Harlan, one of ours",1520,1968
2026-09-26,10:46:02,2026-09-26_10-41,256,Dain,Warrior,1239,1524,0,0,,"Nessa, one of ours",1739,9453
2026-09-26,10:46:14,2026-09-26_10-41,256,Pell,Healer,1247,1492,0,0,,"Rowan, one of ours",1927,1011
2026-09-26,10:46:29,2026-09-26_10-41,256,Jarek,Mage,5340,1360,0,1,the Orc Caves,nobody known,,9430
2026-09-26,10:46:38,2026-09-26_10-41,256,Gwendra,Gatherer,1242,1499,0,0,,"Vesna, one of ours",3081,13113
2026-09-26,10:46:54,2026-09-26_10-41,256,Ivo,WarriorMage,1239,1507,0,0,,"Vesna, one of ours",3081,11620
2026-09-26,10:47:07,2026-09-26_10-41,256,Hollis,Archer,1249,1499,0,0,,"Vesna, one of ours",3081,7924
2026-09-26,10:47:08,2026-09-26_10-41,256,Vesna,WarriorMage,1247,1499,0,0,,"Delwyn, one of ours",1795,17795
2026-09-26,10:47:26,2026-09-26_10-41,256,Fendrel,Gatherer,1251,1498,0,0,,"Alden, one of ours",1531,8017
2026-09-26,10:47:30,2026-09-26_10-41,256,Rowan,Warrior,1254,1494,0,0,,"Dain, one of ours",1500,15524
2026-09-26,10:52:39,2026-09-26_10-41,256,Bryn,Crafter,1290,1511,0,0,,"Harlan, one of ours",1520,443
2026-09-26,10:53:17,2026-09-26_10-41,256,Jarek,Mage,1283,1490,0,0,,"Hollis, one of ours",1915,1923
2026-09-26,10:53:40,2026-09-26_10-41,256,Aric,Archer,1283,1480,0,0,,"Hollis, one of ours",1915,10813
2026-09-26,10:54:33,2026-09-26_10-41,256,Perri,Warrior,1283,1479,0,0,,"Fendrel, one of ours",1390,393
2026-09-26,10:55:06,2026-09-26_10-41,256,Brannoc,Archer,1378,1379,0,0,,"Rowan, one of ours",1927,13520
2026-09-26,10:55:17,2026-09-26_10-41,256,Oswin,Healer,5302,1355,0,1,the Orc Caves,"Oswin, one of ours",1344,1344
2026-09-26,10:55:40,2026-09-26_10-41,256,Jarek,Mage,1283,1484,0,0,,"Hollis, one of ours",1915,1923
2026-09-26,10:55:49,2026-09-26_10-41,256,Delwyn,Archer,1278,1479,0,0,,"Ulla, one of ours",1928,14782
2026-09-26,10:56:19,2026-09-26_10-41,256,Ivo,WarriorMage,1271,1473,0,0,,"Ulla, one of ours",1928,13234
2026-09-26,10:56:34,2026-09-26_10-41,256,Talia,WarriorMage,1263,1476,0,0,,"Fendrel, one of ours",1390,14585
2026-09-26,10:56:52,2026-09-26_10-41,256,Bryn,Crafter,1260,1474,0,0,,"Corwin, one of ours",1748,15295
2026-09-26,10:56:57,2026-09-26_10-41,256,Fendrel,Gatherer,1261,1474,0,0,,"Nessa, one of ours",1739,13370
2026-09-26,10:57:12,2026-09-26_10-41,256,Elspeth,Archer,1263,1468,0,0,,"Rowan, one of ours",1927,12272
2026-09-26,10:57:28,2026-09-26_10-41,256,Ulla,Warrior,1261,1471,0,0,,"Dain, one of ours",1500,13551
2026-09-26,10:57:56,2026-09-26_10-41,256,Gwendra,Gatherer,1262,1472,0,0,,"Vance, one of ours",1276,9286
2026-09-26,10:57:58,2026-09-26_10-41,256,Hollis,Archer,1266,1471,0,0,,"Perri, one of ours",1432,9329
2026-09-26,10:58:03,2026-09-26_10-41,256,Dain,Warrior,1265,1474,0,0,,"Quill, one of ours",1611,9510
2026-09-26,10:58:11,2026-09-26_10-41,256,Harlan,Warrior,1262,1470,0,0,,"Vance, one of ours",1276,7697
2026-09-26,10:58:23,2026-09-26_10-41,256,Corwin,Archer,1267,1472,0,0,,"Rowan, one of ours",1927,10721
2026-09-26,10:58:30,2026-09-26_10-41,256,Delwyn,Archer,1266,1476,0,0,,"Nessa, one of ours",1739,8973
2026-09-26,10:58:37,2026-09-26_10-41,256,Vesna,WarriorMage,1272,1485,0,0,,"Yarrow, one of ours",1280,15093
2026-09-26,10:58:45,2026-09-26_10-41,256,Ivo,WarriorMage,1273,1485,0,0,,"Vance, one of ours",1276,9257
2026-09-26,10:59:03,2026-09-26_10-41,256,Fendrel,Gatherer,1274,1486,0,0,,"Perri, one of ours",1432,6062
2026-09-26,10:59:16,2026-09-26_10-41,256,Elspeth,Archer,1282,1496,0,0,,"Rowan, one of ours",1927,10544
2026-09-26,10:59:28,2026-09-26_10-41,256,Gwendra,Gatherer,1285,1499,0,0,,"Perri, one of ours",1432,9770
2026-09-26,10:59:29,2026-09-26_10-41,256,Talia,WarriorMage,1282,1505,0,0,,"Brannoc, one of ours",738,16760
2026-09-26,10:59:44,2026-09-26_10-41,256,Perri,Warrior,1279,1501,0,0,,"Dain, one of ours",1500,13353
2026-09-26,10:59:44,2026-09-26_10-41,256,Hollis,Archer,1278,1502,0,0,,"Vance, one of ours",1276,10829
2026-09-26,10:59:59,2026-09-26_10-41,256,Nessa,Gatherer,1278,1501,0,0,,"Corwin, one of ours",1748,13619
2026-09-26,11:00:02,2026-09-26_10-41,256,Ivo,WarriorMage,1277,1502,0,0,,"Vance, one of ours",1276,11482
2026-09-26,11:00:11,2026-09-26_10-41,256,Dain,Warrior,1278,1501,0,0,,"Alden, one of ours",1531,10546
2026-09-26,11:00:35,2026-09-26_10-41,256,Vesna,WarriorMage,1280,1498,0,0,,"Delwyn, one of ours",1795,15317
2026-09-26,11:00:54,2026-09-26_10-41,256,Delwyn,Archer,1281,1505,0,0,,"Orin, one of ours",1860,12363
2026-09-26,11:01:04,2026-09-26_10-41,256,Alden,Crafter,1279,1504,0,0,,"Fendrel, one of ours",1390,12056
2026-09-26,11:01:16,2026-09-26_10-41,256,Orin,Gatherer,1281,1503,0,0,,"Hollis, one of ours",1915,16593
2026-09-26,11:01:23,2026-09-26_10-41,256,Ivo,WarriorMage,1277,1501,0,0,,"Vance, one of ours",1276,14325
2026-09-26,11:01:34,2026-09-26_10-41,256,Harlan,Warrior,1278,1503,0,0,,"Perri, one of ours",1432,13548
2026-09-26,11:01:48,2026-09-26_10-41,256,Pell,Healer,1275,1493,0,0,,"Vance, one of ours",1276,1011
2026-09-26,11:02:04,2026-09-26_10-41,256,Elspeth,Archer,1267,1498,0,0,,"Vance, one of ours",1276,14740
2026-09-26,11:02:06,2026-09-26_10-41,256,Gwendra,Gatherer,1265,1497,0,0,,"Vance, one of ours",1276,13354
2026-09-26,11:02:07,2026-09-26_10-41,256,Nessa,Gatherer,1267,1499,0,0,,"Yarrow, one of ours",1280,11680
2026-09-26,11:02:15,2026-09-26_10-41,256,Brannoc,Archer,1268,1498,0,0,,"Ulla, one of ours",1928,11842
2026-09-26,11:02:30,2026-09-26_10-41,256,Bryn,Crafter,1269,1498,0,0,,"Hollis, one of ours",1915,443
2026-09-26,11:06:10,2026-09-26_10-41,256,Ivo,WarriorMage,5297,1320,0,1,the Orc Caves,Corpser,2788,12620
2026-09-26,11:06:54,2026-09-26_10-41,256,Corwin,Archer,1342,1511,10,0,,"Dain, one of ours",1500,1718
2026-09-26,11:07:21,2026-09-26_10-41,256,Jarek,Mage,5299,1320,0,1,the Orc Caves,"Ivo, one of ours",3374,9529
2026-09-26,11:09:37,2026-09-26_10-41,256,Fendrel,Gatherer,1287,1514,0,0,,"Nessa, one of ours",1758,422
2026-09-26,11:09:51,2026-09-26_10-41,256,Ivo,WarriorMage,5323,1333,0,1,the Orc Caves,"Ulla, one of ours",1928,2227
2026-09-26,11:12:16,2026-09-26_10-41,256,Jarek,Mage,5344,1341,0,1,the Orc Caves,"Ivo, one of ours",3374,9529
2026-09-26,11:12:45,2026-09-26_10-41,256,Delwyn,Archer,1297,1489,0,0,,"Orin, one of ours",1860,6842
2026-09-26,11:13:03,2026-09-26_10-41,256,Brannoc,Archer,1333,1504,10,0,,"Alden, one of ours",730,9169
2026-09-26,11:13:38,2026-09-26_10-41,256,Quill,Warrior,1362,1555,20,0,,"Yarrow, one of ours",1296,15297
2026-09-26,11:13:42,2026-09-26_10-41,256,Ivo,WarriorMage,5334,1336,0,1,the Orc Caves,"Neriah, one of ours",2924,2227
2026-09-26,11:13:43,2026-09-26_10-41,256,Dain,Warrior,1363,1559,20,0,,"Nessa, one of ours",1758,7409
2026-09-26,11:14:10,2026-09-26_10-41,256,Oswin,Healer,1278,1473,0,0,,"Fendrel, one of ours",1406,5537
2026-09-26,11:14:39,2026-09-26_10-41,256,Ulla,Warrior,5361,1333,0,1,the Orc Caves,nobody known,,11210
2026-09-26,11:15:11,2026-09-26_10-41,256,Garrow,Archer,1263,1466,0,0,,"Delwyn, one of ours",1795,5395
2026-09-26,11:15:42,2026-09-26_10-41,256,Pell,Healer,1261,1500,0,0,,"Vesna, one of ours",3081,4218
2026-09-26,11:15:44,2026-09-26_10-41,256,Alden,Crafter,1262,1501,0,0,,"Dain, one of ours",1500,15976
2026-09-26,11:16:00,2026-09-26_10-41,256,Orin,Gatherer,1263,1499,0,0,,"Dain, one of ours",1519,15747
2026-09-26,11:16:01,2026-09-26_10-41,256,Ivo,WarriorMage,1262,1498,0,0,,"Vesna, one of ours",3081,14302
2026-09-26,11:16:29,2026-09-26_10-41,256,Dain,Warrior,1333,1443,10,0,,"Perri, one of ours",1502,11183
2026-09-26,11:16:43,2026-09-26_10-41,256,Elspeth,Archer,1342,1442,10,0,,"Quill, one of ours",1631,9141
2026-09-26,11:17:03,2026-09-26_10-41,256,Delwyn,Archer,1360,1447,10,0,,"Rowan, one of ours",1927,7330
2026-09-26,11:18:28,2026-09-26_10-41,256,Nessa,Gatherer,1322,1532,1,0,,"Dain, one of ours",1519,17746
2026-09-26,11:18:42,2026-09-26_10-41,256,Fendrel,Gatherer,1324,1530,0,0,,"Orin, one of ours",1860,13366
2026-09-26,11:18:52,2026-09-26_10-41,256,Ysolt,WarriorArcher,1322,1533,2,0,,"Quill, one of ours",1631,12158
2026-09-26,11:19:04,2026-09-26_10-41,256,Alden,Crafter,1319,1530,1,0,,"Ivo, one of ours",3374,15915
2026-09-26,11:19:06,2026-09-26_10-41,256,Delwyn,Archer,1321,1529,0,0,,"Perri, one of ours",1502,10430
2026-09-26,11:19:18,2026-09-26_10-41,256,Dain,Warrior,1321,1532,2,0,,"Quill, one of ours",1631,10990
2026-09-26,11:19:46,2026-09-26_10-41,256,Hollis,Archer,1301,1511,0,0,,"Rowan, one of ours",1950,439
2026-09-26,11:20:04,2026-09-26_10-41,256,Fendrel,Gatherer,1306,1508,0,0,,"Vesna, one of ours",3123,10339
2026-09-26,11:20:10,2026-09-26_10-41,256,Quill,Warrior,1301,1505,0,0,,"Corwin, one of ours",1748,14377
2026-09-26,11:20:17,2026-09-26_10-41,256,Elspeth,Archer,1304,1499,0,0,,"Orin, one of ours",1860,11397
2026-09-26,11:20:34,2026-09-26_10-41,256,Oswin,Healer,1282,1509,0,0,,"Delwyn, one of ours",1795,1350
2026-09-26,11:21:25,2026-09-26_10-41,256,Nessa,Gatherer,1273,1492,0,0,,"Dain, one of ours",1519,16949
2026-09-26,11:21:37,2026-09-26_10-41,256,Dain,Warrior,1276,1492,0,0,,"Alden, one of ours",1798,13741
2026-09-26,11:21:54,2026-09-26_10-41,256,Orin,Gatherer,1269,1491,0,0,,"Fendrel, one of ours",1406,16137
2026-09-26,11:21:56,2026-09-26_10-41,256,Delwyn,Archer,1269,1490,0,0,,"Talia, one of ours",3225,14771
2026-09-26,11:22:23,2026-09-26_10-41,256,Hollis,Archer,1269,1488,0,0,,"Rowan, one of ours",1950,11757
2026-09-26,11:22:37,2026-09-26_10-41,256,Corwin,Archer,1273,1491,0,0,,"Quill, one of ours",1631,11076
2026-09-26,11:22:51,2026-09-26_10-41,256,Isolde,Mage,1327,1431,2,0,,"Vesna, one of ours",3123,1912
2026-09-26,11:23:53,2026-09-26_10-41,256,Dain,Warrior,1291,1501,0,0,,"Quill, one of ours",1631,13861
2026-09-26,11:24:07,2026-09-26_10-41,256,Perri,Warrior,1295,1503,0,0,,"Hollis, one of ours",1915,17080
2026-09-26,11:24:29,2026-09-26_10-41,256,Delwyn,Archer,1331,1432,7,0,,"Rowan, one of ours",1950,401
2026-09-26,11:25:52,2026-09-26_10-41,256,Dain,Warrior,1345,1435,10,0,,"Quill, one of ours",1631,5325
2026-09-26,11:26:15,2026-09-26_10-41,256,Aric,Archer,1347,1436,10,0,,"Ivo, one of ours",3374,428
2026-09-26,11:27:47,2026-09-26_10-41,256,Torvin,Warrior,5348,1333,0,1,the Orc Caves,OrcishMage,5095,9046
2026-09-26,11:30:06,2026-09-26_10-41,256,Kestrel,Archer,1249,1991,0,0,,Troll,2013,310
2026-09-26,11:31:00,2026-09-26_10-41,256,Jarek,Mage,5340,1360,0,1,the Orc Caves,nobody known,,10871
2026-09-26,11:32:18,2026-09-26_10-41,256,Corwin,Archer,1313,1439,0,0,,"Aric, one of ours",1842,4424
2026-09-26,11:32:54,2026-09-26_10-41,256,Fendrel,Gatherer,1322,1437,0,0,,"Nessa, one of ours",1758,4886
2026-09-26,11:32:59,2026-09-26_10-41,256,Maeve,Mage,5332,1341,0,1,the Orc Caves,DireWolf,1582,10902
2026-09-26,11:33:13,2026-09-26_10-41,256,Hollis,Archer,1323,1439,1,0,,"Aric, one of ours",1842,2983
2026-09-26,11:33:36,2026-09-26_10-41,256,Ysolt,WarriorArcher,1276,1452,0,0,,"Perri, one of ours",1502,4418
2026-09-26,11:33:48,2026-09-26_10-41,256,Harlan,Warrior,1289,1454,0,0,,"Rowan, one of ours",1950,1803
2026-09-26,11:34:03,2026-09-26_10-41,256,Brannoc,Archer,1291,1454,0,0,,"Talia, one of ours",3225,1132
2026-09-26,11:34:15,2026-09-26_10-41,256,Delwyn,Archer,1292,1454,0,0,,"Bertram, one of ours",1978,401
2026-09-26,11:34:30,2026-09-26_10-41,256,Corwin,Archer,1343,1432,10,0,,"Vesna, one of ours",3123,354
2026-09-26,11:35:13,2026-09-26_10-41,256,Neriah,Mage,5331,1340,0,1,the Orc Caves,DireWolf,1582,2033
2026-09-26,11:41:55,2026-09-26_10-41,256,Harlan,Warrior,5340,1360,0,1,the Orc Caves,nobody known,,6816
2026-09-26,11:43:03,2026-09-26_10-41,256,Isolde,Mage,1297,1463,0,0,,"Ulla, one of ours",1611,1912
2026-09-26,11:43:59,2026-09-26_10-41,256,Pell,Healer,1311,1463,0,0,,"Ulla, one of ours",1611,1011
2026-09-26,11:46:14,2026-09-26_11-45,257,Harlan,Warrior,5299,1309,0,1,the Orc Caves,"Perri, one of ours",1502,4870
2026-09-26,11:46:26,2026-09-26_11-45,257,Hollis,Archer,5301,1307,0,1,the Orc Caves,"Perri, one of ours",1502,4747
2026-09-26,11:46:41,2026-09-26_11-45,257,Pell,Healer,1438,1468,0,0,,"Ulla, one of ours",1611,1011
2026-09-26,11:46:47,2026-09-26_11-45,257,Brannoc,Archer,5293,1317,0,1,the Orc Caves,"Vance, one of ours",1492,2832
2026-09-26,11:47:01,2026-09-26_11-45,257,Delwyn,Archer,5293,1317,0,1,the Orc Caves,"Perri, one of ours",1502,2101
2026-09-26,11:47:29,2026-09-26_11-45,257,Elspeth,Archer,1425,1364,0,0,,"Alden, one of ours",1413,417
2026-09-26,11:47:51,2026-09-26_11-45,257,Dain,Warrior,5310,1339,0,1,the Orc Caves,"Aric, one of ours",1842,9750
2026-09-26,11:48:05,2026-09-26_11-45,257,Isolde,Mage,5302,1329,0,1,the Orc Caves,"Perri, one of ours",1502,8271
2026-09-26,11:48:43,2026-09-26_11-45,257,Dain,Warrior,5296,1343,0,1,the Orc Caves,"Perri, one of ours",1502,2328
2026-09-26,11:49:14,2026-09-26_11-45,257,Delwyn,Archer,1466,1578,25,0,,"Ulla, one of ours",1611,401
2026-09-26,11:50:38,2026-09-26_11-45,257,Talia,WarriorMage,5318,1338,0,1,the Orc Caves,"Dain, one of ours",1519,2406
2026-09-26,11:51:52,2026-09-26_11-45,257,Pell,Healer,1251,1459,0,0,,"Aric, one of ours",1842,1011
2026-09-26,11:52:06,2026-09-26_11-45,257,Dain,Warrior,5308,1315,0,1,the Orc Caves,"Garrow, one of ours",1734,628
2026-09-26,11:52:58,2026-09-26_11-45,257,Elspeth,Archer,1182,1488,0,0,,"Rowan, one of ours",1950,417
2026-09-26,11:53:20,2026-09-26_11-45,257,Ysolt,WarriorArcher,1276,1500,0,0,,"Alden, one of ours",1413,334
2026-09-26,11:53:32,2026-09-26_11-45,257,Harlan,Warrior,1276,1496,0,0,,"Perri, one of ours",1502,351
2026-09-26,11:54:34,2026-09-26_11-45,257,Ivo,WarriorMage,1237,1461,0,0,,"Nessa, one of ours",816,9996
2026-09-26,11:54:48,2026-09-26_11-45,257,Ysolt,WarriorArcher,1269,1495,0,0,,"Vance, one of ours",1492,334
2026-09-26,11:55:10,2026-09-26_11-45,257,Lorcan,Mage,1252,1462,0,0,,"Vance, one of ours",1492,6932
2026-09-26,11:56:17,2026-09-26_11-45,257,Elspeth,Archer,1349,1523,4,0,,"Quill, one of ours",1631,11209
2026-09-26,11:58:41,2026-09-26_11-45,257,Gwendra,Gatherer,1239,1463,0,0,,"Garrow, one of ours",1734,400
2026-09-26,11:59:29,2026-09-26_11-45,257,Ivo,WarriorMage,1382,1591,30,0,,"Perri, one of ours",1502,2227
2026-09-26,11:59:55,2026-09-26_11-45,257,Delwyn,Archer,1228,1464,0,0,,"Garrow, one of ours",1734,401
2026-09-26,12:00:49,2026-09-26_11-45,257,Hollis,Archer,1239,1462,0,0,,"Garrow, one of ours",1734,439
2026-09-26,12:07:52,2026-09-26_11-45,257,Ulla,Warrior,1253,1461,0,0,,"Harlan, one of ours",1560,21956
2026-09-26,12:08:29,2026-09-26_11-45,257,Maeve,Mage,1253,1454,0,0,,"Corwin, one of ours",1748,2002
2026-09-26,12:08:31,2026-09-26_11-45,257,Pell,Healer,1327,1425,0,0,,"Nessa, one of ours",816,1011
2026-09-26,12:10:00,2026-09-26_11-45,257,Maeve,Mage,1253,1453,0,0,,"Dain, one of ours",1519,2002
2026-09-26,12:14:51,2026-09-26_11-45,257,Jarek,Mage,1281,1477,0,0,,"Dain, one of ours",1519,1953
2026-09-26,12:20:28,2026-09-26_11-45,257,Jarek,Mage,1283,1489,0,0,,"Dain, one of ours",1519,1953
2026-09-26,12:22:31,2026-09-26_11-45,257,Maeve,Mage,1267,1477,0,0,,"Corwin, one of ours",1748,2002
2026-09-26,12:25:41,2026-09-26_11-45,257,Isolde,Mage,5313,1310,0,1,the Orc Caves,OrcishMage,5697,1928
2026-09-26,12:34:19,2026-09-26_11-45,257,Ulwin,WarriorMage,5340,1360,0,1,the Orc Caves,nobody known,,9715
2026-09-26,12:41:11,2026-09-26_11-45,257,Ulwin,WarriorMage,5291,1316,0,1,the Orc Caves,Corpser,2871,9725
2026-09-26,12:46:01,2026-09-26_11-45,257,Maeve,Mage,1417,1542,30,0,,"Ysolt, one of ours",1789,2002
2026-09-26,12:51:22,2026-09-26_11-45,257,Maeve,Mage,1323,1416,0,0,,"Delwyn, one of ours",1795,2002
2026-09-26,13:08:57,2026-09-26_11-45,257,Jorunn,WarriorMage,5302,1314,0,1,the Orc Caves,OrcishLord,1611,10105
2026-09-26,13:09:33,2026-09-26_11-45,257,Ulwin,WarriorMage,5298,1320,0,1,the Orc Caves,Corpser,2607,13388
2026-09-26,13:11:52,2026-09-26_13-10,258,Nyla,Gatherer,1402,1972,0,0,,Troll,2057,1059
2026-09-26,13:17:22,2026-09-26_13-16,259,Isolde,Mage,1022,1363,0,0,,Ratman,518,1928
2026-09-26,13:17:23,2026-09-26_13-16,259,Nessa,Gatherer,5316,1371,0,1,the Orc Caves,Orc,660,480
2026-09-26,13:17:32,2026-09-26_13-16,259,Torvin,Warrior,5298,1319,0,1,the Orc Caves,OrcishMage,6265,559
2026-09-26,13:17:37,2026-09-26_13-16,259,Lorcan,Mage,1222,1396,0,0,,Orc,618,1884
2026-09-26,13:18:14,2026-09-26_13-16,259,Otho,Crafter,1281,2029,0,0,,Wisp,12190,338
2026-09-26,13:18:23,2026-09-26_13-16,259,Ronan,WarriorMage,5334,1324,0,1,the Orc Caves,DireWolf,1638,2114
2026-09-26,13:18:46,2026-09-26_13-16,259,Jarek,Mage,1356,1804,0,0,,Troll,2255,1953
2026-09-26,13:18:53,2026-09-26_13-16,259,Quill,Warrior,1729,1498,0,0,,Gargoyle,8439,7440
2026-09-26,13:18:54,2026-09-26_13-16,259,Neriah,Mage,1740,1488,0,0,,Gargoyle,8439,9082
2026-09-26,13:18:55,2026-09-26_13-16,259,Marek,Archer,1436,1357,0,0,,Harpy,642,328
2026-09-26,13:19:48,2026-09-26_13-16,259,Garrow,Archer,1759,1434,0,0,,Gargoyle,8439,340
2026-09-26,13:20:07,2026-09-26_13-16,259,Torvin,Warrior,1794,1423,0,0,,Gargoyle,8275,7442
2026-09-26,13:20:17,2026-09-26_13-16,259,Leofric,Archer,1866,1430,0,0,,BlackBear,588,306
2026-09-26,13:20:18,2026-09-26_13-16,259,Orin,Gatherer,1171,1392,0,0,,Ratman,459,9426
2026-09-26,13:20:41,2026-09-26_13-16,259,Talia,WarriorMage,5298,1299,0,1,the Orc Caves,OrcishLord,1476,8129
2026-09-26,13:20:49,2026-09-26_13-16,259,Ulwin,WarriorMage,5339,1337,0,1,the Orc Caves,OrcishLord,1494,2040
2026-09-26,13:20:52,2026-09-26_13-16,259,Otho,Crafter,1415,1886,0,0,,Ratman,482,338
2026-09-26,13:21:39,2026-09-26_13-16,259,Harlan,Warrior,868,1277,0,0,,Ratman,436,351
2026-09-26,13:22:11,2026-09-26_13-16,259,Lorcan,Mage,1075,1361,0,0,,Ratman,504,1884
2026-09-26,13:22:11,2026-09-26_13-16,259,Delwyn,Archer,1068,1923,0,0,,Skeleton,360,407
2026-09-26,13:22:15,2026-09-26_13-16,259,Sable,Warrior,1416,1535,27,0,,Spectre,3393,365
2026-09-26,13:22:34,2026-09-26_13-16,259,Neriah,Mage,1850,1327,0,0,,Orc,708,2152
2026-09-26,13:22:42,2026-09-26_13-16,259,Talia,WarriorMage,1178,1405,0,0,,"Dain, one of ours",1538,2406
2026-09-26,13:22:50,2026-09-26_13-16,259,Vance,Warrior,5303,1334,0,1,the Orc Caves,OrcishLord,1593,6141
2026-09-26,13:23:01,2026-09-26_13-16,259,Bryn,Crafter,1170,1385,0,0,,"Dain, one of ours",1538,9467
2026-09-26,13:23:09,2026-09-26_13-16,259,Elspeth,Archer,1023,1399,0,0,,Orc,576,424
2026-09-26,13:24:39,2026-09-26_13-16,259,Jarek,Mage,1164,1370,0,0,,Panther,504,1953
2026-09-26,13:25:07,2026-09-26_13-16,259,Leofric,Archer,1434,1390,0,0,,Spectre,3393,306
2026-09-26,13:25:17,2026-09-26_13-16,259,Ysolt,WarriorArcher,1079,1359,2,0,,Ratman,436,334
2026-09-26,13:25:36,2026-09-26_13-16,259,Oswin,Healer,1724,1351,0,0,,Gargoyle,7888,5056
2026-09-26,13:25:39,2026-09-26_13-16,259,Pell,Healer,1681,1407,0,0,,Gargoyle,8439,13842
2026-09-26,13:26:28,2026-09-26_13-16,259,Ivo,WarriorMage,1167,1386,8,0,,"Rowan, one of ours",1974,2227
2026-09-26,13:26:53,2026-09-26_13-16,259,Nessa,Gatherer,1163,1347,0,0,,"Dain, one of ours",1538,6433
2026-09-26,13:26:57,2026-09-26_13-16,259,Quenna,Healer,1791,1322,0,0,,Corpser,2904,2855
2026-09-26,13:27:30,2026-09-26_13-16,259,Fendrel,Gatherer,1376,1963,0,0,,Ratman,441,446
2026-09-26,13:27:57,2026-09-26_13-16,259,Garrow,Archer,1804,1250,0,0,,Gazer,3734,305
2026-09-26,13:27:58,2026-09-26_13-16,259,Isolde,Mage,1052,1464,0,0,,HeadlessOne,375,1958
2026-09-26,13:28:21,2026-09-26_13-16,259,Lorcan,Mage,990,1297,0,0,,Ogre,1850,1884
2026-09-26,13:28:22,2026-09-26_13-16,259,Jorunn,WarriorMage,1741,1429,0,0,,Gargoyle,7897,8675
2026-09-26,13:28:23,2026-09-26_13-16,259,Dain,Warrior,1367,1522,4,0,,"Vance, one of ours",1511,3712
2026-09-26,13:28:35,2026-09-26_13-16,259,Quenna,Healer,1753,1347,0,0,,Gargoyle,7813,1121
2026-09-26,13:28:41,2026-09-26_13-16,259,Ronan,WarriorMage,1777,1448,0,0,,Gargoyle,8282,8533
2026-09-26,13:28:53,2026-09-26_13-16,259,Yarrow,Warrior,1363,1522,3,0,,"Rowan, one of ours",1974,2174
2026-09-26,13:28:55,2026-09-26_13-16,259,Neriah,Mage,1855,1334,0,0,,Orc,648,2152
2026-09-26,13:28:58,2026-09-26_13-16,259,Marek,Archer,1691,1461,0,0,,Gargoyle,8439,4978
2026-09-26,13:30:11,2026-09-26_13-16,259,Pell,Healer,875,1232,0,0,,GiantSpider,729,1011
2026-09-26,13:30:53,2026-09-26_13-16,259,Harlan,Warrior,1006,1349,0,0,,Bull,676,351
2026-09-26,13:31:07,2026-09-26_13-16,259,Quenna,Healer,1697,1422,0,0,,Gargoyle,8883,1121
2026-09-26,13:31:16,2026-09-26_13-16,259,Maeve,Mage,1773,1404,0,0,,Gargoyle,8282,3816
2026-09-26,13:32:01,2026-09-26_13-16,259,Isolde,Mage,1050,1461,0,0,,Ratman,504,1958
2026-09-26,13:32:12,2026-09-26_13-16,259,Ronan,WarriorMage,1645,1433,0,0,,Gazer,4865,12785
2026-09-26,13:32:16,2026-09-26_13-16,259,Brannoc,Archer,1040,1397,0,0,,Ratman,436,450
2026-09-26,13:32:24,2026-09-26_13-16,259,Hollis,Archer,1051,1462,0,0,,Ratman,432,439
2026-09-26,13:32:29,2026-09-26_13-16,259,Torvin,Warrior,1761,1503,0,0,,Gargoyle,8275,504
2026-09-26,13:32:30,2026-09-26_13-16,259,Delwyn,Archer,1043,1397,0,0,,Orc,690,407
2026-09-26,13:32:58,2026-09-26_13-16,259,Wystan,WarriorArcher,1973,1422,0,0,,Ettin,1980,550
2026-09-26,13:32:58,2026-09-26_13-16,259,Yarrow,Warrior,1074,1437,0,0,,Orc,582,426
2026-09-26,13:33:20,2026-09-26_13-16,259,Jorunn,WarriorMage,1354,1367,0,0,,"Quill, one of ours",1631,4004
2026-09-26,13:33:33,2026-09-26_13-16,259,Merrick,Gatherer,1351,1417,8,0,,"Aric, one of ours",1869,9114
2026-09-26,13:33:43,2026-09-26_13-16,259,Neriah,Mage,1342,1416,0,0,,"Bertram, one of ours",2005,7768
2026-09-26,13:33:56,2026-09-26_13-16,259,Leofric,Archer,1342,1415,0,0,,"Ulla, one of ours",1997,2520
2026-09-26,13:34:17,2026-09-26_13-16,259,Sable,Warrior,1276,1538,3,0,,Ratman,486,400
2026-09-26,13:34:25,2026-09-26_13-16,259,Marek,Archer,1345,1417,4,0,,Ratman,454,2543
2026-09-26,13:34:33,2026-09-26_13-16,259,Oswin,Healer,1343,1415,1,0,,"Vance, one of ours",1511,1350
2026-09-26,13:34:41,2026-09-26_13-16,259,Maeve,Mage,1373,1403,0,0,,"Kestrel, one of ours",1725,2002
2026-09-26,13:35:08,2026-09-26_13-16,259,Neriah,Mage,1353,1403,0,0,,"Bertram, one of ours",2005,2184
2026-09-26,13:35:35,2026-09-26_13-16,259,Jarek,Mage,1375,1405,0,0,,"Jorunn, one of ours",3278,1953
2026-09-26,13:35:40,2026-09-26_13-16,259,Torvin,Warrior,1256,1376,0,0,,"Ulla, one of ours",1997,559
2026-09-26,13:35:45,2026-09-26_13-16,259,Lorcan,Mage,1337,1280,0,0,,Ratman,441,1884
2026-09-26,13:36:05,2026-09-26_13-16,259,Talia,WarriorMage,1348,1413,0,0,,"Jorunn, one of ours",3278,24454
2026-09-26,13:36:05,2026-09-26_13-16,259,Ronan,WarriorMage,1349,1414,1,0,,"Alden, one of ours",1429,9069
2026-09-26,13:36:11,2026-09-26_13-16,259,Isolde,Mage,1074,1377,0,0,,Ratman,432,5872
2026-09-26,13:36:21,2026-09-26_13-16,259,Jorunn,WarriorMage,1350,1413,2,0,,"Bryn, one of ours",1504,5704
2026-09-26,13:36:23,2026-09-26_13-16,259,Elspeth,Archer,1815,1476,0,0,,Orc,606,2272
2026-09-26,13:36:36,2026-09-26_13-16,259,Neriah,Mage,1356,1417,10,0,,"Aric, one of ours",1869,2184
2026-09-26,13:36:47,2026-09-26_13-16,259,Merrick,Gatherer,1944,1339,0,0,,Gazer,4634,432
2026-09-26,13:37:09,2026-09-26_13-16,259,Yarrow,Warrior,1021,1209,0,0,,Ratman,464,4937
2026-09-26,13:37:10,2026-09-26_13-16,259,Kestrel,Archer,1358,1431,10,0,,"Bertram, one of ours",2005,3717
2026-09-26,13:37:21,2026-09-26_13-16,259,Leofric,Archer,1361,1437,10,0,,"Orin, one of ours",1900,2008
2026-09-26,13:37:25,2026-09-26_13-16,259,Brannoc,Archer,1214,1004,0,0,,Gazer,4548,3035
2026-09-26,13:37:31,2026-09-26_13-16,259,Ivo,WarriorMage,875,1283,0,0,,Lizardman,618,2227
2026-09-26,13:37:55,2026-09-26_13-16,259,Garrow,Archer,1380,1945,0,0,,Troll,2200,354
2026-09-26,13:38:16,2026-09-26_13-16,259,Delwyn,Archer,1042,1165,0,0,,AirElemental,6253,407
2026-09-26,13:38:16,2026-09-26_13-16,259,Harlan,Warrior,1009,1376,0,0,,Ratman,518,351
2026-09-26,13:38:22,2026-09-26_13-16,259,Ulwin,WarriorMage,2013,1324,0,0,,Orc,708,2314
2026-09-26,13:38:25,2026-09-26_13-16,259,Lorcan,Mage,1180,1124,0,0,,Ratman,450,1884
2026-09-26,13:38:28,2026-09-26_13-16,259,Jorunn,WarriorMage,1410,1361,0,0,,"Vesna, one of ours",3130,5706
2026-09-26,13:38:56,2026-09-26_13-16,259,Marek,Archer,1387,1378,0,0,,"Quill, one of ours",1631,2033
2026-09-26,13:39:07,2026-09-26_13-16,259,Ronan,WarriorMage,1812,1376,0,0,,Gargoyle,7813,2082
2026-09-26,13:39:11,2026-09-26_13-16,259,Neriah,Mage,1341,1421,5,0,,"Quill, one of ours",1631,2184
2026-09-26,13:39:21,2026-09-26_13-16,259,Hollis,Archer,1073,1442,0,0,,Ratman,540,439
2026-09-26,13:39:37,2026-09-26_13-16,259,Vesna,WarriorMage,1357,1402,0,0,,"Kestrel, one of ours",1750,2205
2026-09-26,13:41:04,2026-09-26_13-16,259,Maeve,Mage,1167,1384,1,0,,Lizardman,696,8568
2026-09-26,13:42:56,2026-09-26_13-16,259,Jorunn,WarriorMage,1338,1418,0,0,,"Bryn, one of ours",1521,6590
2026-09-26,13:43:33,2026-09-26_13-16,259,Oswin,Healer,1337,1419,0,0,,"Vance, one of ours",1511,1350
2026-09-26,13:43:41,2026-09-26_13-16,259,Merrick,Gatherer,1676,1526,18,0,,"Bertram, one of ours",2005,432
2026-09-26,13:43:43,2026-09-26_13-16,259,Marek,Archer,1350,1431,10,0,,"Perri, one of ours",1206,2305
2026-09-26,13:43:46,2026-09-26_13-16,259,Leofric,Archer,1346,1429,10,0,,"Rowan, one of ours",1974,2278
2026-09-26,13:43:56,2026-09-26_13-16,259,Neriah,Mage,1333,1433,9,0,,"Aric, one of ours",1869,2184
2026-09-26,13:44:26,2026-09-26_13-16,259,Garrow,Archer,1880,1378,0,0,,Gazer,3740,3664
2026-09-26,13:44:27,2026-09-26_13-16,259,Otho,Crafter,1388,1906,0,0,,Orc,702,338
2026-09-26,13:44:45,2026-09-26_13-16,259,Quenna,Healer,1226,1475,0,0,,"Orin, one of ours",1900,4400
2026-09-26,13:45:28,2026-09-26_13-16,259,Isolde,Mage,1029,1350,0,0,,Ettin,1632,6668
2026-09-26,13:45:38,2026-09-26_13-16,259,Jorunn,WarriorMage,1357,1415,10,0,,"Talia, one of ours",3316,4006
2026-09-26,13:45:48,2026-09-26_13-16,259,Harlan,Warrior,844,1280,0,0,,Wisp,11730,3465
2026-09-26,13:45:51,2026-09-26_13-16,259,Neriah,Mage,1349,1412,1,0,,"Rowan, one of ours",1974,2184
2026-09-26,13:46:03,2026-09-26_13-16,259,Oswin,Healer,1343,1427,10,0,,"Talia, one of ours",3316,1350
2026-09-26,13:46:10,2026-09-26_13-16,259,Delwyn,Archer,912,1231,0,0,,Wisp,11730,1736
2026-09-26,13:47:13,2026-09-26_13-16,259,Jarek,Mage,1369,1403,0,0,,"Marek, one of ours",1727,1953
2026-09-26,13:47:15,2026-09-26_13-16,259,Alden,Crafter,1369,1454,10,0,,Wraith,3053,428
2026-09-26,13:48:31,2026-09-26_13-16,259,Maeve,Mage,1846,1236,0,0,,Ettin,1824,2002
2026-09-26,13:48:43,2026-09-26_13-16,259,Vance,Warrior,5340,1337,0,1,the Orc Caves,OrcBomber,796,8841
2026-09-26,13:49:21,2026-09-26_13-16,259,Perri,Warrior,5315,1316,0,1,the Orc Caves,OrcBomber,711,7093
2026-09-26,13:49:25,2026-09-26_13-16,259,Ulla,Warrior,5338,1339,0,1,the Orc Caves,OrcBomber,796,7286
2026-09-26,13:49:37,2026-09-26_13-16,259,Perri,Warrior,5315,1316,0,1,the Orc Caves,OrcishMage,5906,454
2026-09-26,13:49:47,2026-09-26_13-16,259,Vesna,WarriorMage,5342,1361,0,1,the Orc Caves,OrcishLord,1494,5713
2026-09-26,13:50:04,2026-09-26_13-16,259,Rowan,Warrior,5342,1361,0,1,the Orc Caves,Orc,708,680
2026-09-26,13:53:09,2026-09-26_13-16,259,Isolde,Mage,1046,1418,0,0,,Orc,702,1958
2026-09-26,13:54:55,2026-09-26_13-16,259,Kerrin,Gatherer,1381,1492,10,0,,Spectre,3945,392
2026-09-26,13:55:37,2026-09-26_13-16,259,Isolde,Mage,1108,1184,0,0,,Ratman,450,1958
2026-09-26,13:56:23,2026-09-26_13-16,259,Marek,Archer,1358,1341,0,0,,"Aric, one of ours",1869,333
2026-09-26,13:56:53,2026-09-26_13-16,259,Jorunn,WarriorMage,1373,1376,0,0,,"Bryn, one of ours",1521,2279
2026-09-26,13:57:28,2026-09-26_13-16,259,Delwyn,Archer,1080,1423,0,0,,Orc,702,407
2026-09-26,13:57:40,2026-09-26_13-16,259,Neriah,Mage,1276,1398,0,0,,"Rowan, one of ours",1998,2184
2026-09-26,13:57:54,2026-09-26_13-16,259,Hale,Brawler,1455,1612,20,0,,nobody known,,7899
2026-09-26,13:58:23,2026-09-26_13-16,259,Merrick,Gatherer,1369,1441,10,0,,"Rowan, one of ours",1998,441
2026-09-26,13:58:53,2026-09-26_13-16,259,Perri,Warrior,1404,1462,10,0,,"Jorunn, one of ours",3278,6208
2026-09-26,13:59:10,2026-09-26_13-16,259,Kerrin,Gatherer,1806,1447,0,0,,"Kelda, one of ours",2804,3567
2026-09-26,13:59:25,2026-09-26_13-16,259,Sable,Warrior,1808,1448,0,0,,"Torvin, one of ours",1814,3357
2026-09-26,14:00:55,2026-09-26_13-16,259,Isolde,Mage,1075,1373,0,0,,Ettin,1632,1958
2026-09-26,14:01:19,2026-09-26_13-16,259,Nessa,Gatherer,1221,1317,0,0,,"Otho, one of ours",1520,19233
2026-09-26,14:01:43,2026-09-26_13-16,259,Ulla,Warrior,1219,1315,0,0,,"Jorunn, one of ours",3278,17400
2026-09-26,14:01:48,2026-09-26_13-16,259,Kerrin,Gatherer,1972,1460,0,0,,WaterElemental,5865,5786
2026-09-26,14:02:00,2026-09-26_13-16,259,Vance,Warrior,1217,1316,0,0,,"Jorunn, one of ours",3278,15658
2026-09-26,14:02:04,2026-09-26_13-16,259,Joss,Gatherer,1973,1459,0,0,,WaterElemental,5872,3819
2026-09-26,14:02:20,2026-09-26_13-16,259,Wynn,Warrior,1215,1319,0,0,,"Vesna, one of ours",3172,12604
2026-09-26,14:02:35,2026-09-26_13-16,259,Sable,Warrior,1946,1433,0,0,,Ogre,1930,400
2026-09-26,14:02:37,2026-09-26_13-16,259,Marek,Archer,1221,1321,0,0,,"Aric, one of ours",1869,11911
2026-09-26,14:02:48,2026-09-26_13-16,259,Fenna,Archer,1220,1318,0,0,,"Rowan, one of ours",1998,10164
2026-09-26,14:03:02,2026-09-26_13-16,259,Bryn,Crafter,1219,1319,0,0,,"Jorunn, one of ours",3278,12309
2026-09-26,14:03:05,2026-09-26_13-16,259,Otho,Crafter,1222,1319,0,0,,"Talia, one of ours",3316,8458
2026-09-26,14:03:14,2026-09-26_13-16,259,Nyla,Gatherer,1220,1318,0,0,,"Vesna, one of ours",3172,7258
2026-09-26,14:03:40,2026-09-26_13-16,259,Alden,Crafter,1220,1316,0,0,,"Leofric, one of ours",1700,12707
2026-09-26,14:04:14,2026-09-26_13-16,259,Kerrin,Gatherer,1752,1397,0,0,,"Kestrel, one of ours",1750,4989
2026-09-26,14:04:30,2026-09-26_13-16,259,Rowan,Warrior,1270,1328,0,0,,"Wynn, one of ours",1558,10958
2026-09-26,14:04:47,2026-09-26_13-16,259,Nessa,Gatherer,1323,1412,0,0,,Harpy,654,485
2026-09-26,14:05:20,2026-09-26_13-16,259,Cassia,WarriorArcher,1716,1401,0,0,,Gazer,4212,397
2026-09-26,14:05:20,2026-09-26_13-16,259,Ulla,Warrior,1388,1395,0,0,,"Marek, one of ours",1727,648
2026-09-26,14:05:28,2026-09-26_13-16,259,Jorunn,WarriorMage,1389,1385,0,0,,"Talia, one of ours",3316,12656
2026-09-26,14:06:17,2026-09-26_14-05,260,Wynn,Warrior,1410,1393,0,0,,"Vesna, one of ours",3172,508
2026-09-26,14:06:35,2026-09-26_14-05,260,Ronan,WarriorMage,1676,1405,0,0,,Orc,618,2398
2026-09-26,14:06:36,2026-09-26_14-05,260,Delwyn,Archer,1051,1466,0,0,,Ratman,504,407
2026-09-26,14:06:45,2026-09-26_14-05,260,Kerrin,Gatherer,1706,1463,0,0,,GrizzlyBear,1628,392
2026-09-26,14:07:14,2026-09-26_14-05,260,Jorunn,WarriorMage,1377,1398,0,0,,"Rowan, one of ours",1998,2279
2026-09-26,14:07:34,2026-09-26_14-05,260,Marek,Archer,1417,1388,0,0,,"Vance, one of ours",1511,333
2026-09-26,14:08:04,2026-09-26_14-05,260,Kestrel,Archer,1900,1289,0,0,,Gazer,4634,315
2026-09-26,14:08:08,2026-09-26_14-05,260,Sable,Warrior,1410,1506,10,0,,"Talia, one of ours",3316,2700
2026-09-26,14:08:24,2026-09-26_14-05,260,Otho,Crafter,1411,1500,10,0,,"Vance, one of ours",1511,342
2026-09-26,14:08:47,2026-09-26_14-05,260,Delwyn,Archer,1040,1432,0,0,,Orc,630,407
2026-09-26,14:08:59,2026-09-26_14-05,260,Aric,Archer,1940,1254,0,0,,Gargoyle,8780,8131
2026-09-26,14:09:30,2026-09-26_14-05,260,Quill,Warrior,1911,1316,0,0,,Gargoyle,8780,6700
2026-09-26,14:09:36,2026-09-26_14-05,260,Harlan,Warrior,1716,1465,0,0,,Gazer,4640,3275
2026-09-26,14:09:56,2026-09-26_14-05,260,Jorunn,WarriorMage,1354,1442,10,0,,"Vance, one of ours",1511,14327
2026-09-26,14:09:59,2026-09-26_14-05,260,Isolde,Mage,1081,1385,0,0,,Ratman,490,1989
2026-09-26,14:10:03,2026-09-26_14-05,260,Leofric,Archer,1725,1412,0,0,,Gazer,3399,3230
2026-09-26,14:10:05,2026-09-26_14-05,260,Jarek,Mage,1378,1351,0,0,,"Otho, one of ours",1520,1983
2026-09-26,14:10:11,2026-09-26_14-05,260,Kelda,Mage,1362,1462,10,0,,"Perri, one of ours",1521,11197
2026-09-26,14:10:32,2026-09-26_14-05,260,Ronan,WarriorMage,1681,1494,0,0,,Gazer,4947,9063
2026-09-26,14:10:40,2026-09-26_14-05,260,Wynn,Warrior,1319,1423,0,0,,"Quill, one of ours",1651,7448
2026-09-26,14:10:47,2026-09-26_14-05,260,Calla,Crafter,1707,1469,0,0,,Gargoyle,8187,5809
2026-09-26,14:10:51,2026-09-26_14-05,260,Delwyn,Archer,1016,1444,1,0,,Orc,678,407
2026-09-26,14:10:51,2026-09-26_14-05,260,Fenna,Archer,1323,1429,0,0,,"Vesna, one of ours",3172,5525
2026-09-26,14:11:02,2026-09-26_14-05,260,Otho,Crafter,1321,1424,0,0,,"Bryn, one of ours",1539,3819
2026-09-26,14:11:20,2026-09-26_14-05,260,Kestrel,Archer,1354,1410,3,0,,"Rowan, one of ours",1998,2042
2026-09-26,14:12:57,2026-09-26_14-11,261,Isolde,Mage,1012,1338,0,0,,Ettin,1632,8204
2026-09-26,14:13:44,2026-09-26_14-11,261,Leofric,Archer,1422,1709,18,0,,"Perri, one of ours",1540,306
2026-09-26,14:13:50,2026-09-26_14-11,261,Harlan,Warrior,1049,1466,0,0,,Ratman,540,3217
2026-09-26,14:13:55,2026-09-26_14-11,261,Maeve,Mage,1778,1402,0,0,,Orc,618,8260
2026-09-26,14:14:17,2026-09-26_14-11,261,Sable,Warrior,1779,1295,0,0,,Gazer,4400,2214
2026-09-26,14:14:24,2026-09-26_14-11,261,Torvin,Warrior,1779,1293,0,0,,Gazer,4406,559
2026-09-26,14:14:59,2026-09-26_14-11,261,Delwyn,Archer,1062,1464,0,0,,Ratman,500,407
2026-09-26,14:16:11,2026-09-26_14-11,261,Jarek,Mage,1802,1233,0,0,,"Fenna, one of ours",1942,9195
2026-09-26,14:16:13,2026-09-26_14-11,261,Ronan,WarriorMage,1803,1233,0,0,,"Hale, one of ours",1989,13309
2026-09-26,14:17:10,2026-09-26_14-11,261,Maeve,Mage,1899,1270,0,0,,"Kestrel, one of ours",1750,2033
2026-09-26,14:20:44,2026-09-26_14-11,261,Jarek,Mage,1716,1391,0,0,,"Merrick, one of ours",1852,5762
2026-09-26,14:20:56,2026-09-26_14-11,261,Calla,Crafter,1816,1390,0,0,,Gargoyle,9522,3297
2026-09-26,14:21:04,2026-09-26_14-11,261,Garrow,Archer,1582,1884,0,0,,Orc,690,360
2026-09-26,14:23:13,2026-09-26_14-11,261,Jarek,Mage,1365,1373,0,0,,"Jorunn, one of ours",3278,1983
2026-09-26,14:23:23,2026-09-26_14-11,261,Delwyn,Archer,1076,1357,0,0,,Orc,690,7951
2026-09-26,14:23:26,2026-09-26_14-11,261,Maeve,Mage,1366,1372,0,0,,"Wynn, one of ours",1558,2033
2026-09-26,14:24:10,2026-09-26_14-11,261,Harlan,Warrior,1078,1357,4,0,,Orc,690,6335
2026-09-26,14:24:33,2026-09-26_14-11,261,Isolde,Mage,994,1326,0,0,,Troll,2079,1989
2026-09-26,14:24:55,2026-09-26_14-11,261,Jarek,Mage,1358,1373,0,0,,"Nyla, one of ours",1224,1983
2026-09-26,14:25:26,2026-09-26_14-11,261,Maeve,Mage,1364,1373,0,0,,"Jorunn, one of ours",3278,8589
2026-09-26,14:26:29,2026-09-26_14-25,262,Delwyn,Archer,1085,1418,0,0,,Ratman,540,407
2026-09-26,14:27:35,2026-09-26_14-25,262,Quenna,Healer,1402,1351,0,0,,"Quill, one of ours",1651,1143
2026-09-26,14:28:25,2026-09-26_14-25,262,Jarek,Mage,1357,1372,0,0,,"Jorunn, one of ours",3278,1983
2026-09-26,14:28:33,2026-09-26_14-25,262,Maeve,Mage,1364,1373,0,0,,"Wynn, one of ours",1558,2033
2026-09-26,14:29:11,2026-09-26_14-25,262,Isolde,Mage,1061,1451,0,0,,Ratman,500,1989
2026-09-26,14:29:42,2026-09-26_14-25,262,Harlan,Warrior,1063,1434,0,0,,Ratman,490,351
2026-09-26,14:29:46,2026-09-26_14-25,262,Torvin,Warrior,1395,1391,0,0,,"Aric, one of ours",1869,566
2026-09-26,14:30:29,2026-09-26_14-25,262,Jarek,Mage,1372,1372,0,0,,"Nyla, one of ours",1224,1983
2026-09-26,14:30:30,2026-09-26_14-25,262,Calla,Crafter,1963,1280,0,0,,Ogre,1760,7549
2026-09-26,14:30:55,2026-09-26_14-25,262,Neriah,Mage,1162,1522,0,0,,"Vance, one of ours",1511,4518
2026-09-26,14:30:56,2026-09-26_14-25,262,Maeve,Mage,1373,1371,0,0,,"Emrys, one of ours",1929,2033
2026-09-26,14:30:59,2026-09-26_14-25,262,Ronan,WarriorMage,1161,1522,0,0,,"Aric, one of ours",1869,4705
2026-09-26,14:33:12,2026-09-26_14-32,263,Neriah,Mage,1405,1446,9,0,,"Bryn, one of ours",1539,2219
2026-09-26,14:33:28,2026-09-26_14-32,263,Sable,Warrior,1650,1384,0,0,,Gargoyle,8386,2301
2026-09-26,14:33:57,2026-09-26_14-32,263,Isolde,Mage,1071,1376,0,0,,Ratman,531,8759
2026-09-26,14:33:59,2026-09-26_14-32,263,Jorunn,WarriorMage,1381,1433,10,0,,"Quill, one of ours",1651,10838
2026-09-26,14:34:13,2026-09-26_14-32,263,Emrys,Archer,1381,1434,10,0,,"Vance, one of ours",1511,7124
2026-09-26,14:34:22,2026-09-26_14-32,263,Ulwin,WarriorMage,1958,1443,0,0,,WaterElemental,6366,6435
2026-09-26,14:34:32,2026-09-26_14-32,263,Harlan,Warrior,1054,1468,0,0,,Ratman,490,5561
2026-09-26,14:34:50,2026-09-26_14-32,263,Kerrin,Gatherer,1957,1441,0,0,,WaterElemental,6366,3254
2026-09-26,14:34:56,2026-09-26_14-32,263,Wynn,Warrior,1320,1350,0,0,,"Nessa, one of ours",1794,2208
2026-09-26,14:34:58,2026-09-26_14-32,263,Yarrow,Warrior,1053,1911,0,0,,Ogre,1700,3580
2026-09-26,14:36:20,2026-09-26_14-32,263,Merrick,Gatherer,1530,1579,30,0,,"Aric, one of ours",1869,446
2026-09-26,14:36:34,2026-09-26_14-32,263,Quenna,Healer,2001,1277,0,0,,WaterElemental,6366,998
2026-09-26,14:36:46,2026-09-26_14-32,263,Pell,Healer,1103,1923,0,0,,Ettin,1968,1023
2026-09-26,14:38:06,2026-09-26_14-32,263,Maeve,Mage,1113,2024,0,0,,GiantSpider,882,2033
2026-09-26,14:38:30,2026-09-26_14-32,263,Jarek,Mage,1376,1469,10,0,,Spectre,4057,1983
2026-09-26,14:39:18,2026-09-26_14-32,263,Ysolt,WarriorArcher,732,2207,2,0,,GiantSpider,900,334
2026-09-26,14:39:25,2026-09-26_14-32,263,Garrow,Archer,1436,2007,0,0,,Troll,2167,360
2026-09-26,14:39:34,2026-09-26_14-32,263,Yarrow,Warrior,1066,1391,0,0,,Harpy,642,426
2026-09-26,14:39:37,2026-09-26_14-32,263,Isolde,Mage,1058,1465,0,0,,Ratman,540,1989
2026-09-26,14:39:53,2026-09-26_14-32,263,Kelda,Mage,2061,1206,0,0,,WaterElemental,6382,7459
2026-09-26,14:39:57,2026-09-26_14-32,263,Quenna,Healer,2007,1515,0,0,,WaterElemental,5037,8073
2026-09-26,14:40:27,2026-09-26_14-32,263,Jorunn,WarriorMage,1405,1374,0,0,,"Vesna, one of ours",3172,3979
2026-09-26,14:40:38,2026-09-26_14-32,263,Leofric,Archer,1409,1380,0,0,,"Nessa, one of ours",1794,306
2026-09-26,14:40:43,2026-09-26_14-32,263,Wynn,Warrior,1983,1488,0,0,,Ogre,1830,5528
2026-09-26,14:40:48,2026-09-26_14-32,263,Maeve,Mage,1107,2015,0,0,,Orc,690,2033
2026-09-26,14:40:59,2026-09-26_14-32,263,Ulwin,WarriorMage,1966,1536,0,0,,WaterElemental,5909,2976
2026-09-26,14:41:43,2026-09-26_14-32,263,Cassia,WarriorArcher,1819,1449,0,0,,WaterElemental,5937,3614
2026-09-26,14:42:14,2026-09-26_14-32,263,Torvin,Warrior,1739,1531,5,0,,WaterElemental,5667,1902
2026-09-26,14:42:16,2026-09-26_14-32,263,Pell,Healer,1065,2068,0,0,,Orc,624,1023
2026-09-26,14:43:06,2026-09-26_14-32,263,Kelda,Mage,1996,1301,0,0,,WaterElemental,6064,1744
2026-09-26,14:43:43,2026-09-26_14-32,263,Leofric,Archer,1796,1302,0,0,,Gargoyle,7931,266
2026-09-26,14:43:51,2026-09-26_14-32,263,Aric,Archer,1171,2050,0,0,,Wisp,12661,7971
2026-09-26,14:44:08,2026-09-26_14-32,263,Ulwin,WarriorMage,1968,1478,0,0,,WaterElemental,5909,2326
2026-09-26,14:45:26,2026-09-26_14-32,263,Isolde,Mage,1928,1399,0,0,,WaterElemental,6013,10080
2026-09-26,14:45:33,2026-09-26_14-32,263,Wynn,Warrior,1234,1900,0,0,,GiantSpider,882,6481
2026-09-26,14:46:08,2026-09-26_14-32,263,Neriah,Mage,1978,1390,0,0,,Gazer,4118,7146
2026-09-26,14:46:12,2026-09-26_14-32,263,Oswin,Healer,842,1179,0,0,,GiantSpider,900,1417
2026-09-26,14:46:20,2026-09-26_14-32,263,Kerrin,Gatherer,1920,1393,0,0,,Ogre,1830,1796
2026-09-26,14:46:35,2026-09-26_14-32,263,Ronan,WarriorMage,1689,1380,0,0,,WaterElemental,5909,10780
2026-09-26,14:47:00,2026-09-26_14-32,263,Vesna,WarriorMage,1981,1390,0,0,,WaterElemental,6064,2235
2026-09-26,14:47:03,2026-09-26_14-32,263,Lorcan,Mage,1695,1377,0,0,,Gargoyle,8394,8649
2026-09-26,14:47:08,2026-09-26_14-32,263,Delwyn,Archer,1230,1957,0,0,,GiantSpider,882,407
2026-09-26,14:47:17,2026-09-26_14-32,263,Garrow,Archer,1998,1464,0,0,,Troll,2123,318
2026-09-26,14:47:30,2026-09-26_14-32,263,Ulwin,WarriorMage,1965,1297,0,0,,Ogre,1760,2326
2026-09-26,14:47:57,2026-09-26_14-32,263,Doran,Captain,1052,1475,0,0,,Ratman,531,496
2026-09-26,14:48:03,2026-09-26_14-32,263,Kelda,Mage,1906,1309,0,0,,Orc,618,1994
2026-09-26,14:48:43,2026-09-26_14-32,263,Oswin,Healer,1121,1906,0,0,,Lizardman,612,6321
2026-09-26,14:50:22,2026-09-26_14-32,263,Wystan,WarriorArcher,1694,1483,0,0,,Gargoyle,7931,12801
2026-09-26,14:51:01,2026-09-26_14-32,263,Garrow,Archer,1412,1906,0,0,,Orc,702,360
2026-09-26,14:51:22,2026-09-26_14-32,263,Calla,Crafter,928,1862,0,0,,Wisp,12248,9674
2026-09-26,14:51:28,2026-09-26_14-32,263,Ulwin,WarriorMage,928,1861,0,0,,Wisp,12248,8221
2026-09-26,14:51:49,2026-09-26_14-32,263,Sable,Warrior,1845,1442,0,0,,Reaper,9358,3866
2026-09-26,14:52:53,2026-09-26_14-32,263,Quenna,Healer,1096,1931,0,0,,Ogre,1700,2702
2026-09-26,14:52:56,2026-09-26_14-32,263,Neriah,Mage,1609,1327,0,0,,Gargoyle,7931,1934
2026-09-26,14:53:22,2026-09-26_14-32,263,Pell,Healer,1395,1744,1,0,,Lizardman,720,1023
2026-09-26,14:53:37,2026-09-26_14-32,263,Otho,Crafter,1096,1932,0,0,,Ogre,1700,346
2026-09-26,14:55:44,2026-09-26_14-32,263,Jarek,Mage,1412,1468,10,0,,Spectre,3048,1773
2026-09-26,14:55:46,2026-09-26_14-32,263,Sable,Warrior,1773,1523,0,0,,Reaper,6338,5083
2026-09-26,14:55:47,2026-09-26_14-32,263,Fenna,Archer,1858,1399,0,0,,Reaper,11283,3947
2026-09-26,14:56:29,2026-09-26_14-32,263,Garrow,Archer,1858,1399,0,0,,Reaper,11283,2733
2026-09-26,14:57:33,2026-09-26_14-32,263,Cassia,WarriorArcher,1855,1399,0,0,,Reaper,10686,10412
2026-09-26,14:58:41,2026-09-26_14-32,263,Kelda,Mage,1865,1349,0,0,,Orc,588,9541
2026-09-26,14:59:08,2026-09-26_14-32,263,Delwyn,Archer,1217,1919,0,0,,GiantSpider,828,407
2026-09-26,15:00:56,2026-09-26_14-32,263,Nyla,Gatherer,1313,2019,0,0,,Panther,664,360
2026-09-26,15:01:11,2026-09-26_14-32,263,Jarek,Mage,1714,1286,0,0,,DireWolf,1470,1983
2026-09-26,15:02:53,2026-09-26_14-32,263,Marek,Archer,1718,1329,0,0,,Reaper,11054,6507
2026-09-26,15:03:28,2026-09-26_14-32,263,Kelda,Mage,1737,1351,0,0,,Reaper,11054,1682
2026-09-26,15:03:30,2026-09-26_14-32,263,Garrow,Archer,1715,1352,0,0,,Gargoyle,7931,1873
2026-09-26,15:05:25,2026-09-26_14-32,263,Torvin,Warrior,1830,1269,0,0,,Gargoyle,8280,8464
2026-09-26,15:06:18,2026-09-26_14-32,263,Maeve,Mage,1051,2038,0,0,,Troll,2134,6402
2026-09-26,15:06:31,2026-09-26_14-32,263,Isolde,Mage,1024,1415,0,0,,Ratman,518,1989
2026-09-26,15:07:24,2026-09-26_14-32,263,Jarek,Mage,1922,1182,0,0,,Skeleton,310,1983
2026-09-26,15:07:31,2026-09-26_14-32,263,Pell,Healer,1364,1528,0,0,,Spectre,3676,2713
2026-09-26,15:08:26,2026-09-26_14-32,263,Kelda,Mage,1488,1552,30,0,,WaterElemental,5909,1994
2026-09-26,15:09:35,2026-09-26_14-32,263,Sable,Warrior,1758,1485,0,0,,Gargoyle,7465,467
2026-09-26,15:09:47,2026-09-26_14-32,263,Isolde,Mage,923,1165,0,0,,Reaper,4111,1989
2026-09-26,15:09:48,2026-09-26_14-32,263,Ulwin,WarriorMage,1968,1467,0,0,,WaterElemental,6072,12801
2026-09-26,15:10:40,2026-09-26_14-32,263,Ronan,WarriorMage,1967,1482,0,0,,Gargoyle,8167,6337
2026-09-26,15:10:53,2026-09-26_14-32,263,Faron,Architect,1970,1477,0,0,,Gazer,4376,2150
2026-09-26,15:10:57,2026-09-26_14-32,263,Vesna,WarriorMage,1970,1486,0,0,,Gargoyle,8175,3670
2026-09-26,15:11:56,2026-09-26_14-32,263,Quenna,Healer,1379,1484,10,0,,Wraith,0,4807
2026-09-26,15:12:56,2026-09-26_14-32,263,Leofric,Archer,1619,1539,30,0,,Gargoyle,0,3635
2026-09-26,15:13:00,2026-09-26_14-32,263,Maeve,Mage,769,1814,0,0,,Orc,582,2064
2026-09-26,15:13:43,2026-09-26_14-32,263,Garrow,Archer,1640,1396,0,0,,Reaper,9363,6704
2026-09-26,15:14:00,2026-09-26_14-32,263,Lorcan,Mage,1623,1414,0,0,,Reaper,9363,5466
2026-09-26,15:14:28,2026-09-26_14-32,263,Marek,Archer,1632,1408,0,0,,Reaper,9917,4997
2026-09-26,15:15:25,2026-09-26_14-32,263,Yarrow,Warrior,1981,1521,0,0,,Gazer,4338,10970
2026-09-26,15:16:18,2026-09-26_14-32,263,Otho,Crafter,1426,1556,30,0,,WaterElemental,6264,346
2026-09-26,15:17:21,2026-09-26_14-32,263,Ronan,WarriorMage,1975,1427,0,0,,Gazer,4382,8965
2026-09-26,15:17:44,2026-09-26_14-32,263,Vesna,WarriorMage,1987,1383,0,0,,Gazer,4873,5396
2026-09-26,15:17:53,2026-09-26_14-32,263,Hale,Brawler,1905,1275,0,0,,Reaper,11368,2547
2026-09-26,15:18:40,2026-09-26_15-18,264,Vance,Warrior,1938,1316,0,0,,Orc,606,422
2026-09-26,15:19:05,2026-09-26_15-18,264,Rhiannon,Gatherer,1851,1316,0,0,,Ogre,1720,351
2026-09-26,15:19:11,2026-09-26_15-18,264,Piers,Mage,1767,1527,0,0,,Reaper,6909,1564
2026-09-26,15:19:42,2026-09-26_15-18,264,Maeve,Mage,1091,2367,0,0,,Troll,2068,2064
2026-09-26,15:20:11,2026-09-26_15-18,264,Garrow,Archer,2065,1152,0,0,,Orc,666,366
2026-09-26,15:20:44,2026-09-26_15-18,264,Marek,Archer,1739,1337,0,0,,Reaper,11054,5522
2026-09-26,15:21:03,2026-09-26_15-18,264,Nyla,Gatherer,1434,1576,28,0,,WaterElemental,5923,8492
2026-09-26,15:21:28,2026-09-26_15-18,264,Ysolt,WarriorArcher,1771,1298,0,0,,Gazer,4126,296
2026-09-26,15:21:29,2026-09-26_15-18,264,Quenna,Healer,1488,1554,30,0,,WaterElemental,6271,5728
2026-09-26,15:22:22,2026-09-26_15-18,264,Otho,Crafter,1492,1573,30,0,,WaterElemental,6271,346
2026-09-26,15:23:13,2026-09-26_15-18,264,Ysolt,WarriorArcher,1047,1401,0,0,,Ratman,468,334
2026-09-26,15:23:43,2026-09-26_15-18,264,Ronan,WarriorMage,1976,1396,0,0,,Gazer,5194,7810
2026-09-26,15:24:30,2026-09-26_15-18,264,Pell,Healer,1882,1382,0,0,,Gazer,4886,2420
2026-09-26,15:24:32,2026-09-26_15-18,264,Vesna,WarriorMage,1360,1470,10,0,,Wraith,3948,12545
2026-09-26,15:24:40,2026-09-26_15-18,264,Vance,Warrior,1861,1414,0,0,,Gazer,4886,2572
2026-09-26,15:25:33,2026-09-26_15-18,264,Piers,Mage,1367,1470,10,0,,Spectre,3344,9279
2026-09-26,15:26:10,2026-09-26_15-18,264,Pell,Healer,1052,1379,0,0,,Ratman,531,1040
2026-09-26,15:27:11,2026-09-26_15-18,264,Ronan,WarriorMage,1600,1340,0,0,,Gazer,5201,5997
2026-09-26,15:28:41,2026-09-26_15-18,264,Doran,Captain,1901,1399,0,0,,Ettin,1932,537
2026-09-26,15:28:43,2026-09-26_15-18,264,Kerrin,Gatherer,1433,1914,0,0,,Troll,1969,405
2026-09-26,15:29:46,2026-09-26_15-18,264,Rhiannon,Gatherer,1699,1597,-2,0,,Gargoyle,8370,4336
