session,build,date,time,offers_deeper,offers_less_deep,bands_kept_on_island,parties_sent_elsewhere,closed_by_weakest_member,closed_by_room_gate
2026-09-26_01-35,234,2026-09-26,01:40:50,9,0,0,,,
2026-09-26_01-48,237,2026-09-26,01:53:12,8,0,27,0,,
2026-09-26_01-55,238,2026-09-26,02:00:51,14,0,0,1,,
2026-09-26_02-10,240,2026-09-26,02:15:51,101,0,0,0,,
2026-09-26_02-33,245,2026-09-26,02:38:29,16,0,0,0,3993,
2026-09-26_02-42,246,2026-09-26,03:22:02,128,0,0,1,260,19234
2026-09-26_03-26,247,2026-09-26,03:36:54,17,0,0,0,0,2849
2026-09-26_03-45,250,2026-09-26,04:05:52,0,0,0,0,0,3663
2026-09-26_04-07,251,2026-09-26,04:12:21,0,0,0,0,0,4455
2026-09-26_04-15,252,2026-09-26,04:25:54,0,0,0,0,0,6457
2026-09-26_04-26,253,2026-09-26,04:31:24,0,0,0,0,0,3399
2026-09-26_04-31,254,2026-09-26,04:56:52,0,0,0,0,0,31427
2026-09-26_04-57,255,2026-09-26,10:37:41,0,0,0,0,0,524326
2026-09-26_10-41,256,2026-09-26,11:41:08,0,0,0,0,0,88110
2026-09-26_11-45,257,2026-09-26,13:05:53,0,0,0,0,60,89117
2026-09-26_13-10,258,2026-09-26,13:15:50,0,0,0,0,6,654
2026-09-26_13-16,259,2026-09-26,14:01:44,5,0,0,0,931,26173
2026-09-26_14-05,260,2026-09-26,14:10:52,0,0,0,0,18,708
2026-09-26_14-11,261,2026-09-26,14:22:00,0,0,0,0,3,10029
2026-09-26_14-25,262,2026-09-26,14:30:54,0,0,0,0,9,6360
2026-09-26_14-32,263,2026-09-26,15:17:34,1,0,0,0,642,21333
2026-09-26_15-18,264,2026-09-26,15:28:32,0,0,0,0,6,3063
