date,time,session,build,rung,creature,might,dungeons
2026-09-26,01:35:55,2026-09-26_01-35,234,1,OrcishMage,5609,the Orc Caves
2026-09-26,01:35:55,2026-09-26_01-35,234,2,JukaMage,12553,Wrong
2026-09-26,01:35:55,2026-09-26_01-35,234,3,OgreLord,18990,Despise
2026-09-26,01:35:55,2026-09-26_01-35,234,4,PoisonElemental,27501,Shame
2026-09-26,01:35:55,2026-09-26_01-35,234,5,LichLord,27517,Deceit; Fire
2026-09-26,01:35:55,2026-09-26_01-35,234,6,Dragon,27976,Covetous
2026-09-26,01:35:55,2026-09-26_01-35,234,7,WhiteWyrm,51368,Ice
2026-09-26,01:35:55,2026-09-26_01-35,234,8,Balron,78758,Terathan Keep; Hythloth
2026-09-26,01:35:55,2026-09-26_01-35,234,9,AncientLich,82719,Khaldun
2026-09-26,01:35:55,2026-09-26_01-35,234,10,AncientWyrm,88786,Destard
2026-09-26,01:42:39,2026-09-26_01-42,235,1,OrcishMage,5925,the Orc Caves
2026-09-26,01:42:39,2026-09-26_01-42,235,2,JukaMage,15720,Wrong
2026-09-26,01:42:39,2026-09-26_01-42,235,3,OgreLord,18810,Despise
2026-09-26,01:42:39,2026-09-26_01-42,235,4,PoisonElemental,26992,Shame
2026-09-26,01:42:39,2026-09-26_01-42,235,5,LichLord,27452,Deceit; Fire
2026-09-26,01:42:39,2026-09-26_01-42,235,6,Dragon,31308,Covetous
2026-09-26,01:42:39,2026-09-26_01-42,235,7,WhiteWyrm,53232,Ice
2026-09-26,01:42:39,2026-09-26_01-42,235,8,Balron,79585,Terathan Keep; Hythloth
2026-09-26,01:42:39,2026-09-26_01-42,235,9,AncientLich,79858,Khaldun
2026-09-26,01:42:39,2026-09-26_01-42,235,10,AncientWyrm,93402,Destard
2026-09-26,01:45:54,2026-09-26_01-45,236,1,OrcishMage,5967,the Orc Caves
2026-09-26,01:45:54,2026-09-26_01-45,236,2,JukaMage,15504,Wrong
2026-09-26,01:45:54,2026-09-26_01-45,236,3,OgreLord,18788,Despise
2026-09-26,01:45:54,2026-09-26_01-45,236,4,LichLord,25534,Fire
2026-09-26,01:45:54,2026-09-26_01-45,236,5,Dragon,29996,Covetous
2026-09-26,01:45:54,2026-09-26_01-45,236,6,PoisonElemental,30132,Shame; Deceit
2026-09-26,01:45:54,2026-09-26_01-45,236,7,WhiteWyrm,52645,Ice
2026-09-26,01:45:54,2026-09-26_01-45,236,8,Balron,74239,Terathan Keep; Hythloth
2026-09-26,01:45:54,2026-09-26_01-45,236,9,AncientLich,81487,Khaldun
2026-09-26,01:45:54,2026-09-26_01-45,236,10,AncientWyrm,84969,Destard
2026-09-26,01:48:16,2026-09-26_01-48,237,1,OrcishMage,5980,the Orc Caves
2026-09-26,01:48:16,2026-09-26_01-48,237,2,JukaMage,15550,Wrong
2026-09-26,01:48:16,2026-09-26_01-48,237,3,OgreLord,20295,Despise
2026-09-26,01:48:16,2026-09-26_01-48,237,4,LichLord,27251,Fire
2026-09-26,01:48:16,2026-09-26_01-48,237,5,PoisonElemental,27294,Shame; Deceit
2026-09-26,01:48:16,2026-09-26_01-48,237,6,Dragon,31824,Covetous
2026-09-26,01:48:16,2026-09-26_01-48,237,7,WhiteWyrm,51401,Ice
2026-09-26,01:48:16,2026-09-26_01-48,237,8,AncientLich,81855,Khaldun
2026-09-26,01:48:16,2026-09-26_01-48,237,9,Balron,86608,Terathan Keep; Hythloth
2026-09-26,01:48:16,2026-09-26_01-48,237,10,AncientWyrm,86669,Destard
2026-09-26,01:55:55,2026-09-26_01-55,238,1,OrcishMage,6015,the Orc Caves
2026-09-26,01:55:55,2026-09-26_01-55,238,2,JukaMage,11557,Wrong
2026-09-26,01:55:55,2026-09-26_01-55,238,3,OgreLord,20565,Despise
2026-09-26,01:55:55,2026-09-26_01-55,238,4,PoisonElemental,28067,Shame
2026-09-26,01:55:55,2026-09-26_01-55,238,5,LichLord,28106,Deceit; Fire
2026-09-26,01:55:55,2026-09-26_01-55,238,6,Dragon,31245,Covetous
2026-09-26,01:55:55,2026-09-26_01-55,238,7,WhiteWyrm,53336,Ice
2026-09-26,01:55:55,2026-09-26_01-55,238,8,AncientLich,80032,Khaldun
2026-09-26,01:55:55,2026-09-26_01-55,238,9,Balron,82881,Terathan Keep; Hythloth
2026-09-26,01:55:55,2026-09-26_01-55,238,10,AncientWyrm,84925,Destard
2026-09-26,02:05:58,2026-09-26_02-05,239,1,OrcishMage,5243,the Orc Caves
2026-09-26,02:05:58,2026-09-26_02-05,239,2,JukaMage,13109,Wrong
2026-09-26,02:05:58,2026-09-26_02-05,239,3,OgreLord,17978,Despise
2026-09-26,02:05:58,2026-09-26_02-05,239,4,LichLord,26274,Fire
2026-09-26,02:05:58,2026-09-26_02-05,239,5,PoisonElemental,29325,Shame; Deceit
2026-09-26,02:05:58,2026-09-26_02-05,239,6,Dragon,30775,Covetous
2026-09-26,02:05:58,2026-09-26_02-05,239,7,WhiteWyrm,51794,Ice
2026-09-26,02:05:58,2026-09-26_02-05,239,8,AncientLich,79753,Khaldun
2026-09-26,02:05:58,2026-09-26_02-05,239,9,Balron,84149,Terathan Keep; Hythloth
2026-09-26,02:05:58,2026-09-26_02-05,239,10,AncientWyrm,85006,Destard
2026-09-26,02:10:55,2026-09-26_02-10,240,1,OrcishMage,5670,the Orc Caves
2026-09-26,02:10:55,2026-09-26_02-10,240,2,JukaMage,14711,Wrong
2026-09-26,02:10:55,2026-09-26_02-10,240,3,OgreLord,18180,Despise
2026-09-26,02:10:55,2026-09-26_02-10,240,4,LichLord,27450,Fire
2026-09-26,02:10:55,2026-09-26_02-10,240,5,PoisonElemental,29284,Shame; Deceit
2026-09-26,02:10:55,2026-09-26_02-10,240,6,Dragon,29366,Covetous
2026-09-26,02:10:55,2026-09-26_02-10,240,7,WhiteWyrm,51901,Ice
2026-09-26,02:10:55,2026-09-26_02-10,240,8,Balron,76055,Terathan Keep; Hythloth
2026-09-26,02:10:55,2026-09-26_02-10,240,9,AncientLich,76482,Khaldun
2026-09-26,02:10:55,2026-09-26_02-10,240,10,AncientWyrm,83010,Destard
2026-09-26,02:17:50,2026-09-26_02-17,241,1,OrcishMage,5420,the Orc Caves
2026-09-26,02:17:50,2026-09-26_02-17,241,2,JukaMage,14168,Wrong
2026-09-26,02:17:50,2026-09-26_02-17,241,3,OgreLord,19508,Despise
2026-09-26,02:17:50,2026-09-26_02-17,241,4,PoisonElemental,29025,Shame
2026-09-26,02:17:50,2026-09-26_02-17,241,5,Dragon,29880,Covetous
2026-09-26,02:17:50,2026-09-26_02-17,241,6,LichLord,29926,Deceit; Fire
2026-09-26,02:17:50,2026-09-26_02-17,241,7,WhiteWyrm,51473,Ice
2026-09-26,02:17:50,2026-09-26_02-17,241,8,Balron,76278,Terathan Keep; Hythloth
2026-09-26,02:17:50,2026-09-26_02-17,241,9,AncientLich,77758,Khaldun
2026-09-26,02:17:50,2026-09-26_02-17,241,10,AncientWyrm,86966,Destard
2026-09-26,02:20:57,2026-09-26_02-20,242,1,OrcishMage,6134,the Orc Caves
2026-09-26,02:20:57,2026-09-26_02-20,242,2,JukaMage,16244,Wrong
2026-09-26,02:20:57,2026-09-26_02-20,242,3,OgreLord,20318,Despise
2026-09-26,02:20:57,2026-09-26_02-20,242,4,PoisonElemental,25141,Shame
2026-09-26,02:20:57,2026-09-26_02-20,242,5,Dragon,29962,Covetous
2026-09-26,02:20:57,2026-09-26_02-20,242,6,LichLord,30393,Deceit; Fire
2026-09-26,02:20:57,2026-09-26_02-20,242,7,WhiteWyrm,52469,Ice
2026-09-26,02:20:57,2026-09-26_02-20,242,8,AncientLich,80788,Khaldun
2026-09-26,02:20:57,2026-09-26_02-20,242,9,Balron,83672,Terathan Keep; Hythloth
2026-09-26,02:20:57,2026-09-26_02-20,242,10,AncientWyrm,88852,Destard
2026-09-26,02:25:58,2026-09-26_02-25,243,1,OrcishMage,5887,the Orc Caves
2026-09-26,02:25:58,2026-09-26_02-25,243,2,JukaMage,14332,Wrong
2026-09-26,02:25:58,2026-09-26_02-25,243,3,OgreLord,19238,Despise
2026-09-26,02:25:58,2026-09-26_02-25,243,4,PoisonElemental,26715,Shame
2026-09-26,02:25:58,2026-09-26_02-25,243,5,LichLord,27390,Deceit; Fire
2026-09-26,02:25:58,2026-09-26_02-25,243,6,Dragon,27554,Covetous
2026-09-26,02:25:58,2026-09-26_02-25,243,7,WhiteWyrm,52564,Ice
2026-09-26,02:25:58,2026-09-26_02-25,243,8,Balron,76781,Terathan Keep; Hythloth
2026-09-26,02:25:58,2026-09-26_02-25,243,9,AncientLich,80338,Khaldun
2026-09-26,02:25:58,2026-09-26_02-25,243,10,AncientWyrm,85726,Destard
2026-09-26,02:29:05,2026-09-26_02-29,244,1,OrcishMage,4936,the Orc Caves
2026-09-26,02:29:05,2026-09-26_02-29,244,2,JukaMage,15508,Wrong
2026-09-26,02:29:05,2026-09-26_02-29,244,3,OgreLord,18360,Despise
2026-09-26,02:29:05,2026-09-26_02-29,244,4,LichLord,25477,Fire
2026-09-26,02:29:05,2026-09-26_02-29,244,5,PoisonElemental,26868,Shame; Deceit
2026-09-26,02:29:05,2026-09-26_02-29,244,6,Dragon,28426,Covetous
2026-09-26,02:29:05,2026-09-26_02-29,244,7,WhiteWyrm,51397,Ice
2026-09-26,02:29:05,2026-09-26_02-29,244,8,AncientLich,81263,Khaldun
2026-09-26,02:29:05,2026-09-26_02-29,244,9,Balron,82769,Terathan Keep; Hythloth
2026-09-26,02:29:05,2026-09-26_02-29,244,10,AncientWyrm,90319,Destard
2026-09-26,02:33:33,2026-09-26_02-33,245,1,OrcishMage,4848,the Orc Caves
2026-09-26,02:33:33,2026-09-26_02-33,245,2,JukaMage,15691,Wrong
2026-09-26,02:33:33,2026-09-26_02-33,245,3,OgreLord,18652,Despise
2026-09-26,02:33:33,2026-09-26_02-33,245,4,LichLord,26235,Fire
2026-09-26,02:33:33,2026-09-26_02-33,245,5,PoisonElemental,28981,Shame; Deceit
2026-09-26,02:33:33,2026-09-26_02-33,245,6,Dragon,30716,Covetous
2026-09-26,02:33:33,2026-09-26_02-33,245,7,WhiteWyrm,53585,Ice
2026-09-26,02:33:33,2026-09-26_02-33,245,8,Balron,77680,Terathan Keep; Hythloth
2026-09-26,02:33:33,2026-09-26_02-33,245,9,AncientLich,79296,Khaldun
2026-09-26,02:33:33,2026-09-26_02-33,245,10,AncientWyrm,88749,Destard
2026-09-26,02:42:07,2026-09-26_02-42,246,1,OrcishMage,5339,the Orc Caves
2026-09-26,02:42:07,2026-09-26_02-42,246,2,JukaMage,12984,Wrong
2026-09-26,02:42:07,2026-09-26_02-42,246,3,OgreLord,18248,Despise
2026-09-26,02:42:07,2026-09-26_02-42,246,4,LichLord,24988,Fire
2026-09-26,02:42:07,2026-09-26_02-42,246,5,PoisonElemental,25606,Shame; Deceit
2026-09-26,02:42:07,2026-09-26_02-42,246,6,Dragon,29756,Covetous
2026-09-26,02:42:07,2026-09-26_02-42,246,7,WhiteWyrm,52526,Ice
2026-09-26,02:42:07,2026-09-26_02-42,246,8,AncientLich,78474,Khaldun
2026-09-26,02:42:07,2026-09-26_02-42,246,9,Balron,80390,Terathan Keep; Hythloth
2026-09-26,02:42:07,2026-09-26_02-42,246,10,AncientWyrm,81051,Destard
2026-09-26,03:26:58,2026-09-26_03-26,247,1,OrcishMage,4910,the Orc Caves
2026-09-26,03:26:58,2026-09-26_03-26,247,2,JukaMage,13178,Wrong
2026-09-26,03:26:58,2026-09-26_03-26,247,3,OgreLord,20092,Despise
2026-09-26,03:26:58,2026-09-26_03-26,247,4,LichLord,28048,Fire
2026-09-26,03:26:58,2026-09-26_03-26,247,5,PoisonElemental,28629,Shame; Deceit
2026-09-26,03:26:58,2026-09-26_03-26,247,6,Dragon,29459,Covetous
2026-09-26,03:26:58,2026-09-26_03-26,247,7,WhiteWyrm,53096,Ice
2026-09-26,03:26:58,2026-09-26_03-26,247,8,Balron,73458,Terathan Keep; Hythloth
2026-09-26,03:26:58,2026-09-26_03-26,247,9,AncientLich,78809,Khaldun
2026-09-26,03:26:58,2026-09-26_03-26,247,10,AncientWyrm,84752,Destard
2026-09-26,03:43:08,2026-09-26_03-43,248+249,1,OrcishMage,5340,the Orc Caves
2026-09-26,03:43:08,2026-09-26_03-43,248+249,2,JukaMage,11443,Wrong
2026-09-26,03:43:08,2026-09-26_03-43,248+249,3,OgreLord,19125,Despise
2026-09-26,03:43:08,2026-09-26_03-43,248+249,4,LichLord,23978,Fire
2026-09-26,03:43:08,2026-09-26_03-43,248+249,5,PoisonElemental,27077,Shame; Deceit
2026-09-26,03:43:08,2026-09-26_03-43,248+249,6,Dragon,27406,Covetous
2026-09-26,03:43:08,2026-09-26_03-43,248+249,7,WhiteWyrm,51363,Ice
2026-09-26,03:43:08,2026-09-26_03-43,248+249,8,AncientLich,78631,Khaldun
2026-09-26,03:43:08,2026-09-26_03-43,248+249,9,Balron,83077,Terathan Keep; Hythloth
2026-09-26,03:43:08,2026-09-26_03-43,248+249,10,AncientWyrm,87066,Destard
2026-09-26,03:45:57,2026-09-26_03-45,250,1,OrcishMage,5932,the Orc Caves
2026-09-26,03:45:57,2026-09-26_03-45,250,2,JukaMage,11938,Wrong
2026-09-26,03:45:57,2026-09-26_03-45,250,3,OgreLord,18518,Despise
2026-09-26,03:45:57,2026-09-26_03-45,250,4,PoisonElemental,24973,Shame
2026-09-26,03:45:57,2026-09-26_03-45,250,5,Dragon,29955,Covetous
2026-09-26,03:45:57,2026-09-26_03-45,250,6,LichLord,30784,Deceit; Fire
2026-09-26,03:45:57,2026-09-26_03-45,250,7,WhiteWyrm,51219,Ice
2026-09-26,03:45:57,2026-09-26_03-45,250,8,Balron,78980,Terathan Keep; Hythloth
2026-09-26,03:45:57,2026-09-26_03-45,250,9,AncientLich,79801,Khaldun
2026-09-26,03:45:57,2026-09-26_03-45,250,10,AncientWyrm,84694,Destard
2026-09-26,04:07:25,2026-09-26_04-07,251,1,OrcishMage,5108,the Orc Caves
2026-09-26,04:07:25,2026-09-26_04-07,251,2,JukaMage,12814,Wrong
2026-09-26,04:07:25,2026-09-26_04-07,251,3,OgreLord,19508,Despise
2026-09-26,04:07:25,2026-09-26_04-07,251,4,PoisonElemental,25744,Shame
2026-09-26,04:07:25,2026-09-26_04-07,251,5,LichLord,27128,Deceit; Fire
2026-09-26,04:07:25,2026-09-26_04-07,251,6,Dragon,29966,Covetous
2026-09-26,04:07:25,2026-09-26_04-07,251,7,WhiteWyrm,52750,Ice
2026-09-26,04:07:25,2026-09-26_04-07,251,8,Balron,78927,Terathan Keep; Hythloth
2026-09-26,04:07:25,2026-09-26_04-07,251,9,AncientLich,79976,Khaldun
2026-09-26,04:07:25,2026-09-26_04-07,251,10,AncientWyrm,95527,Destard
2026-09-26,04:15:59,2026-09-26_04-15,252,1,OrcishMage,6446,the Orc Caves
2026-09-26,04:15:59,2026-09-26_04-15,252,2,JukaMage,12244,Wrong
2026-09-26,04:15:59,2026-09-26_04-15,252,3,OgreLord,19215,Despise
2026-09-26,04:15:59,2026-09-26_04-15,252,4,Dragon,27549,Covetous
2026-09-26,04:15:59,2026-09-26_04-15,252,5,LichLord,30098,Fire
2026-09-26,04:15:59,2026-09-26_04-15,252,6,PoisonElemental,30609,Shame; Deceit
2026-09-26,04:15:59,2026-09-26_04-15,252,7,WhiteWyrm,52540,Ice
2026-09-26,04:15:59,2026-09-26_04-15,252,8,AncientLich,79886,Khaldun
2026-09-26,04:15:59,2026-09-26_04-15,252,9,Balron,86216,Terathan Keep; Hythloth
2026-09-26,04:15:59,2026-09-26_04-15,252,10,AncientWyrm,88720,Destard
2026-09-26,04:26:28,2026-09-26_04-26,253,1,OrcishMage,6203,the Orc Caves
2026-09-26,04:26:28,2026-09-26_04-26,253,2,JukaMage,13721,Wrong
2026-09-26,04:26:28,2026-09-26_04-26,253,3,OgreLord,19598,Despise
2026-09-26,04:26:28,2026-09-26_04-26,253,4,Dragon,29411,Covetous
2026-09-26,04:26:28,2026-09-26_04-26,253,5,LichLord,30888,Fire
2026-09-26,04:26:28,2026-09-26_04-26,253,6,PoisonElemental,31200,Shame; Deceit
2026-09-26,04:26:28,2026-09-26_04-26,253,7,WhiteWyrm,50975,Ice
2026-09-26,04:26:28,2026-09-26_04-26,253,8,Balron,74051,Terathan Keep; Hythloth
2026-09-26,04:26:28,2026-09-26_04-26,253,9,AncientLich,81232,Khaldun
2026-09-26,04:26:28,2026-09-26_04-26,253,10,AncientWyrm,86199,Destard
2026-09-26,04:31:56,2026-09-26_04-31,254,1,OrcishMage,6075,the Orc Caves
2026-09-26,04:31:56,2026-09-26_04-31,254,2,JukaMage,12916,Wrong
2026-09-26,04:31:56,2026-09-26_04-31,254,3,OgreLord,19688,Despise
2026-09-26,04:31:56,2026-09-26_04-31,254,4,PoisonElemental,27555,Shame
2026-09-26,04:31:56,2026-09-26_04-31,254,5,LichLord,29591,Deceit; Fire
2026-09-26,04:31:56,2026-09-26_04-31,254,6,Dragon,31548,Covetous
2026-09-26,04:31:56,2026-09-26_04-31,254,7,WhiteWyrm,51823,Ice
2026-09-26,04:31:56,2026-09-26_04-31,254,8,Balron,79672,Terathan Keep; Hythloth
2026-09-26,04:31:56,2026-09-26_04-31,254,9,AncientLich,82960,Khaldun
2026-09-26,04:31:56,2026-09-26_04-31,254,10,AncientWyrm,88858,Destard
2026-09-26,04:57:46,2026-09-26_04-57,255,1,OrcishMage,6195,the Orc Caves
2026-09-26,04:57:46,2026-09-26_04-57,255,2,JukaMage,14585,Wrong
2026-09-26,04:57:46,2026-09-26_04-57,255,3,OgreLord,17932,Despise
2026-09-26,04:57:46,2026-09-26_04-57,255,4,LichLord,24952,Fire
2026-09-26,04:57:46,2026-09-26_04-57,255,5,PoisonElemental,25703,Shame; Deceit
2026-09-26,04:57:46,2026-09-26_04-57,255,6,Dragon,29216,Covetous
2026-09-26,04:57:46,2026-09-26_04-57,255,7,WhiteWyrm,53709,Ice
2026-09-26,04:57:46,2026-09-26_04-57,255,8,AncientLich,76294,Khaldun
2026-09-26,04:57:46,2026-09-26_04-57,255,9,Balron,77261,Terathan Keep; Hythloth
2026-09-26,04:57:46,2026-09-26_04-57,255,10,AncientWyrm,86626,Destard
2026-09-26,10:41:11,2026-09-26_10-41,256,1,OrcishMage,6474,the Orc Caves
2026-09-26,10:41:11,2026-09-26_10-41,256,2,JukaMage,12372,Wrong
2026-09-26,10:41:11,2026-09-26_10-41,256,3,OgreLord,20362,Despise
2026-09-26,10:41:11,2026-09-26_10-41,256,4,PoisonElemental,26881,Shame
2026-09-26,10:41:11,2026-09-26_10-41,256,5,LichLord,29073,Deceit; Fire
2026-09-26,10:41:11,2026-09-26_10-41,256,6,Dragon,31271,Covetous
2026-09-26,10:41:11,2026-09-26_10-41,256,7,WhiteWyrm,51472,Ice
2026-09-26,10:41:11,2026-09-26_10-41,256,8,AncientLich,80655,Khaldun
2026-09-26,10:41:11,2026-09-26_10-41,256,9,Balron,80657,Terathan Keep; Hythloth
2026-09-26,10:41:11,2026-09-26_10-41,256,10,AncientWyrm,88190,Destard
2026-09-26,11:45:57,2026-09-26_11-45,257,1,OrcishMage,5811,the Orc Caves
2026-09-26,11:45:57,2026-09-26_11-45,257,2,JukaMage,16729,Wrong
2026-09-26,11:45:57,2026-09-26_11-45,257,3,OgreLord,19058,Despise
2026-09-26,11:45:57,2026-09-26_11-45,257,4,PoisonElemental,25410,Shame
2026-09-26,11:45:57,2026-09-26_11-45,257,5,LichLord,28118,Deceit; Fire
2026-09-26,11:45:57,2026-09-26_11-45,257,6,Dragon,31721,Covetous
2026-09-26,11:45:57,2026-09-26_11-45,257,7,WhiteWyrm,52771,Ice
2026-09-26,11:45:57,2026-09-26_11-45,257,8,Balron,81066,Terathan Keep; Hythloth
2026-09-26,11:45:57,2026-09-26_11-45,257,9,AncientLich,82814,Khaldun
2026-09-26,11:45:57,2026-09-26_11-45,257,10,AncientWyrm,86230,Destard
2026-09-26,13:10:55,2026-09-26_13-10,258,1,OrcishMage,5858,the Orc Caves
2026-09-26,13:10:55,2026-09-26_13-10,258,2,JukaMage,16486,Wrong
2026-09-26,13:10:55,2026-09-26_13-10,258,3,OgreLord,20318,Despise
2026-09-26,13:10:55,2026-09-26_13-10,258,4,Dragon,28085,Covetous
2026-09-26,13:10:55,2026-09-26_13-10,258,5,LichLord,29117,Fire
2026-09-26,13:10:55,2026-09-26_13-10,258,6,PoisonElemental,29566,Shame; Deceit
2026-09-26,13:10:55,2026-09-26_13-10,258,7,WhiteWyrm,51713,Ice
2026-09-26,13:10:55,2026-09-26_13-10,258,8,AncientLich,80646,Khaldun
2026-09-26,13:10:55,2026-09-26_13-10,258,9,Balron,85202,Terathan Keep; Hythloth
2026-09-26,13:10:55,2026-09-26_13-10,258,10,AncientWyrm,88428,Destard
2026-09-26,13:16:49,2026-09-26_13-16,259,1,OrcishMage,5748,the Orc Caves
2026-09-26,13:16:49,2026-09-26_13-16,259,2,JukaMage,14017,Wrong
2026-09-26,13:16:49,2026-09-26_13-16,259,3,OgreLord,19462,Despise
2026-09-26,13:16:49,2026-09-26_13-16,259,4,LichLord,26192,Fire
2026-09-26,13:16:49,2026-09-26_13-16,259,5,Dragon,28694,Covetous
2026-09-26,13:16:49,2026-09-26_13-16,259,6,PoisonElemental,29549,Shame; Deceit
2026-09-26,13:16:49,2026-09-26_13-16,259,7,WhiteWyrm,52705,Ice
2026-09-26,13:16:49,2026-09-26_13-16,259,8,Balron,75878,Terathan Keep; Hythloth
2026-09-26,13:16:49,2026-09-26_13-16,259,9,AncientLich,82897,Khaldun
2026-09-26,13:16:49,2026-09-26_13-16,259,10,AncientWyrm,86011,Destard
2026-09-26,14:05:56,2026-09-26_14-05,260,1,OrcishMage,4581,the Orc Caves
2026-09-26,14:05:56,2026-09-26_14-05,260,2,JukaMage,13563,Wrong
2026-09-26,14:05:56,2026-09-26_14-05,260,3,OgreLord,19958,Despise
2026-09-26,14:05:56,2026-09-26_14-05,260,4,PoisonElemental,26582,Shame
2026-09-26,14:05:56,2026-09-26_14-05,260,5,LichLord,27089,Deceit; Fire
2026-09-26,14:05:56,2026-09-26_14-05,260,6,Dragon,28417,Covetous
2026-09-26,14:05:56,2026-09-26_14-05,260,7,WhiteWyrm,51645,Ice
2026-09-26,14:05:56,2026-09-26_14-05,260,8,AncientLich,76721,Khaldun
2026-09-26,14:05:56,2026-09-26_14-05,260,9,Balron,87867,Terathan Keep; Hythloth
2026-09-26,14:05:56,2026-09-26_14-05,260,10,AncientWyrm,93270,Destard
2026-09-26,14:12:05,2026-09-26_14-11,261,1,OrcishMage,5394,the Orc Caves
2026-09-26,14:12:05,2026-09-26_14-11,261,2,JukaMage,12803,Wrong
2026-09-26,14:12:05,2026-09-26_14-11,261,3,OgreLord,18360,Despise
2026-09-26,14:12:05,2026-09-26_14-11,261,4,LichLord,25800,Fire
2026-09-26,14:12:05,2026-09-26_14-11,261,5,PoisonElemental,30638,Shame; Deceit
2026-09-26,14:12:05,2026-09-26_14-11,261,6,Dragon,31146,Covetous
2026-09-26,14:12:05,2026-09-26_14-11,261,7,WhiteWyrm,53747,Ice
2026-09-26,14:12:05,2026-09-26_14-11,261,8,Balron,75507,Terathan Keep; Hythloth
2026-09-26,14:12:05,2026-09-26_14-11,261,9,AncientWyrm,83345,Destard
2026-09-26,14:12:05,2026-09-26_14-11,261,10,AncientLich,84919,Khaldun
2026-09-26,14:25:59,2026-09-26_14-25,262,1,OrcishMage,6035,the Orc Caves
2026-09-26,14:25:59,2026-09-26_14-25,262,2,JukaMage,13426,Wrong
2026-09-26,14:25:59,2026-09-26_14-25,262,3,OgreLord,18562,Despise
2026-09-26,14:25:59,2026-09-26_14-25,262,4,LichLord,27404,Fire
2026-09-26,14:25:59,2026-09-26_14-25,262,5,PoisonElemental,27569,Shame; Deceit
2026-09-26,14:25:59,2026-09-26_14-25,262,6,Dragon,27894,Covetous
2026-09-26,14:25:59,2026-09-26_14-25,262,7,WhiteWyrm,51364,Ice
2026-09-26,14:25:59,2026-09-26_14-25,262,8,AncientLich,79706,Khaldun
2026-09-26,14:25:59,2026-09-26_14-25,262,9,Balron,82300,Terathan Keep; Hythloth
2026-09-26,14:25:59,2026-09-26_14-25,262,10,AncientWyrm,83257,Destard
2026-09-26,14:32:39,2026-09-26_14-32,263,1,OrcishMage,5862,the Orc Caves
2026-09-26,14:32:39,2026-09-26_14-32,263,2,JukaMage,11794,Wrong
2026-09-26,14:32:39,2026-09-26_14-32,263,3,OgreLord,19530,Despise
2026-09-26,14:32:39,2026-09-26_14-32,263,4,LichLord,24854,Fire
2026-09-26,14:32:39,2026-09-26_14-32,263,5,Dragon,31066,Covetous
2026-09-26,14:32:39,2026-09-26_14-32,263,6,PoisonElemental,31648,Shame; Deceit
2026-09-26,14:32:39,2026-09-26_14-32,263,7,WhiteWyrm,52571,Ice
2026-09-26,14:32:39,2026-09-26_14-32,263,8,Balron,79023,Terathan Keep; Hythloth
2026-09-26,14:32:39,2026-09-26_14-32,263,9,AncientLich,79879,Khaldun
2026-09-26,14:32:39,2026-09-26_14-32,263,10,AncientWyrm,80278,Destard
2026-09-26,15:18:37,2026-09-26_15-18,264,1,OrcishMage,5866,the Orc Caves
2026-09-26,15:18:37,2026-09-26_15-18,264,2,JukaMage,15279,Wrong
2026-09-26,15:18:37,2026-09-26_15-18,264,3,OgreLord,19305,Despise
2026-09-26,15:18:37,2026-09-26_15-18,264,4,PoisonElemental,29016,Shame
2026-09-26,15:18:37,2026-09-26_15-18,264,5,Dragon,29551,Covetous
2026-09-26,15:18:37,2026-09-26_15-18,264,6,LichLord,30146,Deceit; Fire
2026-09-26,15:18:37,2026-09-26_15-18,264,7,WhiteWyrm,52564,Ice
2026-09-26,15:18:37,2026-09-26_15-18,264,8,AncientLich,77438,Khaldun
2026-09-26,15:18:37,2026-09-26_15-18,264,9,Balron,80818,Terathan Keep; Hythloth
2026-09-26,15:18:37,2026-09-26_15-18,264,10,AncientWyrm,86600,Destard
