date,time,session,build,state,fights,won,lost,called,on_field,companies,companies_cleared,companies_failed,cleared_lately,unset,by_hand,faults,swept,bots_measured,readings,delve_reads,asked_proven,asked_neighbour,asked_formula,calibration,parsed_lines_agree
2026-09-26,01:40:50,2026-09-26_01-35,234,held,8,5,2,1,1,,,,,0,0,0,7,3,8,formula,8,92,53541,37.71,1
2026-09-26,01:53:12,2026-09-26_01-48,237,held,5,3,2,0,2,,,,,0,1,0,7,7,16,proven,741,5087,34418,2.22,1
2026-09-26,02:00:51,2026-09-26_01-55,238,held,6,4,1,1,4,,,,,0,0,0,7,10,24,proven,36,126,1755,2.48,1
2026-09-26,02:15:51,2026-09-26_02-10,240,held,9,0,5,4,4,,,,,0,0,0,9,22,57,proven,635,2273,13223,2.22,1
2026-09-26,02:38:29,2026-09-26_02-33,245,held,11,6,4,1,3,,,,,0,0,0,12,37,84,proven,975,3763,481,1.21,1
2026-09-26,02:47:02,2026-09-26_02-42,246,held,10,1,9,0,3,3,2,1,"The Crown Wrong, The Blade Wrong",0,0,0,27,37,90,proven,1147,47,466,1.48,1
2026-09-26,02:52:02,2026-09-26_02-42,246,held,20,4,15,1,3,7,2,5,"The Crown Wrong, The Blade Wrong",0,0,0,57,37,91,proven,1356,103,519,1.64,1
2026-09-26,02:57:02,2026-09-26_02-42,246,held,32,10,20,2,3,7,2,5,"The Crown Wrong, The Blade Wrong",0,0,0,68,37,92,proven,3288,321,1086,1.48,1
2026-09-26,03:02:02,2026-09-26_02-42,246,held,42,12,26,4,3,7,2,5,"The Crown Wrong, The Blade Wrong",0,0,0,80,37,94,proven,3722,328,1229,1.32,1
2026-09-26,03:07:02,2026-09-26_02-42,246,held,51,15,30,6,3,7,2,5,"The Crown Wrong, The Blade Wrong",0,0,0,87,37,97,proven,4258,431,1481,1.32,1
2026-09-26,03:12:02,2026-09-26_02-42,246,held,61,21,33,7,3,7,2,5,"The Crown Wrong, The Blade Wrong",0,0,0,96,39,103,proven,5100,551,1895,1.46,1
2026-09-26,03:17:02,2026-09-26_02-42,246,held,68,23,35,10,3,8,2,6,"The Crown Wrong, The Blade Wrong",0,0,0,107,39,106,proven,5174,557,1957,1.46,1
2026-09-26,03:22:02,2026-09-26_02-42,246,held,75,24,37,14,3,10,3,7,"The Crown Wrong, The Blade Wrong, The Lantern Wrong",0,0,0,123,39,109,proven,5611,737,2261,1.46,1
2026-09-26,03:31:54,2026-09-26_03-26,247,held,6,1,1,4,3,2,2,0,"The Blade Wrong, The Crown Wrong",0,0,0,22,39,112,proven,375,78,481,1.41,1
2026-09-26,03:36:54,2026-09-26_03-26,247,held,14,3,5,6,3,3,2,1,"The Blade Wrong, The Crown Wrong",0,0,0,36,39,114,proven,378,80,487,1.37,1
2026-09-26,03:50:52,2026-09-26_03-45,250,held,21,2,19,0,3,0,0,0,none,0,0,0,24,25,31,proven,0,0,0,1.06,1
2026-09-26,03:55:52,2026-09-26_03-45,250,held,40,2,38,0,1,0,0,0,none,0,0,0,43,27,33,proven,0,0,0,1.2,1
2026-09-26,04:00:52,2026-09-26_03-45,250,held,47,2,45,0,0,0,0,0,none,0,0,0,50,27,33,proven,0,0,0,1.19,1
2026-09-26,04:05:52,2026-09-26_03-45,250,held,54,2,52,0,0,0,0,0,none,0,0,0,57,27,33,proven,0,0,0,1.19,1
2026-09-26,04:12:21,2026-09-26_04-07,251,held,24,2,22,0,3,0,0,0,none,0,0,0,25,27,34,proven,0,0,0,0.62,1
2026-09-26,04:20:54,2026-09-26_04-15,252,held,4,0,4,0,3,1,0,1,none,0,0,0,7,27,34,proven,0,6,0,1.04,1
2026-09-26,04:25:54,2026-09-26_04-15,252,held,12,0,12,0,0,1,0,1,none,0,0,0,15,27,34,proven,0,6,0,0.93,1
2026-09-26,04:31:24,2026-09-26_04-26,253,held,19,2,17,0,1,0,0,0,none,0,0,0,19,27,37,proven,0,0,0,1.19,1
2026-09-26,04:36:52,2026-09-26_04-31,254,held,5,0,5,0,0,0,0,0,none,0,0,0,6,27,37,proven,0,0,0,1.16,1
2026-09-26,04:41:52,2026-09-26_04-31,254,held,8,0,8,0,1,0,0,0,none,0,0,0,9,27,37,proven,0,0,0,1.16,1
2026-09-26,04:46:52,2026-09-26_04-31,254,held,13,0,13,0,1,4,0,4,none,0,0,0,30,27,37,proven,4,39,1,1.12,1
2026-09-26,04:51:52,2026-09-26_04-31,254,held,17,0,17,0,0,4,0,4,none,0,0,0,34,27,37,proven,4,39,1,1.16,1
2026-09-26,04:56:52,2026-09-26_04-31,254,held,20,1,19,0,0,4,0,4,none,0,0,0,37,27,37,proven,4,39,1,1.12,1
2026-09-26,05:02:41,2026-09-26_04-57,255,held,7,0,7,0,0,0,0,0,none,0,0,0,11,27,38,proven,0,0,0,1.14,1
2026-09-26,05:07:41,2026-09-26_04-57,255,held,8,0,8,0,0,0,0,0,none,0,0,0,12,27,38,proven,0,0,0,1.14,1
2026-09-26,05:12:41,2026-09-26_04-57,255,held,10,0,10,0,0,0,0,0,none,0,0,0,14,27,38,proven,0,0,0,1.14,1
2026-09-26,05:17:41,2026-09-26_04-57,255,held,10,0,10,0,0,3,0,3,none,0,0,0,27,27,38,proven,8,30,0,1.14,1
2026-09-26,05:22:41,2026-09-26_04-57,255,held,11,1,10,0,0,3,0,3,none,0,0,0,28,27,38,proven,8,30,0,1.14,1
2026-09-26,05:27:41,2026-09-26_04-57,255,held,12,1,11,0,0,3,0,3,none,0,0,0,29,27,38,proven,8,30,0,1.14,1
2026-09-26,05:32:41,2026-09-26_04-57,255,held,13,1,12,0,0,3,0,3,none,0,0,0,30,27,38,proven,8,30,0,1.18,1
2026-09-26,05:37:41,2026-09-26_04-57,255,held,15,1,14,0,0,4,0,4,none,0,0,0,35,27,38,proven,8,36,0,1.19,1
2026-09-26,05:42:41,2026-09-26_04-57,255,held,19,1,18,0,0,4,0,4,none,0,0,0,39,27,38,proven,8,36,0,1.19,1
2026-09-26,05:47:41,2026-09-26_04-57,255,held,19,1,18,0,0,5,0,5,none,0,0,0,44,27,38,proven,14,52,0,1.19,1
2026-09-26,05:52:41,2026-09-26_04-57,255,held,23,2,21,0,0,6,0,6,none,0,0,0,51,27,38,proven,14,52,0,1.22,1
2026-09-26,05:57:41,2026-09-26_04-57,255,held,23,2,21,0,1,6,0,6,none,0,0,0,51,27,38,proven,14,52,0,1.22,1
2026-09-26,06:02:41,2026-09-26_04-57,255,held,24,2,22,0,0,6,0,6,none,0,0,0,52,27,38,proven,14,52,0,1.22,1
2026-09-26,06:07:41,2026-09-26_04-57,255,held,24,2,22,0,0,7,0,7,none,0,0,0,56,27,38,proven,14,64,0,1.22,1
2026-09-26,06:12:41,2026-09-26_04-57,255,held,26,2,24,0,0,7,0,7,none,0,0,0,58,27,38,proven,14,64,0,1.22,1
2026-09-26,06:17:41,2026-09-26_04-57,255,held,28,3,25,0,0,8,0,8,none,0,0,0,65,27,38,proven,23,69,0,1.25,1
2026-09-26,06:22:41,2026-09-26_04-57,255,held,31,3,28,0,0,9,0,9,none,0,0,0,71,27,38,proven,23,75,0,1.25,1
2026-09-26,06:27:41,2026-09-26_04-57,255,held,32,3,29,0,1,9,0,9,none,0,0,0,72,27,38,proven,23,75,0,1.25,1
2026-09-26,06:32:41,2026-09-26_04-57,255,held,38,5,33,0,0,9,0,9,none,0,0,0,78,27,39,proven,23,75,0,1.25,1
2026-09-26,06:37:41,2026-09-26_04-57,255,held,44,7,37,0,2,10,0,10,none,0,0,0,88,27,40,proven,23,81,0,1.3,1
2026-09-26,06:42:41,2026-09-26_04-57,255,held,48,7,41,0,0,10,0,10,none,0,0,0,92,27,41,proven,23,81,0,1.28,1
2026-09-26,06:47:41,2026-09-26_04-57,255,held,52,8,44,0,0,10,0,10,none,0,0,0,96,27,41,proven,30,90,0,1.25,1
2026-09-26,06:52:41,2026-09-26_04-57,255,held,53,8,45,0,0,12,0,12,none,0,0,0,105,27,41,proven,30,96,0,1.25,1
2026-09-26,06:57:41,2026-09-26_04-57,255,held,55,8,47,0,0,12,0,12,none,0,0,0,107,27,41,proven,30,96,0,1.25,1
2026-09-26,07:02:41,2026-09-26_04-57,255,held,57,8,49,0,0,12,0,12,none,0,0,0,109,27,41,proven,30,96,0,1.25,1
2026-09-26,07:07:41,2026-09-26_04-57,255,held,59,8,51,0,0,13,0,13,none,0,0,0,115,27,41,proven,32,100,0,1.16,1
2026-09-26,07:12:41,2026-09-26_04-57,255,held,70,10,60,0,0,14,0,14,none,0,0,0,130,29,43,proven,32,106,6,1.19,1
2026-09-26,07:17:41,2026-09-26_04-57,255,held,73,11,62,0,1,14,0,14,none,0,0,0,133,29,43,proven,32,106,6,1.22,1
2026-09-26,07:22:41,2026-09-26_04-57,255,held,81,11,70,0,0,16,0,16,none,0,0,0,150,29,43,proven,36,126,8,1.26,1
2026-09-26,07:27:41,2026-09-26_04-57,255,held,81,11,70,0,0,16,0,16,none,0,0,0,150,29,43,proven,36,126,8,1.26,1
2026-09-26,07:32:41,2026-09-26_04-57,255,held,82,11,71,0,0,16,0,16,none,0,0,0,151,29,43,proven,36,126,8,1.25,1
2026-09-26,07:37:41,2026-09-26_04-57,255,held,82,11,71,0,0,17,0,17,none,0,0,0,154,29,43,proven,36,132,8,1.25,1
2026-09-26,07:42:41,2026-09-26_04-57,255,held,84,11,73,0,0,18,0,18,none,0,0,0,160,29,43,proven,36,142,8,1.26,1
2026-09-26,07:47:41,2026-09-26_04-57,255,held,85,11,74,0,0,18,0,18,none,0,0,0,161,29,43,proven,36,142,8,1.25,1
2026-09-26,07:52:41,2026-09-26_04-57,255,held,91,12,79,0,1,20,0,20,none,0,0,0,175,30,44,proven,36,162,8,1.26,1
2026-09-26,07:57:41,2026-09-26_04-57,255,held,99,15,84,0,1,20,0,20,none,0,0,0,183,30,45,proven,36,162,8,1.25,1
2026-09-26,08:02:41,2026-09-26_04-57,255,held,103,15,88,0,0,20,0,20,none,0,0,0,187,30,45,proven,36,162,8,1.21,1
2026-09-26,08:07:41,2026-09-26_04-57,255,held,105,15,90,0,0,20,0,20,none,0,0,0,189,31,46,proven,36,162,8,1.16,1
2026-09-26,08:12:41,2026-09-26_04-57,255,held,107,15,92,0,0,22,0,22,none,0,0,0,198,32,47,proven,39,177,8,1.11,1
2026-09-26,08:17:41,2026-09-26_04-57,255,held,111,15,96,0,1,22,0,22,none,0,0,0,202,32,47,proven,39,177,8,1.04,1
2026-09-26,08:22:41,2026-09-26_04-57,255,held,114,15,99,0,0,24,0,24,none,0,0,0,213,32,47,proven,42,196,8,1.02,1
2026-09-26,08:27:41,2026-09-26_04-57,255,held,118,16,102,0,0,24,0,24,none,0,0,0,217,32,47,proven,42,196,8,1.0,1
2026-09-26,08:32:41,2026-09-26_04-57,255,held,121,17,104,0,0,24,0,24,none,0,0,0,220,32,47,proven,42,196,8,1.18,1
2026-09-26,08:37:41,2026-09-26_04-57,255,held,124,17,107,0,0,24,0,24,none,0,0,0,223,32,47,proven,42,196,8,1.23,1
2026-09-26,08:42:41,2026-09-26_04-57,255,held,129,19,110,0,0,26,0,26,none,0,0,0,235,32,48,proven,46,206,8,1.28,1
2026-09-26,08:47:41,2026-09-26_04-57,255,held,130,19,111,0,0,26,0,26,none,0,0,0,236,32,48,proven,46,206,8,1.28,1
2026-09-26,08:52:41,2026-09-26_04-57,255,held,132,20,112,0,0,28,0,28,none,0,0,0,246,33,49,proven,47,225,8,1.3,1
2026-09-26,08:57:41,2026-09-26_04-57,255,held,134,20,114,0,0,28,0,28,none,0,0,0,248,33,49,proven,47,225,8,1.33,1
2026-09-26,09:02:41,2026-09-26_04-57,255,held,144,21,123,0,0,28,0,28,none,0,0,0,258,34,50,proven,47,225,8,1.28,1
2026-09-26,09:07:41,2026-09-26_04-57,255,held,149,22,127,0,0,28,0,28,none,0,0,0,263,35,51,proven,47,225,8,1.23,1
2026-09-26,09:12:41,2026-09-26_04-57,255,held,156,22,134,0,0,30,0,30,none,0,0,0,277,37,53,proven,47,238,9,1.18,1
2026-09-26,09:17:41,2026-09-26_04-57,255,held,159,23,136,0,0,31,0,31,none,0,0,0,284,37,53,proven,49,246,9,1.18,1
2026-09-26,09:22:41,2026-09-26_04-57,255,held,161,23,138,0,1,33,0,33,none,0,0,0,294,37,53,proven,49,278,9,1.18,1
2026-09-26,09:27:41,2026-09-26_04-57,255,held,169,24,145,0,0,33,0,33,none,0,0,0,302,38,55,proven,49,278,9,1.22,1
2026-09-26,09:32:41,2026-09-26_04-57,255,held,175,25,150,0,1,33,0,33,none,0,0,0,308,39,56,proven,49,278,9,1.25,1
2026-09-26,09:37:41,2026-09-26_04-57,255,held,183,27,156,0,1,33,0,33,none,0,0,0,316,39,56,proven,49,278,9,1.34,1
2026-09-26,09:42:41,2026-09-26_04-57,255,held,196,30,166,0,2,35,0,35,none,0,0,0,338,39,57,proven,57,301,14,1.34,1
2026-09-26,09:47:41,2026-09-26_04-57,255,held,205,31,174,0,0,36,0,36,none,0,0,0,352,40,58,proven,61,304,17,1.33,1
2026-09-26,09:52:41,2026-09-26_04-57,255,held,211,32,179,0,1,37,0,37,none,0,0,0,362,41,60,proven,65,310,17,1.34,1
2026-09-26,09:57:41,2026-09-26_04-57,255,held,220,34,186,0,1,38,0,38,none,0,0,0,374,41,61,proven,65,316,17,1.34,1
2026-09-26,10:02:41,2026-09-26_04-57,255,held,229,34,195,0,1,38,0,38,none,0,0,0,383,43,63,proven,65,316,17,1.34,1
2026-09-26,10:07:41,2026-09-26_04-57,255,held,238,34,204,0,1,38,0,38,none,0,0,0,392,44,64,proven,65,316,17,1.33,1
2026-09-26,10:12:41,2026-09-26_04-57,255,held,247,35,212,0,3,40,0,40,none,0,0,0,408,44,64,proven,68,325,17,1.33,1
2026-09-26,10:17:41,2026-09-26_04-57,255,held,267,39,228,0,0,41,0,41,none,0,0,0,433,44,64,proven,78,407,59,1.24,1
2026-09-26,10:22:41,2026-09-26_04-57,255,held,271,39,232,0,2,41,0,41,none,0,0,0,437,44,64,proven,91,478,59,1.18,1
2026-09-26,10:27:41,2026-09-26_04-57,255,held,285,40,245,0,0,43,0,43,none,0,0,0,460,44,64,proven,91,490,59,1.19,1
2026-09-26,10:32:41,2026-09-26_04-57,255,held,289,40,249,0,2,43,0,43,none,0,0,0,464,44,64,proven,91,490,59,1.2,1
2026-09-26,10:37:41,2026-09-26_04-57,255,held,299,40,259,0,0,43,0,43,none,0,0,0,474,44,64,proven,91,490,59,1.29,1
2026-09-26,10:46:06,2026-09-26_10-41,256,held,20,4,16,0,1,3,0,3,none,0,0,0,35,44,64,proven,9,86,17,1.19,1
2026-09-26,10:51:06,2026-09-26_10-41,256,held,33,7,26,0,3,3,0,3,none,0,0,0,48,44,65,proven,9,86,17,1.28,1
2026-09-26,10:56:06,2026-09-26_10-41,256,held,60,12,48,0,2,5,0,5,none,0,0,0,84,45,66,proven,17,147,24,0.98,1
2026-09-26,11:01:06,2026-09-26_10-41,256,held,83,16,67,0,1,5,0,5,none,0,0,0,107,45,66,proven,17,147,24,1.13,1
2026-09-26,11:06:06,2026-09-26_10-41,256,held,94,18,76,0,0,5,0,5,none,0,0,0,118,45,67,proven,17,147,24,1.16,1
2026-09-26,11:11:06,2026-09-26_10-41,256,held,109,20,89,0,0,5,0,5,none,0,0,0,133,47,69,proven,17,147,24,0.97,1
2026-09-26,11:16:06,2026-09-26_10-41,256,held,118,22,96,0,3,8,0,8,none,0,0,0,157,47,69,proven,23,257,24,0.97,1
2026-09-26,11:21:06,2026-09-26_10-41,256,held,138,28,110,0,1,8,0,8,none,0,0,0,177,47,70,proven,23,257,24,0.92,1
2026-09-26,11:26:06,2026-09-26_10-41,256,held,148,29,119,0,0,10,0,10,none,0,0,0,196,47,70,proven,47,333,24,0.88,1
2026-09-26,11:31:06,2026-09-26_10-41,256,held,159,29,130,0,2,10,0,10,none,0,0,0,207,47,70,proven,47,333,24,0.88,1
2026-09-26,11:36:06,2026-09-26_10-41,256,held,173,30,143,0,1,10,0,10,none,0,0,0,221,47,70,proven,47,333,24,1.03,1
2026-09-26,11:41:08,2026-09-26_10-41,256,held,179,31,148,0,0,10,0,10,none,0,0,0,227,47,70,proven,47,333,24,1.04,1
2026-09-26,11:50:53,2026-09-26_11-45,257,held,3,1,2,0,1,1,0,1,none,0,0,0,6,47,70,proven,6,110,0,1.11,1
2026-09-26,11:55:53,2026-09-26_11-45,257,held,18,4,14,0,1,2,0,2,none,0,0,0,26,47,71,proven,37,167,0,1.21,1
2026-09-26,12:00:53,2026-09-26_11-45,257,held,22,4,18,0,0,3,0,3,none,0,0,0,34,47,71,proven,37,167,0,1.21,1
2026-09-26,12:05:53,2026-09-26_11-45,257,held,30,4,26,0,0,3,0,3,none,0,0,0,42,47,71,proven,37,167,0,1.26,1
2026-09-26,12:10:53,2026-09-26_11-45,257,held,36,4,32,0,0,3,0,3,none,0,0,0,48,47,71,proven,37,167,0,1.26,1
2026-09-26,12:15:53,2026-09-26_11-45,257,held,40,6,34,0,1,5,0,5,none,0,0,0,62,47,72,proven,46,192,0,1.28,1
2026-09-26,12:20:53,2026-09-26_11-45,257,held,43,6,37,0,0,6,0,6,none,0,0,0,71,47,72,proven,58,274,0,1.28,1
2026-09-26,12:25:53,2026-09-26_11-45,257,held,45,6,39,0,1,6,0,6,none,0,0,0,73,47,72,proven,58,274,0,1.28,1
2026-09-26,12:30:53,2026-09-26_11-45,257,held,52,7,45,0,1,8,0,8,none,0,0,0,89,47,73,proven,89,323,0,1.23,1
2026-09-26,12:35:53,2026-09-26_11-45,257,held,61,8,53,0,1,8,0,8,none,0,0,0,98,47,73,proven,89,323,0,1.22,1
2026-09-26,12:40:53,2026-09-26_11-45,257,held,67,10,57,0,0,8,0,8,none,0,0,0,104,47,73,proven,89,323,0,1.22,1
2026-09-26,12:45:53,2026-09-26_11-45,257,held,71,11,60,0,1,10,0,10,none,0,0,0,118,47,73,proven,95,385,4,1.22,1
2026-09-26,12:50:53,2026-09-26_11-45,257,held,82,16,66,0,0,11,0,11,none,0,0,0,135,47,74,proven,118,466,4,1.25,1
2026-09-26,12:55:53,2026-09-26_11-45,257,held,84,17,67,0,0,11,0,11,none,0,0,0,137,47,74,proven,118,466,4,1.25,1
2026-09-26,13:00:53,2026-09-26_11-45,257,held,88,18,70,0,1,13,1,12,The Blade Wrong,0,0,0,153,47,74,proven,149,579,4,1.25,1
2026-09-26,13:05:53,2026-09-26_11-45,257,held,92,18,73,1,1,13,1,12,The Blade Wrong,0,0,0,156,47,74,proven,149,639,4,1.22,1
2026-09-26,13:15:50,2026-09-26_13-10,258,held,9,1,8,0,2,1,0,1,The Blade Wrong,0,0,0,14,47,75,proven,0,20,6,1.18,1
2026-09-26,13:21:44,2026-09-26_13-16,259,held,14,3,11,0,3,2,0,2,The Blade Wrong,0,0,0,34,47,75,proven,155,288,27,1.16,1
2026-09-26,13:26:44,2026-09-26_13-16,259,held,33,7,26,0,1,2,0,2,The Blade Wrong,0,0,0,53,47,76,proven,308,417,36,1.22,1
2026-09-26,13:31:44,2026-09-26_13-16,259,held,49,11,38,0,2,3,0,3,The Blade Wrong,0,0,0,74,47,77,proven,614,680,66,1.32,1
2026-09-26,13:36:44,2026-09-26_13-16,259,held,68,14,54,0,1,3,0,3,The Blade Wrong,0,0,0,93,47,79,proven,794,809,66,1.33,1
2026-09-26,13:41:44,2026-09-26_13-16,259,held,80,17,63,0,1,3,0,3,The Blade Wrong,0,0,0,105,47,79,proven,1227,1010,94,1.33,1
2026-09-26,13:46:44,2026-09-26_13-16,259,held,87,20,67,0,0,4,0,4,The Blade Wrong,0,0,0,117,47,79,proven,1472,1157,134,1.32,1
2026-09-26,13:51:44,2026-09-26_13-16,259,held,95,23,72,0,3,6,0,6,The Blade Wrong,0,0,0,136,47,79,proven,1595,1284,134,1.33,1
2026-09-26,13:56:44,2026-09-26_13-16,259,held,99,24,75,0,1,6,0,6,The Blade Wrong,0,0,0,140,47,79,proven,1595,1284,134,1.32,1
2026-09-26,14:01:44,2026-09-26_13-16,259,held,113,28,85,0,0,7,0,7,The Blade Wrong,0,0,0,159,47,79,proven,1595,1349,141,1.32,1
2026-09-26,14:10:52,2026-09-26_14-05,260,held,9,1,8,0,1,0,0,0,The Blade Wrong,0,0,0,9,47,79,proven,15,3,0,1.28,1
2026-09-26,14:17:00,2026-09-26_14-11,261,held,4,0,4,0,1,0,0,0,The Blade Wrong,0,0,0,5,47,79,proven,10,25,0,1.26,1
2026-09-26,14:22:00,2026-09-26_14-11,261,held,11,2,9,0,0,3,0,3,The Blade Wrong,0,0,0,28,47,79,proven,34,81,0,1.15,1
2026-09-26,14:30:54,2026-09-26_14-25,262,held,6,2,4,0,0,1,0,1,The Blade Wrong,0,0,0,11,47,79,proven,6,81,0,1.04,1
2026-09-26,14:37:34,2026-09-26_14-32,263,held,17,5,12,0,3,0,0,0,The Blade Wrong,0,0,0,18,47,79,proven,3,3,0,1.19,1
2026-09-26,14:42:34,2026-09-26_14-32,263,held,24,5,19,0,0,0,0,0,The Blade Wrong,0,0,0,25,47,79,proven,36,12,9,1.16,1
2026-09-26,14:47:34,2026-09-26_14-32,263,held,30,7,23,0,0,0,0,0,The Blade Wrong,0,0,0,31,47,80,proven,147,161,108,1.19,1
2026-09-26,14:52:34,2026-09-26_14-32,263,held,44,11,33,0,1,4,1,3,"The Blade Wrong, The Lantern Wrong",0,0,0,66,47,80,proven,233,353,222,1.21,1
2026-09-26,14:57:34,2026-09-26_14-32,263,held,57,12,45,0,0,4,1,3,"The Blade Wrong, The Lantern Wrong",0,0,0,79,47,80,proven,233,512,225,1.24,1
2026-09-26,15:02:34,2026-09-26_14-32,263,held,68,15,53,0,0,5,1,4,The Lantern Wrong,0,0,0,95,47,80,proven,257,542,225,1.28,1
2026-09-26,15:07:34,2026-09-26_14-32,263,held,78,18,60,0,1,5,1,4,The Lantern Wrong,0,0,0,105,47,80,proven,257,596,225,1.31,1
2026-09-26,15:12:34,2026-09-26_14-32,263,held,86,18,68,0,2,5,1,4,The Lantern Wrong,0,0,0,113,48,81,proven,263,605,225,1.25,1
2026-09-26,15:17:34,2026-09-26_14-32,263,held,110,23,87,0,1,5,1,4,The Lantern Wrong,0,0,0,136,48,82,proven,299,629,234,1.28,1
2026-09-26,15:23:32,2026-09-26_15-18,264,held,13,2,11,0,0,3,0,3,The Lantern Wrong,0,0,0,30,48,83,proven,8,49,5,1.32,1
2026-09-26,15:28:32,2026-09-26_15-18,264,held,19,2,17,0,0,3,0,3,The Lantern Wrong,0,0,0,36,48,83,proven,8,49,5,1.31,1
