fight_id,date,time,build,bot,class,creature,result,seconds,traced_seconds,first_trace_weapon,first_swing_in_ms,start_tiles,ammo_at_start,ammo_first_trace,first_shot_at_s,shots_seen,shot_times_s,shot_gaps_s,median_shot_gap_s,swing_in_ms_after_shots,creature_within_1_tile_at_s,creature_spells_in_order,seconds_seen_paralysed,creature_hits_start,creature_hits_max,creature_hits_end,double_hits_end
347,2026-09-26,04:34:12,254,Cassia,WarriorArcher,OrcishMage,lost,16,15,Bow,7299,6,8,8,7,2,7 13,6,6,4744 5503,3,Feeblemind MindBlast Lightning,0,124,124,95,19
348,2026-09-26,04:35:03,254,Cassia,WarriorArcher,OrcishMage,lost,41,40,Bow,7300,6,21,21,8,7,8 13 18 24 29 34 40,5 5 6 5 5 6,5.0,4357 4404 4416 4862 5070 5469 5241,3,Fireball ManaDrain Paralyze MindBlast Bless Clumsy Poison MindBlast Harm,0,123,123,50,13
349,2026-09-26,04:36:42,254,Cassia,WarriorArcher,OrcishMage,lost,28,27,Bow,7301,6,8,8,8,4,8 13 18 23,5 5 5,5,4111 4239 4328 5188,5,Paralyze MindBlast Poison ManaDrain MindBlast,0,144,144,113,18
367,2026-09-26,04:58:19,255,Wystan,WarriorArcher,OrcishMage,lost,34,33,Crossbow,5668,6,0,0,,0,,,,,2,Paralyze Curse Harm Fireball Lightning,3,135,135,86,3
368,2026-09-26,04:58:26,255,Cassia,WarriorArcher,OrcishMage,lost,15,15,Bow,4830,6,1,0,0,1,0,,,4830,2,MagicArrow Lightning MindBlast Lightning,0,133,133,132,17
369,2026-09-26,04:58:41,255,Elspeth,Archer,OrcishMage,lost,17,15,Bow,4743,6,3,2,0,3,0 5 9,5 4,4.5,4743 4485 5755,6,ManaDrain EnergyBolt Heal Lightning,0,140,140,127,19
672,2026-09-26,10:42:45,256,Corwin,Archer,OrcishMage,lost,17,16,Bow,4646,6,0,0,,0,,,,,2,Poison Weaken MagicArrow Lightning,0,147,147,139,8
673,2026-09-26,10:42:48,256,Hollis,Archer,OrcishMage,lost,33,31,Bow,4471,6,49,48,0,6,0 5 9 15 20 27,5 4 6 5 7,5,4471 4112 4953 5157 5712 5667,5,Lightning ManaDrain MindBlast Fireball Explosion Curse Poison Paralyze,2,145,145,102,1
674,2026-09-26,10:43:07,256,Aric,Archer,OrcishMage,lost,21,21,Bow,4614,6,73,72,0,4,0 5 9 16,5 4 7,5,4614 4030 5889 5503,4,Explosion Invisibility GreaterHeal Bless Lightning MagicArrow,0,97,128,93,0
851,2026-09-26,11:49:01,257,Emrys,Archer,OrcishMage,lost,43,40,Bow,4783,6,28,27,0,2,0 35,35,35,4783 5962,4,EnergyBolt Bless Fireball Paralyze Bless Fireball,9,111,138,98,6
857,2026-09-26,11:51:33,257,Aric,Archer,OrcishMage,lost,34,32,Bow,4634,6,53,52,0,7,0 5 9 15 20 24 30,5 4 6 5 4 6,5.0,4634 4048 4822 4598 4175 4917 5209,4,Harm Lightning Poison MindBlast Paralyze Bless Harm MindBlast,0,123,123,16,11
863,2026-09-26,11:52:50,257,Emrys,Archer,OrcishMage,lost,41,39,Bow,4911,6,16,15,0,8,0 5 10 16 23 28 35 40,5 5 6 7 5 7 5,5,4911 5014 5664 5480 5039 5792 5265 5850,4,ManaDrain Explosion ManaDrain Bless Weaken Feeblemind Harm GreaterHeal Harm MindBlast,0,140,140,96,17
951,2026-09-26,13:11:18,258,Hollis,Archer,OrcishMage,lost,13,13,Bow,4384,6,0,0,,0,,,,,2,EnergyBolt MindBlast Explosion ManaDrain,0,130,130,110,0
955,2026-09-26,13:13:32,258,Delwyn,Archer,OrcishMage,lost,57,53,Bow,4537,6,123,122,0,11,0 5 10 14 19 24 30 36 41 46 52,5 5 4 5 5 6 6 5 5 6,5.0,4537 3855 4180 4946 4723 4720 4301 4417 4560 5173 6035,4,Heal Fireball Lightning EnergyBolt ManaDrain Poison EnergyBolt,0,108,132,2,1
956,2026-09-26,13:14:16,258,Kestrel,Archer,OrcishMage,won,30,29,Bow,4682,6,135,134,0,6,0 5 10 14 20 25,5 5 4 6 5,5,4682 4358 4238 4983 4991 4957,4,Poison Explosion Lightning Curse MagicArrow Bless,0,136,136,27,10
974,2026-09-26,13:20:19,259,Marek,Archer,OrcishMage,lost,24,23,Bow,4743,6,30,29,0,5,0 5 10 15 20,5 5 5 5,5.0,4743 4104 4663 4406 4821,4,Paralyze Poison EnergyBolt Lightning MindBlast,3,126,126,126,10
975,2026-09-26,13:21:16,259,Marek,Archer,OrcishMage,lost,27,25,Bow,4822,6,150,149,0,5,0 5 11 15 21,5 6 4 6,5.5,4822 4431 4187 5081 5390,3,MindBlast Bless MagicArrow Fireball ManaDrain Bless,0,108,144,98,2
976,2026-09-26,13:21:53,259,Garrow,Archer,OrcishMage,won,65,59,Bow,4578,6,144,143,0,12,0 5 9 14 20 24 29 35 41 47 53 59,5 4 5 6 4 5 6 6 6 6 6,6,4578 3958 4281 4259 3957 4634 5446 5844 5360 5635 4862 5358,5,Bless MagicArrow ManaDrain Lightning Harm Lightning Bless,0,112,119,0,16
1084,2026-09-26,14:07:11,260,Cassia,WarriorArcher,OrcishMage,lost,20,18,Bow,4586,6,0,0,,0,,,,,2,Fireball Lightning ManaDrain Explosion,0,150,150,114,3
1085,2026-09-26,14:08:16,260,Delwyn,Archer,OrcishMage,lost,39,36,Bow,4519,6,19,18,0,8,0 5 10 15 19 25 31 36,5 5 5 4 6 6 5,5,4519 4005 4446 3875 5072 5049 4938 6330,5,Lightning Explosion MindBlast Explosion Harm Fireball GreaterHeal Lightning,0,107,136,71,5
1086,2026-09-26,14:08:44,260,Delwyn,Archer,OrcishMage,lost,28,27,Bow,4514,6,15,14,0,6,0 5 9 15 19 24,5 4 6 4 5,5,4514 3833 4334 3623 4359 4104,3,MindBlast Poison Weaken Fireball Explosion MindBlast,0,93,126,46,0
1098,2026-09-26,14:13:20,261,Delwyn,Archer,OrcishMage,lost,19,18,Bow,4504,6,3,2,0,3,0 5 10,5 5,5.0,4504 3855 1573,3,MindBlast Harm Heal,0,143,149,121,5
1101,2026-09-26,14:17:34,261,Fenna,Archer,OrcishMage,lost,41,38,Bow,4601,6,135,134,0,9,0 5 10 14 19 24 30 34 39,5 5 4 5 5 6 4 5,5.0,4601 3775 4169 4553 3968 4535 4014 5028 5984,3,Heal Poison Paralyze Bless Paralyze Curse Paralyze MagicArrow GreaterHeal,8,122,142,37,3
1102,2026-09-26,14:17:51,261,Kestrel,Archer,OrcishMage,lost,29,27,Bow,4719,6,93,92,0,5,0 5 11 15 22,5 6 4 7,5.5,4719 4253 4337 6202 5958,4,Paralyze Fireball Lightning MindBlast ManaDrain Poison MagicArrow,3,128,128,128,0
1121,2026-09-26,14:33:32,263,Kestrel,Archer,OrcishMage,lost,21,20,Bow,4924,6,66,65,0,4,0 5 11 16,5 6 5,5,4924 5008 4653 4753,3,MindBlast ManaDrain EnergyBolt Explosion Harm,0,125,125,59,28
1129,2026-09-26,14:36:02,263,Emrys,Archer,OrcishMage,won,48,46,Bow,4561,6,69,68,0,9,0 5 9 15 20 26 31 38 43,5 4 6 5 6 5 7 5,5.0,4561 4121 4972 5373 5331 4699 5310 4667 4994,5,MindBlast ManaDrain Harm Explosion Bless,0,141,141,8,17
1131,2026-09-26,14:36:27,263,Emrys,Archer,JukaMage,lost,21,20,Bow,4559,6,68,67,0,5,0 5 10 15 19,5 5 5 4,5.0,4559 4305 4045 4390 6097,5,Heal Fireball Poison MindBlast Explosion Fireball,0,220,247,199,6
1239,2026-09-26,15:22:06,264,Garrow,Archer,OrcishMage,lost,34,32,Bow,4437,6,72,71,0,8,0 4 10 14 19 24 28 33,4 6 4 5 5 4 5,5,4437 4477 3917 4358 3597 3837 4286 6114,4,Heal Poison Bless Weaken Harm EnergyBolt Fireball,0,109,120,67,1
1240,2026-09-26,15:22:55,264,Ysolt,WarriorArcher,OrcishMage,lost,26,25,Bow,4742,6,84,83,0,5,0 6 10 16 21,6 4 6 5,5.5,4742 3941 4485 4030 4554,6,Invisibility MindBlast Poison MagicArrow Lightning Harm,0,98,122,60,14
