bot,kind,takes,share_of_kind,first_take,last_take,estimate_median,rate_median,new_median,takes_with_new_0
Edda,forge,21929,0.6968,2026-09-20 08:27:33,2026-09-25 17:23:58,536.0,164.0,0.0,18518
Merrick,mine,4992,0.0942,2026-09-18 00:08:23,2026-09-26 14:52:51,10.0,11.0,0.34,215
Sable,mine,4616,0.0871,2026-09-18 00:08:23,2026-09-26 03:27:56,12.0,13.0,0.35,0
Ulla,mine,3900,0.0736,2026-09-18 00:08:23,2026-09-26 11:29:55,24.0,27.0,0.5,0
Vance,mine,3866,0.0729,2026-09-18 00:08:23,2026-09-26 13:31:38,29.0,34.0,0.56,0
Alden,forge,3795,0.1206,2026-09-18 20:41:14,2026-09-26 14:26:08,275.0,125.0,0.01,1656
Nessa,mine,3340,0.063,2026-09-18 00:08:23,2026-09-26 14:49:58,40.0,47.0,0.6,0
Lysa,mine,3110,0.0587,2026-09-18 00:08:23,2026-09-26 11:09:29,43.0,51.0,0.63,0
Torvin,mine,2947,0.0556,2026-09-18 00:08:23,2026-09-26 11:11:26,32.0,36.0,0.56,0
Alden,mine,2888,0.0545,2026-09-18 20:41:37,2026-09-26 13:55:46,46.0,49.0,0.61,0
Perri,mine,2873,0.0542,2026-09-18 00:08:23,2026-09-26 15:18:37,43.0,50.0,0.64,0
Quill,mine,2507,0.0473,2026-09-18 00:08:23,2026-09-25 17:10:45,52.0,61.0,0.65,0
Merrick Ashdown,prowl,2329,0.0249,2026-09-18 00:08:24,2026-09-25 17:25:06,3.0,2.0,1.0,0
Kerrin,mine,2313,0.0436,2026-09-18 00:08:23,2026-09-26 15:27:19,60.0,72.0,0.74,0
Joss,prowl,2209,0.0236,2026-09-18 00:08:23,2026-09-26 13:55:43,2.0,2.0,1.0,0
Joss Ashdown,prowl,2171,0.0232,2026-09-18 00:08:24,2026-09-25 17:17:33,2.0,2.0,1.0,0
Calla,mine,2152,0.0406,2026-09-18 20:38:56,2026-09-26 14:47:37,47.0,52.0,0.62,0
Hale,forge,2092,0.0665,2026-09-18 01:32:53,2026-09-25 17:27:34,454.5,437.5,0.21,0
Yarrow,prowl,2038,0.0218,2026-09-18 00:08:45,2026-09-26 15:12:56,2.0,2.0,1.0,0
Orin,mine,2003,0.0378,2026-09-18 00:08:23,2026-09-26 14:49:28,63.0,75.0,0.74,0
Maeve,prowl,1997,0.0213,2026-09-18 00:08:23,2026-09-26 15:09:29,3.0,2.0,1.0,0
Wynn,prowl,1951,0.0208,2026-09-18 00:08:50,2026-09-26 14:48:46,2.0,2.0,1.0,0
Emrys,prowl,1936,0.0207,2026-09-18 00:08:23,2026-09-26 15:27:15,2.0,2.0,1.0,0
Delwyn,prowl,1908,0.0204,2026-09-18 00:08:23,2026-09-26 15:16:26,2.0,2.0,1.0,0
Nessa Ashdown,prowl,1895,0.0202,2026-09-18 00:08:24,2026-09-25 17:27:41,3.0,2.0,1.0,0
Garrow,prowl,1879,0.0201,2026-09-18 00:08:23,2026-09-26 15:15:04,2.0,2.0,1.0,0
Ronan,prowl,1879,0.0201,2026-09-18 00:08:23,2026-09-26 15:24:46,2.0,2.0,1.0,0
Quenna,prowl,1875,0.02,2026-09-18 00:08:44,2026-09-25 17:27:34,2.0,2.0,1.0,0
Doran Ashdown,prowl,1874,0.02,2026-09-18 00:10:08,2026-09-25 16:56:21,3.0,2.0,1.0,0
Ilsa Ashdown,prowl,1871,0.02,2026-09-18 00:08:24,2026-09-25 17:18:10,2.0,2.0,1.0,0
Edda,mine,1861,0.0351,2026-09-18 20:39:00,2026-09-25 17:32:04,45.0,50.0,0.64,0
Ulwin,prowl,1853,0.0198,2026-09-18 00:19:19,2026-09-26 15:21:46,2.0,2.0,1.0,0
Lysa Ashdown,prowl,1851,0.0198,2026-09-18 00:08:24,2026-09-25 17:13:21,2.0,2.0,1.0,0
Hale,mine,1840,0.0347,2026-09-18 00:08:53,2026-09-26 11:52:34,63.0,72.0,0.64,0
Calla Ashdown,prowl,1826,0.0195,2026-09-18 00:13:47,2026-09-25 17:26:48,3.0,2.0,1.0,0
Oswin,prowl,1814,0.0194,2026-09-18 00:08:23,2026-09-25 17:17:23,2.0,2.0,1.0,0
Brannoc,prowl,1795,0.0192,2026-09-18 00:08:23,2026-09-26 12:51:18,2.0,2.0,1.0,0
Faron Ashdown,prowl,1793,0.0192,2026-09-18 00:13:59,2026-09-25 17:17:17,3.0,2.0,1.0,0
Gerda Ashdown,prowl,1783,0.019,2026-09-18 00:11:09,2026-09-25 17:27:35,3.0,2.0,1.0,0
Aric,prowl,1770,0.0189,2026-09-18 00:08:23,2026-09-26 15:27:59,2.0,2.0,1.0,0
