kind,takes,share_of_takes,bots,estimate_p25,estimate_median,estimate_p75,rate_p25,rate_median,rate_p75,factor_p10,factor_median,share_own_trade,share_another_trade,share_tolled,share_with_refusal,share_only_offer,offers_median,share_with_runner_up,runner_up_rate_median,margin_over_runner_up_median,bites_near,bites_new,bites_room,bites_safe,bites_purse,bites_load,bites_revel,bites_ground,bites_charter,near_median,new_median,room_median,top_bot,top_bot_share
prowl,93608,0.2025,106,1.0,2.0,6.0,1.0,2.0,5.0,0.63,0.79,0.0,0.0,0.0001,0.2366,0.9178,1.0,0.0822,5.0,1.75,1.0,0.306,0.9945,0.0003,0.2024,0.0,0.0,0.131,0.0,0.47,1.0,0.77,Merrick Ashdown,0.0249
mine,53019,0.1147,93,11.0,45.0,89.0,12.0,50.0,101.0,0.63,0.86,0.9803,0.0197,0.0,0.4662,0.1231,3.0,0.8769,11.0,3.27,0.9954,0.7775,0.996,0.0,0.0859,0.0,0.0,0.1022,0.0,0.88,0.61,0.88,Merrick,0.0942
restock,41826,0.0905,116,12.0,12.0,12.0,10.0,11.0,12.0,0.76,0.9,0.0,0.0,0.0,0.4409,0.3876,2.0,0.6124,5.0,2.25,0.3756,0.63,0.7078,0.0023,0.1458,0.0,0.0,0.0288,0.0,1.0,0.74,0.99,Doran Ashdown,0.0389
peddle,38449,0.0832,116,106.0,174.0,267.0,94.0,152.0,228.0,0.78,0.88,0.0,0.0,0.0,0.4668,0.1053,4.0,0.8947,24.0,5.18,0.9556,0.6925,0.9609,0.0008,0.0,0.0,0.0,0.0,0.0,0.85,0.74,0.94,Hale,0.0296
hunt,36089,0.0781,110,86.0,119.0,162.0,108.0,151.0,207.0,0.91,0.97,0.986,0.014,0.0001,0.2286,0.4521,2.0,0.5479,19.0,7.12,0.9961,0.1863,0.9355,0.0064,0.0,0.0,0.0,0.0783,0.0,0.91,1.0,0.96,Doran Ashdown,0.0246
forge,31471,0.0681,15,315.0,469.0,615.0,143.0,182.0,261.0,0.23,0.3,1.0,0.0,0.0,0.2776,0.0006,6.0,0.9994,70.0,2.71,0.2127,0.9823,0.2941,0.005,0.0318,0.0,0.0,0.0,0.0,1.0,0.0,1.0,Edda,0.6968
unload,29593,0.064,116,7.0,12.0,23.0,5.0,10.0,19.0,0.68,0.81,0.0,0.0,0.0,0.4977,0.3414,2.0,0.6586,5.0,2.0,1.0,0.8251,0.9433,0.0056,0.1454,0.0,0.0,0.0,0.0,0.59,0.7,0.94,Merrick Ashdown,0.0193
acquire,18961,0.041,112,16.0,36.0,73.0,14.0,33.0,67.0,0.79,0.9,0.0,0.0,0.0,0.4663,0.22,3.0,0.78,12.0,2.69,0.674,0.5189,0.723,0.0029,0.0962,0.0,0.0,0.0148,0.0,0.99,0.88,0.97,Bryn Ashdown,0.0272
chop,16355,0.0354,65,269.0,334.0,427.0,253.0,324.0,417.0,0.59,0.75,0.9575,0.0425,0.0,0.2677,0.0018,5.0,0.9982,120.0,2.8,0.7649,0.8852,0.9261,0.0012,0.014,0.0,0.0,0.0483,0.0,0.99,0.27,0.89,Orin,0.0912
order,9946,0.0215,116,200.0,273.0,339.0,194.0,269.0,335.0,0.94,1.0,0.0,0.0,0.0,0.41,0.0861,4.0,0.9139,50.0,5.03,0.0,0.2195,0.1038,0.0015,0.0,0.0,0.0,0.0255,0.0,1.0,1.0,1.0,Hale,0.0432
sew,9158,0.0198,51,137.0,221.0,345.0,145.0,235.0,372.0,0.71,0.87,0.9579,0.0421,0.0,0.4387,0.0076,5.0,0.9924,81.0,2.76,0.1052,0.8114,0.4019,0.0013,0.0444,0.0,0.0,0.0041,0.0,1.0,0.48,1.0,Calla,0.1685
inscribe,7655,0.0166,29,118.0,164.0,241.0,130.5,185.0,271.0,0.75,0.89,0.9988,0.0012,0.0,0.5641,0.0256,4.0,0.9744,12.0,8.5,0.5331,0.7805,0.6959,0.0,0.1851,0.0,0.0,0.0,0.0,0.98,0.63,0.99,Ilsa,0.1816
rescue,7570,0.0164,108,33.0,60.0,105.0,41.0,74.0,129.0,0.91,0.99,0.962,0.038,0.0,0.2398,0.6526,1.0,0.3474,10.0,5.8,0.5791,0.2032,0.5018,0.0103,0.0,0.0003,0.0,0.0617,0.0,0.98,1.0,0.99,Gerda Ashdown,0.0287
herbs,6502,0.0141,73,24.0,34.0,45.0,21.0,30.0,41.0,0.82,0.89,0.0,0.0,0.0,0.5011,0.0989,4.0,0.9011,12.0,2.25,1.0,0.0952,0.7545,0.0,0.0,0.0,0.0,0.2381,0.0,0.63,1.0,0.98,Nessa,0.0308
brew,6394,0.0138,82,103.0,155.0,235.0,118.0,181.0,273.0,0.78,0.97,0.9362,0.0638,0.0,0.3991,0.097,4.0,0.903,43.0,4.55,0.0,0.3607,0.6911,0.0041,0.2165,0.0,0.0,0.0383,0.0,1.0,1.0,0.98,Piers,0.0713
supply,6338,0.0137,104,260.0,260.0,260.0,233.0,240.0,244.0,0.76,0.92,0.0,0.0,0.0,0.4309,0.0825,4.0,0.9175,53.0,4.26,0.9979,0.0514,0.7775,0.0035,0.1571,0.0,0.0,0.0,0.0,0.7,1.0,0.98,Quill,0.0377
cook,5637,0.0122,108,48.0,63.0,84.0,43.0,56.0,77.0,0.81,0.91,0.0,0.0,0.0,0.3282,0.0211,4.0,0.9789,13.0,3.71,0.9172,0.3704,0.7763,0.0012,0.0866,0.0,0.0,0.0358,0.0,0.7,1.0,0.98,Joss Ashdown,0.0227
homeward,5169,0.0112,93,5.0,5.0,5.0,4.0,5.0,5.0,0.85,0.93,0.0,0.0,0.0,0.8125,0.9704,2.0,0.0296,1.0,2.5,1.0,0.6024,0.7175,0.0217,0.0,0.0,0.0,0.0014,0.0,0.8,0.82,0.98,Rhiannon,0.0667
stake,4713,0.0102,108,200.0,200.0,200.0,163.0,173.0,183.0,0.67,0.87,0.0,0.0,0.0,0.422,0.1441,4.0,0.8559,41.0,4.0,0.9989,0.3121,0.9624,0.0312,0.1827,0.0,0.0,0.4744,0.0,0.78,1.0,0.88,Fenna,0.0388
mend,3987,0.0086,101,12.0,28.0,66.0,13.0,30.0,74.0,0.73,0.98,0.8771,0.1229,0.0,0.3516,0.5927,2.0,0.4073,12.0,3.12,0.4966,0.2686,0.5513,0.0135,0.2054,0.0003,0.0,0.0341,0.0,1.0,1.0,0.99,Joss,0.0258
band,3587,0.0078,106,3.0,4.0,8.0,2.0,4.0,7.0,0.93,0.97,0.0,0.0,0.0,0.5565,0.5238,2.0,0.4762,2.0,2.0,0.9964,0.1257,0.2991,0.0,0.0,0.0,0.0,0.0418,0.0,0.88,1.0,1.0,Joss,0.0477
glean,3486,0.0075,46,6.0,10.0,18.0,6.0,9.0,17.0,0.91,0.99,0.0,0.0,0.0,0.4114,0.3439,2.0,0.6561,3.0,3.0,0.9857,0.0777,0.1145,0.0,0.0975,0.0,0.0,0.0924,0.0,0.97,1.0,1.0,Joss Ashdown,0.0559
escort,3249,0.007,17,45.0,45.0,50.0,45.0,57.0,63.0,0.63,0.93,1.0,0.0,0.0003,0.7236,0.6713,3.0,0.3287,12.0,4.75,0.9523,0.3561,0.7248,0.0089,0.4131,0.0,0.0,0.0813,0.0,0.94,1.0,0.99,Piers,0.1797
flee,2853,0.0062,93,167.0,250.0,333.0,166.0,223.0,314.0,0.8,0.97,0.0,0.0,0.0,0.0137,0.8503,1.0,0.1497,22.0,11.09,0.0,0.5061,0.3256,0.0666,0.0,0.0011,0.0,0.0137,0.0,1.0,0.94,1.0,Gerda,0.0533
forage,2622,0.0057,99,4.0,6.0,13.0,3.0,6.0,12.0,0.68,0.98,0.0,0.0,0.0,0.5061,0.4172,2.0,0.5828,2.0,2.21,0.9992,0.04,0.0908,0.0359,0.2361,0.0,0.0,0.0458,0.0,0.91,1.0,1.0,Ronan,0.0248
housecall,2160,0.0047,17,8.0,8.0,8.0,8.0,8.0,8.0,0.9,0.96,0.0,0.0,0.0,0.775,0.9255,2.0,0.0745,5.0,1.6,1.0,0.1185,0.4736,0.0,0.0,0.0,0.0,0.0773,0.0,0.84,1.0,1.0,Rhiannon,0.1838
evict,2052,0.0044,84,380.0,380.0,380.0,324.0,369.0,392.0,0.69,0.97,0.0,0.0,0.0,0.5288,0.1038,4.0,0.8962,166.0,2.18,0.9937,0.5482,0.1628,0.0219,0.2057,0.0,0.0,0.0,0.0,0.96,0.79,1.0,Yarrow,0.0487
fletch,1835,0.004,23,110.0,237.0,693.5,114.0,268.0,877.0,0.89,0.98,0.8572,0.1428,0.0,0.4681,0.0044,5.0,0.9956,108.0,2.27,0.0,0.551,0.0463,0.0016,0.0992,0.0,0.0,0.0185,0.0,1.0,0.9,1.0,Calla,0.1395
rally,1657,0.0036,95,400.0,700.0,700.0,354.0,525.0,645.0,0.58,0.87,0.0,0.0,0.0,0.4303,0.032,5.0,0.968,171.0,3.37,0.971,0.3289,0.9795,0.1648,0.0935,0.0,0.0,0.2674,0.0,0.88,1.0,0.73,Delwyn,0.0332
pickings,1522,0.0033,95,81.0,145.0,256.0,80.0,143.0,251.0,0.93,0.99,0.0,0.0,0.0,0.4389,0.2819,3.0,0.7181,27.0,3.9,0.9987,0.1616,0.0368,0.0,0.0,0.0,0.0,0.0499,0.0,0.99,1.0,1.0,Selwyn,0.0296
ward,610,0.0013,28,300.0,300.0,300.0,167.2,195.0,226.8,0.31,0.65,0.0,0.0,0.0,0.6295,0.2262,4.0,0.7738,94.0,1.83,1.0,0.9148,0.0574,0.0,0.2967,0.0,0.0,0.2164,0.0,0.82,0.19,1.0,Pell,0.1738
drill,604,0.0013,4,2.0,7.0,22.0,2.0,6.0,19.0,0.76,0.87,0.0,0.0,0.0,0.6821,0.3427,3.0,0.6573,5.0,2.0,0.5828,0.8924,0.005,0.0066,0.0,0.0,0.0,0.0,0.0,0.97,0.51,1.0,Ilsa,0.5017
stroll,563,0.0012,2,6.0,6.0,6.0,5.0,5.0,5.0,0.79,0.83,0.0,0.0,0.0,0.135,0.9982,1.0,0.0018,5,1.0,0.9911,0.929,0.0,0.0,0.0,0.0,0.0,0.0,0.0,0.96,0.43,1.0,Gerda,0.9751
scout,480,0.001,4,40.0,40.0,40.0,35.8,37.0,39.0,0.82,0.94,0.0,0.0,0.0,0.2104,0.0354,3.0,0.9646,8.0,4.6,0.9979,0.5625,0.0271,0.0146,0.0,0.0,0.0,0.0375,0.0,0.96,0.76,1.0,Faron,0.5917
delve,416,0.0009,70,45.8,78.0,116.0,43.0,75.0,110.0,0.91,0.98,0.0,0.0,0.0,0.4135,0.1659,4.0,0.8341,16.0,3.62,0.9495,0.387,0.5529,0.0096,0.0,0.0,0.0,0.0,0.0,0.96,1.0,0.98,Piers,0.0721
reclaim,325,0.0007,72,10.0,24.0,52.0,8.0,20.0,45.0,0.68,0.79,0.0,0.0,0.0,0.5354,0.2062,3.0,0.7938,11.0,2.0,1.0,0.2092,0.3138,0.0646,0.0,0.0,0.0,0.0462,0.0,0.34,1.0,1.0,Delwyn,0.0554
harrow,317,0.0007,38,16.0,30.0,41.0,14.0,29.0,40.0,0.86,0.97,0.0,0.0,0.0,0.1356,0.041,2.0,0.959,6.0,3.21,0.9085,0.4732,0.2114,0.041,0.0,0.0,0.0,0.0379,0.0,0.91,1.0,1.0,Gerda,0.6341
drill-in,295,0.0006,63,208.0,264.0,355.0,267.5,337.0,455.5,0.94,0.98,1.0,0.0,0.0,0.2305,0.1186,3.0,0.8814,20.0,12.75,0.9492,0.1932,0.6203,0.0,0.0102,0.0,0.0,0.0,0.0,0.95,1.0,0.99,Joss,0.0373
enlist,234,0.0005,71,7.0,12.0,19.0,7.0,12.0,19.0,0.92,0.99,0.0,0.0,0.0,0.5812,0.5171,3.0,0.4829,6.0,2.26,0.8761,0.0385,0.3419,0.0256,0.0,0.0,0.0,0.094,0.0,0.97,1.0,1.0,Maeve,0.047
tutor,158,0.0003,101,300.0,300.0,300.0,278.0,284.5,292.0,0.91,0.95,0.0,0.0,0.0,0.1899,0.0,5.0,1.0,108.5,2.65,1.0,0.0063,0.1835,0.0,0.0,0.0,0.0,0.0,0.0,0.77,1.0,1.0,Talia,0.0253
quarrel,133,0.0003,37,400.0,400.0,700.0,341.0,387.0,489.0,0.64,0.93,0.0,0.0,0.0,0.4586,0.2632,3.0,0.7368,151.0,3.92,0.9699,0.2105,0.609,0.188,0.1353,0.0,0.0,0.0752,0.0,0.94,1.0,0.98,Perri,0.1128
liberate,109,0.0002,53,55.0,294.0,576.0,55.0,285.0,548.0,0.83,0.99,0.0,0.0,0.0,0.4128,0.1376,4.0,0.8624,45.0,4.78,0.8716,0.0183,0.0367,0.0183,0.2018,0.0,0.0,0.0183,0.0,0.98,1.0,1.0,Ysolt,0.0642
plunder,100,0.0002,48,201.8,454.5,775.5,189.0,453.0,733.0,0.9,0.96,0.0,0.0,0.0,0.37,0.18,4.0,0.82,92.0,4.31,1.0,0.15,0.2,0.0,0.08,0.0,0.0,0.0,0.0,0.88,1.0,1.0,Merrick Ashdown,0.07
errand,94,0.0002,56,11.0,26.0,52.5,12.0,27.0,55.0,0.83,0.91,0.6809,0.0,0.0,0.5745,0.234,3.0,0.766,8.0,3.14,1.0,0.0106,0.0,0.0,0.0,0.0,0.0,0.0426,0.0,0.67,1.0,1.0,Hollis,0.0532
sweep,93,0.0002,2,6.0,11.0,11.0,5.0,10.0,11.0,0.92,0.96,0.0,0.0,0.0,0.6667,0.2043,3.0,0.7957,3.0,2.2,0.957,0.2258,0.0,0.0215,0.0,0.0,0.0,0.0215,0.0,0.86,1.0,1.0,Faron,0.8602
remove,28,0.0001,20,400.0,400.0,400.0,325.2,359.5,395.8,0.64,0.9,0.0,0.0,0.0,0.4643,0.1786,4.0,0.8214,110.0,3.24,1.0,0.0714,0.0714,0.0,0.2857,0.0,0.0,0.0357,0.0,0.74,1.0,1.0,Harlan,0.1429
mind-mine,24,0.0001,5,21.8,32.5,55.2,24.5,39.0,58.5,0.78,0.94,1.0,0.0,0.0,0.875,0.0,5.0,1.0,25.5,1.38,1.0,0.125,0.25,0.0,0.4583,0.0,0.0,0.0,0.0,0.83,1.0,1.0,Ulric,0.3333
hall,17,0.0,12,400.0,400.0,400.0,298.0,313.0,327.0,0.72,0.78,0.0,0.0,0.0,0.3529,0.2353,3.0,0.7647,56.0,5.42,1.0,0.1765,0.1176,0.0,0.1176,0.0,0.0,0.0,0.0,0.32,1.0,1.0,Wystan,0.1765
mind-chop,16,0.0,1,349.0,382.5,398.2,384.2,405.5,437.8,0.74,0.84,1.0,0.0,0.0,0.375,0.0,7.0,1.0,320.0,1.23,0.6875,0.8125,0.0,0.0,0.0,0.0,0.0,0.875,0.0,0.99,0.59,1.0,Ulric,1.0
manhunt,15,0.0,1,200.0,200.0,200.0,223.0,227.0,238.0,0.72,0.87,1.0,0.0,0.0,0.0,0.0,2.0,1.0,5.0,44.6,0.9333,0.1333,0.6,0.1333,0.0,0.0,0.0,0.0667,0.0,0.64,1.0,0.99,Gerda,1.0
hire,14,0.0,14,300.0,300.0,300.0,264.2,279.0,291.0,0.87,0.93,0.0,0.0,0.0,0.3571,0.0,5.0,1.0,195.0,1.46,1.0,0.0,0.0714,0.0,0.0714,0.0,0.0,0.0,0.0,0.7,1.0,1.0,Vance Ashdown,0.0714
defend,13,0.0,11,200.0,200.0,200.0,259.0,259.0,260.0,0.95,1.0,0.9231,0.0769,0.0,0.0,1.0,1.0,0.0,,,0.5385,0.1538,0.0,0.0,0.0,0.0,0.0,0.0769,0.0,0.99,1.0,1.0,Ulla,0.1538
raid,10,0.0,1,200.0,200.0,200.0,241.0,246.5,249.5,0.9,0.95,1.0,0.0,0.0,0.0,0.0,2.0,1.0,6.0,41.67,1.0,0.0,0.0,0.0,0.0,0.0,0.0,0.2,0.0,0.81,1.0,1.0,Gerda,1.0
mind-fletch,10,0.0,4,412.2,517.5,795.2,550.5,690.0,1033.8,0.99,1.0,1.0,0.0,0.0,0.6,0.0,6.0,1.0,443.5,1.93,0.0,0.2,0.0,0.0,0.0,0.0,0.0,0.0,0.0,1.0,1.0,1.0,Emeric,0.5
fit,8,0.0,6,300.0,300.0,300.0,249.8,282.5,311.0,0.8,0.94,0.0,0.0,0.0,0.125,0.0,5.5,1.0,157.5,1.98,1.0,0.25,0.0,0.0,0.0,0.0,0.0,0.0,0.0,0.72,1.0,1.0,Torvin,0.25
mind-unload,2,0.0,1,7.5,10.0,12.5,7.2,9.5,11.8,0.95,0.96,0.0,0.0,0.0,0.0,0.0,4.0,1.0,8.5,1.08,1.0,0.0,0.0,0.0,0.0,0.0,0.0,0.0,0.0,0.69,1.0,1.0,Emeric,1.0
mind-sew,2,0.0,2,63.0,63.0,63.0,80.2,80.5,80.8,0.97,0.97,1.0,0.0,0.0,0.0,0.0,4.0,1.0,72.5,1.12,1.0,0.0,0.5,0.0,0.0,0.0,0.0,0.0,0.0,0.9,1.0,0.99,Wulfric,0.5
mind-forge,2,0.0,1,61.0,61.0,61.0,74.5,76.0,77.5,0.92,0.95,1.0,0.0,0.0,0.5,0.0,5.0,1.0,64.0,1.19,1.0,0.0,0.0,0.0,0.5,0.0,0.0,0.0,0.0,0.88,1.0,1.0,Wulfric,1.0
mind-peddle,1,0.0,1,25,25,25,24,24,24,0.95,0.95,0.0,0.0,0.0,1.0,0.0,5,1.0,24,1.0,1.0,0.0,0.0,0.0,0.0,0.0,0.0,0.0,0.0,0.79,1.0,1.0,Alaric,1.0
