session,last_census,taken_on,finished,failed,dropped,died,nothing_worth_doing,withheld_sworn_elsewhere,marked_down_overloaded,refused_no_room_for_coin,refused_dungeon_edge,refused_becalmed,refused_breaker_resting,refused_deaths_keep_out,refused_deaths_close,refused_hostile_strength,prowls_let_in_restless,unpaid_let_past,kept_committed,paperwork_filed,second_guesses,grounded_rank,dislodged_rank
2026-09-18_00-12,2026-09-18 00:17:33,608,472,22,30,5,51,44,0,0,0,0,0,0,0,0,0,0,238,153,0,0,0
2026-09-18_00-29,2026-09-18 01:44:43,6713,6294,109,238,4,1086,11440,19,0,0,0,0,0,0,0,0,0,3175,329,7,2,3
2026-09-18_01-53,2026-09-18 03:03:32,6640,6245,81,235,5,931,12232,11,0,0,0,0,0,0,0,0,0,3045,268,21,1,0
2026-09-18_03-05,2026-09-18 05:25:49,12831,12089,257,415,8,2280,19272,21,0,0,0,0,0,0,0,0,0,6851,579,25,4,3
2026-09-18_05-28,2026-09-18 06:28:41,5465,5144,82,171,1,638,5324,4,0,0,0,0,0,0,0,0,0,1472,358,36,0,0
2026-09-18_06-30,2026-09-18 10:20:53,22062,20999,287,697,6,4316,31812,158,0,0,0,0,0,0,0,0,0,8773,606,57,8,31
2026-09-18_10-25,2026-09-18 10:30:50,573,492,2,2,1,53,704,0,0,0,0,0,0,0,0,0,0,31,146,0,0,0
2026-09-18_10-33,2026-09-18 10:38:23,597,497,9,14,0,33,704,5,0,0,0,0,0,0,0,0,0,59,176,0,0,0
2026-09-18_10-41,2026-09-18 10:46:27,607,516,7,7,0,57,396,0,0,0,0,0,0,0,0,0,0,46,171,2,0,0
2026-09-18_10-50,2026-09-18 10:55:15,604,509,5,9,1,36,704,6,0,0,0,0,0,0,0,0,0,43,187,0,1,1
2026-09-18_11-04,2026-09-18 11:29:44,2563,2401,29,57,0,303,3872,2,0,0,0,0,0,0,0,0,0,593,214,15,0,0
2026-09-18_11-32,2026-09-18 11:37:54,605,517,9,1,0,59,748,0,0,0,0,0,0,0,0,0,0,35,191,3,0,0
2026-09-18_11-38,2026-09-18 11:59:00,2052,1905,35,42,0,281,2904,1,0,0,0,0,0,0,0,0,0,125,206,8,0,0
2026-09-18_12-07,2026-09-18 12:52:14,4187,3945,61,111,1,666,7744,7,0,0,0,0,0,0,0,0,0,1062,230,15,1,2
2026-09-18_12-57,2026-09-18 13:22:34,2509,2331,39,63,4,253,3300,0,0,0,0,0,0,0,0,0,0,1243,173,22,0,0
2026-09-18_13-25,2026-09-18 13:30:47,607,514,8,7,0,40,880,5,0,0,0,0,0,0,0,0,0,154,186,0,0,1
2026-09-18_13-33,2026-09-18 13:58:44,2166,1989,40,59,0,201,3916,3,0,0,0,0,0,0,0,0,0,1886,169,13,0,0
2026-09-18_14-02,2026-09-18 14:32:10,3033,2827,35,92,3,353,4312,2,0,0,0,0,0,0,0,0,0,1561,156,10,0,0
2026-09-18_14-35,2026-09-18 15:10:48,3371,3120,43,115,4,315,5676,2,0,0,0,0,0,0,0,0,0,951,294,12,0,0
2026-09-18_15-16,2026-09-18 15:31:12,1475,1353,24,27,1,188,1760,0,0,0,0,0,0,0,0,0,0,858,138,5,0,0
2026-09-18_15-33,2026-09-18 17:03:14,8324,7837,150,265,1,1255,11968,20,0,0,0,0,0,0,0,0,0,5897,253,30,0,4
2026-09-18_17-05,2026-09-18 17:10:47,596,501,6,8,0,46,396,0,0,0,0,0,0,0,0,0,0,89,123,0,0,0
2026-09-18_17-13,2026-09-18 17:23:09,931,809,32,18,0,79,1276,0,0,0,0,0,0,0,0,0,0,73,225,12,0,0
2026-09-18_17-27,2026-09-18 17:58:01,3095,2932,35,52,1,303,5764,27,0,0,0,0,0,0,0,0,0,390,204,15,1,3
2026-09-18_17-59,2026-09-18 18:04:43,577,478,18,6,0,27,396,0,0,0,0,0,0,0,0,0,0,34,202,1,0,0
2026-09-18_18-07,2026-09-18 18:37:36,3008,2828,37,72,1,386,5104,0,0,0,0,0,0,0,0,0,0,383,206,17,0,0
2026-09-18_18-41,2026-09-18 19:02:03,2200,2045,29,50,0,240,3300,0,0,0,0,0,0,0,0,0,0,145,307,10,0,0
2026-09-18_19-03,2026-09-18 19:08:20,579,481,12,6,0,52,396,0,0,0,0,0,0,0,0,0,0,52,204,0,0,0
2026-09-18_19-09,2026-09-18 19:14:28,557,468,5,7,0,37,748,0,0,0,0,0,0,0,0,0,0,62,211,2,0,0
2026-09-18_19-17,2026-09-18 19:22:32,582,481,22,1,0,29,616,0,0,0,0,0,0,0,0,0,0,15,239,1,0,0
2026-09-18_19-25,2026-09-18 19:30:13,620,535,8,4,0,47,396,0,0,0,0,0,0,0,0,0,0,0,200,0,0,0
2026-09-18_19-34,2026-09-18 19:39:57,558,467,12,4,0,45,616,0,0,0,0,0,0,0,0,0,0,17,106,0,0,0
2026-09-18_20-02,2026-09-18 20:33:04,2084,1876,40,90,1,302,4048,5,0,0,0,0,0,0,0,0,0,276,467,11,0,0
2026-09-20_08-22,2026-09-20 13:32:09,33096,30728,1183,1071,39,3224,17732,2531,0,0,0,0,12922,3433,0,0,0,3522,695,125,58,254
2026-09-21_18-06,2026-09-21 18:11:50,643,521,33,13,2,20,44,1,0,0,0,0,0,0,0,0,0,301,98,0,0,0
2026-09-21_18-12,2026-09-21 18:17:39,582,479,22,4,0,63,748,4,0,0,0,0,0,0,0,0,0,24,358,0,0,0
2026-09-21_18-25,2026-09-21 18:40:13,1037,888,57,28,2,167,176,0,0,0,0,0,0,0,0,0,0,96,482,1,0,0
2026-09-21_18-49,2026-09-21 18:59:19,872,671,76,38,6,122,1188,0,0,0,0,274,52,8,0,0,0,129,406,2,0,0
2026-09-21_21-58,2026-09-22 01:03:57,17934,16563,779,426,87,2564,15884,385,12,0,0,298,111715,55422,0,0,0,6629,946,23,5,11
2026-09-22_02-48,2026-09-22 03:53:46,6673,6271,180,120,9,339,220,33,0,0,0,394,0,0,0,0,0,1817,369,6,2,5
2026-09-22_03-57,2026-09-22 04:02:29,769,676,11,4,0,63,44,3,0,0,0,0,0,0,0,0,0,33,170,0,0,1
2026-09-22_04-06,2026-09-22 05:06:55,5801,5404,214,98,9,572,18348,3,8,0,1275,0,10,0,0,0,0,1070,698,9,0,0
2026-09-22_05-11,2026-09-22 09:16:40,26833,25418,685,620,28,3613,79992,155,0,1618,122,18,242,1487,0,0,0,10438,1000,12,4,27
2026-09-22_09-19,2026-09-22 10:59:40,11660,11083,288,213,5,1678,3960,20,0,235,77,0,0,0,0,0,0,5927,66,5,2,5
2026-09-22_11-04,2026-09-22 11:34:49,3553,3327,102,43,7,354,704,3,0,118,0,0,856,4,0,2,0,248,36,0,1,0
2026-09-22_11-40,2026-09-22 12:10:10,3160,2922,120,42,0,324,44,2,0,0,3,0,0,0,0,0,0,253,49,6,0,0
2026-09-22_12-15,2026-09-22 13:20:29,7069,6467,341,162,7,633,2728,146,0,0,641,0,1684,202,0,2,0,2033,89,0,1,7
2026-09-22_13-25,2026-09-22 14:00:36,4191,3882,150,76,2,448,2024,5,0,29,117,0,0,0,0,0,0,2146,74,5,1,0
2026-09-22_14-02,2026-09-22 15:07:57,7789,7313,247,125,14,787,4664,7,0,315,155,0,452,34,0,0,0,1645,139,5,0,1
2026-09-22_15-10,2026-09-22 15:46:04,4037,3684,154,94,12,467,1012,4,0,11,66,115,39,85,0,0,0,815,101,2,1,1
2026-09-22_15-48,2026-09-22 16:53:26,7783,7310,200,172,6,780,5368,13,0,50,70,0,51,0,0,0,0,1677,78,8,1,2
2026-09-22_16-56,2026-09-22 18:01:22,7044,6567,249,140,1,786,7788,10,0,229,66,0,0,0,0,2,0,2238,219,5,1,1
2026-09-22_18-06,2026-09-22 19:16:37,7339,6821,294,140,5,792,5808,4,0,3,52,0,0,91,0,0,0,2376,267,0,0,0
2026-09-24_01-56,2026-09-24 02:06:55,1110,990,37,5,0,96,836,0,0,0,11,0,0,0,0,0,0,58,48,2,0,0
2026-09-24_02-12,2026-09-24 02:42:28,3374,3140,124,31,0,479,3344,1,0,5,12,0,0,0,0,0,0,143,28,6,0,0
2026-09-24_02-44,2026-09-24 02:49:06,540,447,14,1,0,64,220,0,0,0,13,0,0,0,0,0,0,29,4,0,0,0
2026-09-24_02-53,2026-09-24 03:28:06,4017,3752,131,50,2,559,4185,2,0,2,88,0,0,0,0,0,0,466,36,3,0,0
2026-09-24_03-29,2026-09-24 04:14:35,4074,3851,81,77,9,393,4005,2,0,0,39,0,75,165,0,0,0,668,58,9,0,1
2026-09-24_04-15,2026-09-24 04:56:01,3189,3037,72,39,0,302,675,0,0,0,176,0,0,0,0,0,0,552,61,8,0,0
2026-09-24_05-00,2026-09-24 05:40:33,2723,2561,64,57,0,178,0,0,0,0,9,0,0,0,0,0,0,478,46,0,0,0
2026-09-24_05-45,2026-09-24 06:30:25,2931,2800,62,27,0,255,0,0,0,72,280,0,0,0,0,0,0,428,34,1,0,0
2026-09-24_06-33,2026-09-24 06:48:41,1153,1093,18,1,0,104,0,0,0,0,16,0,0,0,0,0,0,34,15,0,0,0
2026-09-24_06-50,2026-09-24 07:15:58,1389,1244,41,38,29,80,0,0,0,1,8,0,14,713,0,0,0,134,33,2,0,0
2026-09-24_07-19,2026-09-24 07:59:53,2930,2774,70,33,16,460,0,1,0,52,698,0,9001,7320,0,1,0,401,111,0,0,0
2026-09-24_08-04,2026-09-24 08:44:43,2609,2452,75,38,0,219,0,5,0,25,17,27,0,0,0,0,0,451,113,2,0,1
2026-09-24_08-45,2026-09-24 09:30:27,2235,2078,55,31,26,314,0,5,0,2,502,0,7712,9179,0,3,0,699,89,0,0,0
2026-09-24_09-30,2026-09-24 09:50:40,1247,1160,30,4,14,146,0,0,0,0,5,0,2219,1679,0,0,0,30,34,4,0,0
2026-09-24_09-54,2026-09-24 10:09:37,640,548,24,20,11,85,0,7,0,29,0,0,1352,1019,0,3,0,58,1,1,1,0
2026-09-24_10-13,2026-09-24 10:18:44,291,242,8,2,0,17,0,0,0,6,3,0,0,0,0,0,0,42,0,0,0,0
2026-09-24_10-20,2026-09-24 10:56:00,1495,1404,25,29,0,98,0,2,0,18,660,0,0,0,0,0,0,336,2,0,0,1
2026-09-24_11-00,2026-09-24 11:45:26,3029,2835,72,67,3,262,7965,8,0,353,1288,0,0,0,0,1,0,529,82,0,0,1
2026-09-24_11-47,2026-09-24 12:28:01,2732,2569,57,51,3,224,4140,0,0,0,645,0,17,111,0,0,0,933,242,0,0,0
2026-09-24_12-31,2026-09-24 13:21:24,3504,3340,60,48,2,309,6210,0,0,38,0,0,0,0,0,0,0,585,111,1,0,0
2026-09-24_13-23,2026-09-24 13:59:03,2137,1978,51,39,6,176,2160,0,0,143,76,0,30,73,0,0,0,392,86,0,0,0
2026-09-24_14-03,2026-09-24 14:13:51,800,716,13,6,0,74,90,0,0,0,0,0,0,0,0,0,0,30,117,0,0,0
2026-09-24_14-14,2026-09-24 14:44:59,2182,2047,44,26,4,160,1530,9,0,204,135,0,77,0,0,0,0,34,113,2,0,1
2026-09-24_14-47,2026-09-24 15:27:12,2984,2810,69,45,2,315,4860,0,0,0,79,0,0,0,0,0,0,483,63,5,0,0
2026-09-24_15-31,2026-09-24 16:11:59,2386,2281,38,19,0,224,135,0,0,0,0,0,0,0,0,4,0,389,235,1,0,0
2026-09-24_16-14,2026-09-24 16:59:33,3168,2980,62,53,4,213,135,6,0,650,444,0,0,0,0,0,0,685,421,0,1,1
2026-09-24_17-03,2026-09-24 18:03:16,3484,3168,90,127,38,221,90,7,0,10,4,53,3556,1754,0,1,0,412,166,0,0,1
2026-09-24_18-06,2026-09-24 18:31:43,1229,1115,30,52,0,21,45,0,0,44,0,0,0,0,0,0,0,18,54,0,0,0
2026-09-24_18-32,2026-09-24 19:57:32,6272,6055,124,37,2,593,23625,15,0,151,1810,0,0,0,0,0,0,1243,376,5,1,1
2026-09-24_20-06,2026-09-24 21:16:06,5256,5073,63,68,2,671,0,10,0,3,101,0,0,0,0,0,0,1133,232,2,0,1
2026-09-25_06-17,2026-09-25 06:27:51,1370,1248,31,9,0,178,45,12,0,2,4,0,0,0,0,0,0,26,72,1,1,0
2026-09-25_06-29,2026-09-25 06:59:39,6514,6300,73,60,2,413,5130,4,0,58,3,0,167,0,0,0,0,352,54,14,0,1
2026-09-25_07-04,2026-09-25 07:54:07,5391,5158,94,64,3,960,3510,9,0,5,20,0,0,0,0,1,0,1017,88,17,1,2
2026-09-25_07-56,2026-09-25 08:41:19,4656,4443,97,48,2,623,4770,0,0,51,130,0,0,0,0,0,0,857,51,13,0,0
2026-09-25_08-44,2026-09-25 15:14:31,48348,47368,439,446,36,3259,64260,45,12,332,10547,0,0,0,0,4,0,14659,647,28,3,7
2026-09-25_15-18,2026-09-25 15:33:54,1198,1114,25,2,0,205,1350,0,0,0,0,0,0,0,0,0,0,12,179,0,0,0
2026-09-25_15-35,2026-09-25 16:05:06,2171,2032,64,15,0,333,0,3,0,8,3,0,0,0,0,0,0,37,114,1,0,1
2026-09-25_16-05,2026-09-25 16:50:54,2709,2406,175,79,2,232,0,17,0,688,12,0,142,0,0,3,0,1239,143,0,1,0
2026-09-25_16-51,2026-09-25 16:56:33,306,225,40,0,0,44,0,1,0,454,0,0,0,0,0,1,0,9,4,0,1,0
2026-09-25_16-58,2026-09-25 17:23:58,2346,1964,155,43,86,188,0,31,0,2439,1051,91,0,0,0,4,0,483,152,0,3,0
2026-09-26_01-08,2026-09-26 01:33:55,1178,1005,63,55,7,32,720,0,0,1533,119,0,0,0,0,0,0,2973,139,0,0,0
2026-09-26_01-35,2026-09-26 01:40:55,279,200,23,8,2,25,45,0,0,287,0,0,0,0,0,0,0,98,51,0,0,0
2026-09-26_01-48,2026-09-26 01:53:16,279,212,25,4,0,27,45,0,0,360,0,0,0,0,0,0,0,0,30,0,0,0
2026-09-26_01-55,2026-09-26 02:00:55,231,159,22,4,3,35,45,0,0,799,0,0,0,0,0,0,0,9,14,0,0,0
2026-09-26_02-10,2026-09-26 02:15:55,235,163,18,10,3,38,46,0,0,481,0,0,0,0,0,0,0,103,23,0,0,0
2026-09-26_02-33,2026-09-26 02:38:33,218,148,27,4,1,34,850,0,0,609,245,0,0,0,0,0,0,1,2,0,0,0
2026-09-26_02-42,2026-09-26 03:22:07,1336,1134,100,57,6,111,700,0,0,6122,8,0,237,289,0,0,0,213,35,0,0,0
2026-09-26_03-26,2026-09-26 03:36:58,253,195,19,8,0,25,50,0,0,1382,25,0,0,0,0,0,0,0,57,0,0,0
2026-09-26_03-45,2026-09-26 04:05:57,523,431,47,18,1,42,50,457,0,682,0,0,0,0,0,0,0,0,30,1,0,1
2026-09-26_04-07,2026-09-26 04:12:25,158,95,17,15,6,16,50,0,0,13,0,0,1,0,0,0,0,0,17,0,0,0
2026-09-26_04-15,2026-09-26 04:25:58,228,181,18,4,2,18,850,0,0,843,0,0,0,0,0,0,0,13,29,0,0,0
2026-09-26_04-26,2026-09-26 04:31:28,133,88,14,6,0,7,100,0,0,7,0,0,0,0,0,0,0,0,23,0,0,0
2026-09-26_04-31,2026-09-26 04:56:56,571,510,23,15,2,23,50,0,0,733,0,0,0,0,0,0,0,259,39,0,0,0
2026-09-26_04-57,2026-09-26 10:37:48,9859,8929,481,304,94,386,45550,3040,9,29131,836,35,788,1018,0,3,0,6047,339,6,82,133
2026-09-26_10-41,2026-09-26 11:41:12,2114,1686,164,100,129,210,0,116,3,8866,39,0,0,269,0,3,0,486,79,0,5,0
2026-09-26_11-45,2026-09-26 13:05:58,2228,1743,339,66,33,151,0,21,0,9368,3934,410,0,0,0,3,0,738,32,3,0,0
2026-09-26_13-10,2026-09-26 13:15:55,288,210,32,4,1,36,0,7,0,467,71,0,0,0,0,0,0,34,69,0,1,0
2026-09-26_13-16,2026-09-26 14:01:48,2405,1810,245,190,114,161,0,125,0,818,2690,0,1103,1945,0,1,0,1046,67,0,1,0
2026-09-26_14-05,2026-09-26 14:10:56,281,179,19,28,18,28,0,3,0,0,48,0,0,0,23,0,0,11,8,0,1,1
2026-09-26_14-11,2026-09-26 14:22:04,323,200,33,31,10,36,0,0,0,0,1279,90,0,0,7,0,0,150,1,0,0,0
2026-09-26_14-25,2026-09-26 14:30:58,260,152,33,17,10,33,0,0,0,0,529,0,0,0,0,1,0,4,0,0,0,0
2026-09-26_14-32,2026-09-26 15:17:38,2253,1766,169,213,77,231,250,0,0,0,55,23,0,0,574,1,0,901,104,1,0,0
2026-09-26_15-18,2026-09-26 15:28:36,380,289,22,29,15,51,50,0,0,0,330,0,0,0,43,0,0,10,31,0,0,0
