refused_kind,refusals,expected_median,expected_p10,expected_min,claim_median,claim_p10,claim_p90,share_expected_below_0
prowl,74041,-10.4,-41.8,-419.2,2.0,2.0,10.7,0.9919
unload,9395,-12.6,-123.0,-571.4,7.5,7.5,21.1,0.9947
band,4036,-5.8,-17.9,-109.0,7.5,7.5,10.5,1.0
acquire,2045,-52.4,-75.7,-77.3,40.0,3.5,102.4,1.0
mine,697,-15.4,-65.6,-265.7,40.3,11.2,101.3,0.9971
drill,650,-3.3,-12.5,-32.0,8.8,8.8,8.8,1.0
fletch,571,-8.9,-22.6,-47.1,29.0,22.5,64.7,1.0
sew,568,-21.1,-71.5,-144.6,79.4,22.8,190.3,1.0
drill-in,536,-2.3,-4.7,-21.8,66.0,66.0,72.0,1.0
inscribe,421,-13.6,-34.1,-179.7,67.2,15.0,189.7,1.0
forage,414,-173.6,-176.6,-178.0,11.5,7.0,17.3,1.0
reclaim,215,-11.0,-21.0,-48.0,5.4,5.0,28.8,1.0
herbs,212,-8.3,-18.3,-109.8,37.9,10.0,62.2,0.9906
peddle,212,-29.6,-151.1,-283.3,114.4,28.2,215.2,1.0
glean,203,-15.9,-33.7,-40.1,8.4,6.2,13.9,1.0
mend,169,-8.9,-38.4,-130.9,19.0,11.4,29.5,1.0
brew,88,-39.7,-99.7,-99.7,32.5,22.5,228.3,1.0
rescue,82,-31.8,-51.0,-129.1,64.0,31.5,106.8,1.0
cook,63,-7.3,-28.9,-107.2,36.7,17.5,65.7,1.0
hunt,30,-191.7,-212.9,-242.7,161.9,88.0,270.5,1.0
enlist,26,-17.0,-42.3,-56.0,6.0,6.0,22.9,1.0
chop,15,-31.0,-216.6,-257.8,278.8,250.1,367.0,1.0
delve,5,-20.3,-20.3,-20.3,65.0,65.0,65.0,1.0
forge,2,-6.9,-6.9,-6.9,85.2,85.2,85.2,1.0
