factor,takes,below_1,share_below_1,above_1,share_above_1,median_when_below_1,p10_when_below_1,min,values_above_1
near,462156,359991,0.7789,0,0.0,0.81,0.43,0.05,
new,462156,246377,0.5331,0,0.0,0.59,0.02,0.0,
room,462156,364130,0.7879,0,0.0,0.92,0.73,0.2,
safe,462156,1977,0.0043,0,0.0,0.15,0.15,0.15,
purse,462156,46644,0.1009,0,0.0,0.38,0.1,0.1,
load,462156,6,0.0,0,0.0,0.02,0.02,0.02,
revel,462156,0,0.0,11768,0.0255,,,1.0,3.00:11768
ground,462156,29760,0.0644,31796,0.0688,0.7,0.7,0.7,1.25:31796
charter,462156,0,0.0,7562,0.0164,,,1.0,1.50:7562
