factor,bin,takes,share
near,<0.10,90,0.0002
near,0.10-0.29,902,0.002
near,0.30-0.59,104915,0.227
near,0.60-0.89,124073,0.2685
near,0.90-0.99,130011,0.2813
near,1.00,102165,0.2211
near,>1.00,0,0.0
new,<0.10,30986,0.067
new,0.10-0.29,24426,0.0529
new,0.30-0.59,68624,0.1485
new,0.60-0.89,107389,0.2324
new,0.90-0.99,14952,0.0324
new,1.00,215779,0.4669
new,>1.00,0,0.0
room,<0.10,0,0.0
room,0.10-0.29,277,0.0006
room,0.30-0.59,2025,0.0044
room,0.60-0.89,151665,0.3282
room,0.90-0.99,210163,0.4547
room,1.00,98026,0.2121
room,>1.00,0,0.0
safe,<0.10,0,0.0
safe,0.10-0.29,1977,0.0043
safe,0.30-0.59,0,0.0
safe,0.60-0.89,0,0.0
safe,0.90-0.99,0,0.0
safe,1.00,460179,0.9957
safe,>1.00,0,0.0
purse,<0.10,0,0.0
purse,0.10-0.29,18917,0.0409
purse,0.30-0.59,14006,0.0303
purse,0.60-0.89,10889,0.0236
purse,0.90-0.99,2832,0.0061
purse,1.00,415512,0.8991
purse,>1.00,0,0.0
load,<0.10,6,0.0
load,0.10-0.29,0,0.0
load,0.30-0.59,0,0.0
load,0.60-0.89,0,0.0
load,0.90-0.99,0,0.0
load,1.00,462150,1.0
load,>1.00,0,0.0
revel,<0.10,0,0.0
revel,0.10-0.29,0,0.0
revel,0.30-0.59,0,0.0
revel,0.60-0.89,0,0.0
revel,0.90-0.99,0,0.0
revel,1.00,450388,0.9745
revel,>1.00,11768,0.0255
ground,<0.10,0,0.0
ground,0.10-0.29,0,0.0
ground,0.30-0.59,0,0.0
ground,0.60-0.89,29760,0.0644
ground,0.90-0.99,0,0.0
ground,1.00,400600,0.8668
ground,>1.00,31796,0.0688
charter,<0.10,0,0.0
charter,0.10-0.29,0,0.0
charter,0.30-0.59,0,0.0
charter,0.60-0.89,0,0.0
charter,0.90-0.99,0,0.0
charter,1.00,454594,0.9836
charter,>1.00,7562,0.0164
combined,<0.10,0,0.0
combined,0.10-0.29,15556,0.0337
combined,0.30-0.59,26724,0.0578
combined,0.60-0.89,232493,0.5031
combined,0.90-0.99,146930,0.3179
combined,1.00,25302,0.0547
combined,>1.00,15151,0.0328
