trade,alarm_lines,times_raised,first_seen,last_seen,days_seen,reads_min,reads_median,reads_max,pays_min,pays_median,pays_max,outcomes_max,compared
band,128,94,2026-09-16 13:49:06,2026-09-25 06:18:45,8,3,8.0,90,-58,1.0,11,2236,read by the auction+typed claim
sweep,73,13,2026-09-17 05:34:34,2026-09-18 20:21:00,2,11,11.0,11,-2,0.0,3,76,read by the auction
mend,71,41,2026-09-16 20:41:58,2026-09-26 14:26:54,9,8,15.0,74,-69,1.0,20,2376,read by the auction+typed claim
drill,41,21,2026-09-16 23:03:46,2026-09-25 16:23:50,7,9,9.0,9,-9,0.0,4,337,read by the auction
prowl,38,37,2026-09-17 05:28:34,2026-09-26 15:06:34,8,2,2.0,2,-160,-7.0,-3,69079,read by the auction
liberate,36,5,2026-09-22 14:18:53,2026-09-24 21:11:01,2,55,55.0,55,-2,2.0,7,45,read by the auction
mine,29,27,2026-09-16 22:04:12,2026-09-25 13:29:23,6,11,11.0,11,-31,3.0,6,38959,read by the auction
harrow,28,5,2026-09-17 01:46:49,2026-09-17 11:59:56,1,38,38.0,38,-1,17.0,25,46,read by the auction
enlist,24,1,2026-09-16 23:57:09,2026-09-22 07:14:34,5,10,18.0,18,-30,1.5,10,62,read by the auction
delve,23,11,2026-09-26 02:55:02,2026-09-26 10:42:06,1,65,65.0,65,-47,32.0,42,109,read by the auction
rescue,14,3,2026-09-16 14:20:06,2026-09-16 20:25:01,1,103,172.5,228,10,49.0,81,1046,typed claim
fletch,13,6,2026-09-18 10:07:47,2026-09-26 09:03:41,5,23,23.0,35,-56,-2.0,18,1581,read by the auction
inscribe,12,9,2026-09-17 13:30:39,2026-09-25 10:57:21,5,15,15.0,15,-25,-9.5,5,8861,read by the auction
flee,10,2,2026-09-16 11:03:06,2026-09-16 12:59:42,1,2000,2000.0,2000,1,1.5,28,85,typed claim
sew,6,5,2026-09-17 16:09:57,2026-09-22 08:31:34,3,14,14.0,15,-33,1.5,7,7987,read by the auction
mind-mine,6,0,2026-09-17 19:20:22,2026-09-18 09:21:47,2,22,22.0,22,5,8.0,14,52,read by the auction
herbs,5,3,2026-09-17 00:50:36,2026-09-25 17:24:54,4,10,10.0,10,-43,1.0,5,3858,read by the auction
reclaim,4,1,2026-09-16 19:22:31,2026-09-24 16:57:28,3,5,5.0,80,-24,-9.5,13,118,read by the auction+typed claim
duel,4,1,2026-09-16 21:11:58,2026-09-16 21:58:21,1,50,50.0,200,-4,-4.0,43,58,read by the auction+typed claim
pickings,4,1,2026-09-17 07:35:45,2026-09-22 04:10:50,2,22,22.0,22,3,10.0,12,599,read by the auction
hunt,4,3,2026-09-18 04:07:43,2026-09-26 13:19:44,3,22,22.0,22,-16,1.0,14,22499,read by the auction
drill-in,3,1,2026-09-16 13:02:45,2026-09-16 13:33:45,1,264,264.0,264,-37,-37.0,-37,28,typed claim
forage,3,2,2026-09-17 21:18:46,2026-09-26 15:24:32,2,5,5.0,5,-86,-52.0,-19,1016,read by the auction
cook,3,3,2026-09-24 17:13:11,2026-09-25 12:08:23,2,18,18.0,18,-8,-3.0,1,4097,read by the auction
acquire,2,2,2026-09-16 22:40:46,2026-09-22 11:46:06,2,3,3.0,3,-10,-5.0,0,6590,read by the auction
forge,2,0,2026-09-17 04:54:24,2026-09-20 10:21:03,2,33,33.5,34,11,12.0,13,1278,read by the auction
glean,2,2,2026-09-25 06:59:35,2026-09-25 07:05:02,1,4,4.0,4,-32,-22.5,-13,2325,read by the auction
unload,1,1,2026-09-16 10:48:06,2026-09-16 10:48:06,1,120,120,120,21,21,21,171,typed claim
peddle,1,0,2026-09-16 16:21:06,2026-09-16 16:21:06,1,628,628,628,251,251,251,4402,typed claim
mind-sew,1,0,2026-09-16 20:56:58,2026-09-16 20:56:58,1,110,110,110,60,60,60,231,typed claim
