class,meaning,first_refusals,share_of_refusals,share_of_takes,first_seen,last_seen,top_refused_kinds,example
expected-nothing,expected to pay nothing or less here,94696,0.5428,0.2049,2026-09-18 00:08:23,2026-09-26 15:29:58,prowl 74041; unload 9395; band 4036; acquire 2045; mine 697,"prowl is expected to pay -12.0/min here, against a claim of 9.7"
outlay,cannot pay to start,67810,0.3887,0.1467,2026-09-18 00:08:49,2026-09-26 15:30:00,restock 46690; acquire 7227; sew 6867; inscribe 3604; brew 3119,restock costs 75gp and it has 66gp
deaths-close,bots died there lately: closed to all but running (until 26.09),8920,0.0511,0.0193,2026-09-20 10:32:19,2026-09-26 14:05:29,prowl 5408; reclaim 1078; harrow 818; mine 528; stake 173,"band lies in or beside ground where 3.7 bots have died lately, against 3.0 that close it to everything but running"
dungeon-edge,the other side of a dungeon's edge,1149,0.0066,0.0025,2026-09-22 05:11:39,2026-09-26 13:49:22,peddle 471; homeward 273; herbs 104; restock 72; delve 62,restock is on the island and this bot is underground
deaths-keep-out,bots died there lately: ordinary work kept out (until 26.09),775,0.0044,0.0017,2026-09-20 11:51:51,2026-09-26 14:05:31,reclaim 376; mine 245; restock 55; herbs 36; glean 25,"reclaim lies in or beside ground where 3.0 bots have died lately, against 2.0 that keep ordinary work out"
becalmed,a long walk from here lately closed nothing,657,0.0038,0.0014,2026-09-22 04:04:00,2026-09-26 15:27:08,unload 243; herbs 108; restock 89; prowl 88; peddle 35,"prowl is 472 tiles off, and a walk of 189 from about here closed nothing 0s ago"
breaker,rested after failing the same way again and again,203,0.0012,0.0004,2026-09-21 18:53:09,2026-09-26 14:22:36,rally 135; peddle 31; forge 15; restock 11; homeward 5,"homeward failed 6 times running for the same reason and rests 262s more, after ""no way through to (1190, 1476, 0)"""
hostile-strength,hostile strength 3x what goes there (from 26.09),182,0.001,0.0004,2026-09-26 14:05:56,2026-09-26 15:29:29,reclaim 137; restock 33; peddle 3; band 2; enlist 2,"band lies where the hostile strength is 5069, 5.9 times the 864 going there, against 3.0 that close it to everything but running"
red-in-town,a red bot and a guarded town,66,0.0004,0.0001,2026-09-18 00:08:53,2026-09-22 14:45:17,unload 42; reclaim 8; sew 6; acquire 5; restock 5,sew lies in a guarded town and Hale is red
no-room-for-coin,"a counter, and no room in the pack for a coin",6,0.0,0.0,2026-09-21 23:54:56,2026-09-26 10:21:06,peddle 5; restock 1,"restock goes through a counter and the pack has no room for a coin, at 132 of 125 things"
