class,refused_kind,first_refusals
dungeon-edge,peddle,471
dungeon-edge,homeward,273
dungeon-edge,herbs,104
dungeon-edge,restock,72
dungeon-edge,delve,62
dungeon-edge,mine,43
dungeon-edge,rally,42
dungeon-edge,quarrel,25
dungeon-edge,cook,16
dungeon-edge,reclaim,11
dungeon-edge,harrow,10
dungeon-edge,stake,6
dungeon-edge,enlist,4
dungeon-edge,acquire,3
dungeon-edge,errand,3
dungeon-edge,remove,2
dungeon-edge,supply,1
dungeon-edge,rescue,1
outlay,restock,46690
outlay,acquire,7227
outlay,sew,6867
outlay,inscribe,3604
outlay,brew,3119
outlay,fletch,303
no-room-for-coin,peddle,5
no-room-for-coin,restock,1
breaker,rally,135
breaker,peddle,31
breaker,forge,15
breaker,restock,11
breaker,homeward,5
breaker,brew,4
breaker,flee,1
breaker,prowl,1
becalmed,unload,243
becalmed,herbs,108
becalmed,restock,89
becalmed,prowl,88
becalmed,peddle,35
becalmed,cook,25
becalmed,mine,23
becalmed,homeward,19
becalmed,reclaim,11
becalmed,acquire,10
becalmed,harrow,2
becalmed,supply,1
becalmed,remove,1
becalmed,rally,1
becalmed,sweep,1
deaths-close,prowl,5408
deaths-close,reclaim,1078
deaths-close,harrow,818
deaths-close,mine,528
deaths-close,stake,173
deaths-close,restock,166
deaths-close,band,148
deaths-close,sweep,124
deaths-close,herbs,114
deaths-close,hunt,74
deaths-close,unload,68
deaths-close,homeward,46
deaths-close,enlist,29
deaths-close,rally,26
deaths-close,peddle,25
deaths-close,forage,21
deaths-close,glean,18
deaths-close,rescue,9
deaths-close,mend,8
deaths-close,evict,7
deaths-close,cook,7
deaths-close,remove,6
deaths-close,pickings,5
deaths-close,escort,5
deaths-close,plunder,4
deaths-close,acquire,2
deaths-close,housecall,2
deaths-close,supply,1
deaths-keep-out,reclaim,376
deaths-keep-out,mine,245
deaths-keep-out,restock,55
deaths-keep-out,herbs,36
deaths-keep-out,glean,25
deaths-keep-out,forage,20
deaths-keep-out,homeward,9
deaths-keep-out,remove,6
deaths-keep-out,cook,2
deaths-keep-out,chop,1
hostile-strength,reclaim,137
hostile-strength,restock,33
hostile-strength,peddle,3
hostile-strength,band,2
hostile-strength,enlist,2
hostile-strength,hunt,1
hostile-strength,rescue,1
hostile-strength,herbs,1
hostile-strength,acquire,1
hostile-strength,supply,1
red-in-town,unload,42
red-in-town,reclaim,8
red-in-town,sew,6
red-in-town,acquire,5
red-in-town,restock,5
expected-nothing,prowl,74041
expected-nothing,unload,9395
expected-nothing,band,4036
expected-nothing,acquire,2045
expected-nothing,mine,697
expected-nothing,drill,650
expected-nothing,fletch,571
expected-nothing,sew,568
expected-nothing,drill-in,536
expected-nothing,inscribe,421
expected-nothing,forage,414
expected-nothing,reclaim,215
expected-nothing,herbs,212
expected-nothing,peddle,212
expected-nothing,glean,203
expected-nothing,mend,169
expected-nothing,brew,88
expected-nothing,rescue,82
expected-nothing,cook,63
expected-nothing,hunt,30
expected-nothing,enlist,26
expected-nothing,chop,15
expected-nothing,delve,5
expected-nothing,forge,2
