winner,runner_up,takes,share_of_takes,winner_rate_median,runner_up_rate_median
forge,mine,22996,0.0498,162.0,69.0
mine,unload,19479,0.0421,26.0,6.0
restock,prowl,12425,0.0269,11.0,2.0
unload,prowl,8758,0.019,8.0,1.0
mine,prowl,8628,0.0187,37.0,3.0
peddle,mine,8508,0.0184,189.0,73.0
restock,unload,6463,0.014,11.0,6.0
peddle,restock,6403,0.0139,150.0,11.0
chop,mine,6120,0.0132,324.0,101.0
mine,herbs,5842,0.0126,85.0,27.0
peddle,prowl,4995,0.0108,106.0,2.0
hunt,unload,4861,0.0105,143.0,10.0
mine,restock,4629,0.01,68.0,11.0
peddle,unload,4381,0.0095,119.0,13.0
chop,peddle,4319,0.0093,339.0,185.0
sew,mine,3965,0.0086,219.0,73.0
acquire,restock,3764,0.0081,36.0,12.0
inscribe,restock,3511,0.0076,163.0,11.0
acquire,prowl,3467,0.0075,21.0,3.0
unload,restock,3270,0.0071,18.0,11.0
forge,peddle,3166,0.0069,452.0,146.0
acquire,unload,3064,0.0066,30.0,9.0
unload,mine,2988,0.0065,9.0,6.0
cook,unload,2335,0.0051,53.0,10.0
prowl,unload,2152,0.0047,8.0,4.0
forge,cook,2117,0.0046,238.0,51.0
peddle,acquire,2086,0.0045,161.0,39.0
herbs,restock,2040,0.0044,27.0,11.0
sew,peddle,2010,0.0043,266.0,119.0
hunt,cook,2007,0.0043,167.0,53.0
hunt,restock,1965,0.0043,143.0,11.0
mine,peddle,1846,0.004,137.5,89.0
order,acquire,1844,0.004,272.0,26.0
restock,acquire,1781,0.0039,11.0,7.0
prowl,restock,1666,0.0036,16.0,11.0
hunt,peddle,1603,0.0035,172.0,82.0
order,mine,1586,0.0034,271.0,91.0
brew,restock,1543,0.0033,164.0,11.0
hunt,acquire,1513,0.0033,163.0,31.0
mine,cook,1427,0.0031,118.0,57.0
prowl,acquire,1407,0.003,7.0,2.0
brew,acquire,1377,0.003,198.0,82.0
forge,sew,1375,0.003,329.0,132.0
acquire,herbs,1371,0.003,67.0,28.0
hunt,forage,1360,0.0029,137.0,10.0
chop,hunt,1342,0.0029,329.0,143.0
band,prowl,1318,0.0029,4.0,1.0
chop,herbs,1282,0.0028,282.0,25.0
unload,acquire,1256,0.0027,19.0,9.0
inscribe,peddle,1247,0.0027,213.0,136.0
glean,prowl,1245,0.0027,8.0,1.0
hunt,mine,1172,0.0025,165.0,48.0
order,prowl,1148,0.0025,275.5,4.0
hunt,glean,1145,0.0025,155.0,10.0
hunt,band,1125,0.0024,154.0,3.0
prowl,mine,1075,0.0023,8.0,4.0
restock,housecall,1039,0.0022,11.0,8.0
peddle,cook,1029,0.0022,144.0,55.0
mine,acquire,1028,0.0022,97.0,36.0
mine,sew,1019,0.0022,113.0,69.0
