session,first_take,last_take,takes,first_refusals_nothing-to-weigh,first_refusals_other-map,first_refusals_dungeon-edge,first_refusals_outlay,first_refusals_no-room-for-coin,first_refusals_breaker,first_refusals_becalmed,first_refusals_deaths-close,first_refusals_deaths-keep-out,first_refusals_hostile-strength,first_refusals_red-in-town,first_refusals_expected-nothing,first_refusals_weighed-nothing,first_refusals_unrecognised
2026-09-18_00-08,2026-09-18 00:08:23,2026-09-18 00:12:05,416,0,0,0,19,0,0,0,0,0,0,2,186,0,0
2026-09-18_00-12,2026-09-18 00:12:33,2026-09-18 00:20:39,804,0,0,0,110,0,0,0,0,0,0,11,277,0,0
2026-09-18_00-21,2026-09-18 00:21:05,2026-09-18 00:21:05,76,0,0,0,0,0,0,0,0,0,0,0,29,0,0
2026-09-18_00-29,2026-09-18 00:29:43,2026-09-18 01:44:47,6546,0,0,0,1173,0,0,0,0,0,0,0,2528,0,0
2026-09-18_01-45,2026-09-18 01:45:16,2026-09-18 01:48:07,381,0,0,0,13,0,0,0,0,0,0,0,176,0,0
2026-09-18_01-48,2026-09-18 01:48:33,2026-09-18 01:53:03,509,0,0,0,25,0,0,0,0,0,0,2,173,0,0
2026-09-18_01-53,2026-09-18 01:53:32,2026-09-18 03:05:19,6645,0,0,0,1021,0,0,0,0,0,0,0,2204,0,0
2026-09-18_03-05,2026-09-18 03:05:48,2026-09-18 05:28:12,12802,0,0,0,1887,0,0,0,0,0,0,5,4953,0,0
2026-09-18_05-28,2026-09-18 05:28:41,2026-09-18 06:30:23,5512,0,0,0,731,0,0,0,0,0,0,3,1219,0,0
2026-09-18_06-30,2026-09-18 06:30:51,2026-09-18 10:25:21,22086,0,0,0,4207,0,0,0,0,0,0,0,6553,0,0
2026-09-18_10-25,2026-09-18 10:25:50,2026-09-18 10:32:55,742,0,0,0,78,0,0,0,0,0,0,1,144,0,0
2026-09-18_10-33,2026-09-18 10:33:23,2026-09-18 10:40:59,823,0,0,0,86,0,0,0,0,0,0,0,285,0,0
2026-09-18_10-41,2026-09-18 10:41:27,2026-09-18 10:49:48,909,0,0,0,119,0,0,0,0,0,0,0,271,0,0
2026-09-18_10-50,2026-09-18 10:50:16,2026-09-18 10:55:21,608,0,0,0,34,0,0,0,0,0,0,0,171,0,0
2026-09-18_10-55,2026-09-18 10:55:48,2026-09-18 11:00:20,516,0,0,0,26,0,0,0,0,0,0,0,165,0,0
2026-09-18_11-00,2026-09-18 11:00:48,2026-09-18 11:04:17,457,0,0,0,20,0,0,0,0,0,0,0,217,0,0
2026-09-18_11-04,2026-09-18 11:04:44,2026-09-18 11:32:25,2803,0,0,0,414,0,0,0,0,0,0,0,529,0,0
2026-09-18_11-32,2026-09-18 11:32:54,2026-09-18 11:38:33,657,0,0,0,64,0,0,0,0,0,0,0,302,0,0
2026-09-18_11-38,2026-09-18 11:39:00,2026-09-18 12:02:03,2386,0,0,0,445,0,0,0,0,0,0,0,677,0,0
2026-09-18_12-02,2026-09-18 12:02:36,2026-09-18 12:06:47,518,0,0,0,32,0,0,0,0,0,0,0,188,0,0
2026-09-18_12-07,2026-09-18 12:07:14,2026-09-18 12:57:05,4527,0,0,0,680,0,0,0,0,0,0,0,1786,0,0
2026-09-18_12-57,2026-09-18 12:57:34,2026-09-18 13:25:18,2690,0,0,0,394,0,0,0,0,0,0,12,716,0,0
2026-09-18_13-25,2026-09-18 13:25:47,2026-09-18 13:33:17,787,0,0,0,114,0,0,0,0,0,0,0,228,0,0
2026-09-18_13-33,2026-09-18 13:33:44,2026-09-18 14:01:42,2359,0,0,0,278,0,0,0,0,0,0,0,479,0,0
2026-09-18_14-02,2026-09-18 14:02:10,2026-09-18 14:35:16,3148,0,0,0,412,0,0,0,0,0,0,0,790,0,0
2026-09-18_14-35,2026-09-18 14:35:48,2026-09-18 15:15:43,3818,0,0,0,597,0,0,0,0,0,0,0,1061,0,0
2026-09-18_15-16,2026-09-18 15:16:12,2026-09-18 15:32:45,1648,0,0,0,278,0,0,0,0,0,0,0,664,0,0
2026-09-18_15-33,2026-09-18 15:33:13,2026-09-18 17:05:18,8230,0,0,0,1317,0,0,0,0,0,0,0,2161,0,0
2026-09-18_17-05,2026-09-18 17:05:48,2026-09-18 17:12:42,753,0,0,0,74,0,0,0,0,0,0,0,311,0,0
2026-09-18_17-13,2026-09-18 17:13:09,2026-09-18 17:27:32,1346,0,0,0,293,0,0,0,0,0,0,0,295,0,0
2026-09-18_17-27,2026-09-18 17:28:01,2026-09-18 17:59:02,3123,0,0,0,509,0,0,0,0,0,0,0,668,0,0
2026-09-18_17-59,2026-09-18 17:59:43,2026-09-18 18:07:05,759,0,0,0,87,0,0,0,0,0,0,0,137,0,0
2026-09-18_18-07,2026-09-18 18:07:36,2026-09-18 18:41:30,3104,0,0,0,429,0,0,0,0,0,0,0,1030,0,0
2026-09-18_18-41,2026-09-18 18:42:03,2026-09-18 19:02:46,2238,0,0,0,354,0,0,0,0,0,0,0,760,0,0
2026-09-18_19-03,2026-09-18 19:03:20,2026-09-18 19:08:56,599,0,0,0,50,0,0,0,0,0,0,0,202,0,0
2026-09-18_19-09,2026-09-18 19:09:28,2026-09-18 19:16:59,813,0,0,0,125,0,0,0,0,0,0,0,189,0,0
2026-09-18_19-17,2026-09-18 19:17:32,2026-09-18 19:24:43,737,0,0,0,83,0,0,0,0,0,0,0,220,0,0
2026-09-18_19-25,2026-09-18 19:25:14,2026-09-18 19:34:27,931,0,0,0,121,0,0,0,0,0,0,0,302,0,0
2026-09-18_19-34,2026-09-18 19:34:57,2026-09-18 19:43:15,807,0,0,0,93,0,0,0,0,0,0,0,418,0,0
2026-09-18_19-43,,,0,0,0,0,0,0,0,0,0,0,0,0,0,0,0
2026-09-18_20-02,2026-09-18 20:03:04,2026-09-18 20:36:21,2197,0,0,0,479,0,0,0,0,0,0,0,540,0,0
2026-09-18_20-37,2026-09-18 20:37:36,2026-09-18 20:37:44,91,0,0,0,11,0,0,0,0,0,0,0,36,0,0
2026-09-18_20-38,2026-09-18 20:38:20,2026-09-18 20:42:22,502,0,0,0,21,0,0,0,0,0,0,0,207,0,0
2026-09-18_20-42,2026-09-18 20:42:57,2026-09-18 20:43:02,82,0,0,0,1,0,0,0,0,0,0,0,39,0,0
2026-09-18_20-43,2026-09-18 20:43:32,2026-09-18 20:46:03,344,0,0,0,9,0,0,0,0,0,0,0,0,0,0
2026-09-19_14-06,2026-09-19 14:06:52,2026-09-19 14:07:14,96,0,0,0,2,0,0,0,0,0,0,0,0,0,0
2026-09-20_06-30,,,0,0,0,0,0,0,0,0,0,0,0,0,0,0,0
2026-09-20_08-22,2026-09-20 08:22:07,2026-09-20 13:34:47,33077,0,0,0,5519,0,0,0,460,4,0,0,4103,0,0
2026-09-21_17-46,,,0,0,0,0,0,0,0,0,0,0,0,0,0,0,0
2026-09-21_18-06,2026-09-21 18:06:51,2026-09-21 18:12:13,687,0,0,0,83,0,0,0,0,0,0,0,117,0,0
2026-09-21_18-12,2026-09-21 18:12:39,2026-09-21 18:20:01,744,0,0,0,109,0,0,0,0,0,0,0,192,0,0
2026-09-21_18-20,2026-09-21 18:20:31,2026-09-21 18:24:46,466,0,0,0,80,0,0,0,0,0,0,0,142,0,0
2026-09-21_18-25,2026-09-21 18:25:13,2026-09-21 18:41:54,1150,0,0,0,273,0,0,0,0,0,0,0,401,0,0
2026-09-21_18-42,2026-09-21 18:42:22,2026-09-21 18:45:19,458,0,0,0,114,0,0,0,0,0,0,0,60,0,0
2026-09-21_18-45,2026-09-21 18:45:46,2026-09-21 18:48:52,419,0,0,0,105,0,0,0,0,0,0,0,63,0,0
2026-09-21_18-49,2026-09-21 18:49:20,2026-09-21 19:02:13,1138,0,0,0,330,0,3,0,57,0,0,0,98,0,0
2026-09-21_21-58,2026-09-21 21:58:56,2026-09-22 01:07:21,18011,0,0,0,2671,2,19,0,5085,227,0,0,2990,0,0
2026-09-22_02-48,2026-09-22 02:48:46,2026-09-22 03:56:57,6898,0,0,0,705,0,1,0,0,0,0,0,2344,0,0
2026-09-22_03-57,2026-09-22 03:57:29,2026-09-22 04:06:28,1191,0,0,0,249,0,0,1,0,0,0,0,135,0,0
2026-09-22_04-06,2026-09-22 04:06:55,2026-09-22 05:11:05,6099,0,0,0,1025,1,0,12,0,1,0,0,958,0,0
2026-09-22_05-11,2026-09-22 05:11:38,2026-09-22 09:19:08,26605,0,0,58,4387,0,4,25,290,27,0,0,6969,0,0
2026-09-22_09-19,2026-09-22 09:19:40,2026-09-22 11:04:17,12064,0,0,12,2230,0,0,4,0,0,0,0,3195,0,0
2026-09-22_11-04,2026-09-22 11:04:49,2026-09-22 11:39:39,4011,0,0,4,655,0,0,0,2,15,0,0,775,0,0
2026-09-22_11-40,2026-09-22 11:40:10,2026-09-22 12:14:55,3511,0,0,0,559,0,0,2,0,0,0,0,548,0,0
2026-09-22_12-15,2026-09-22 12:15:28,2026-09-22 13:25:05,7509,0,0,0,846,0,0,45,44,3,0,0,1242,0,0
2026-09-22_13-25,2026-09-22 13:25:36,2026-09-22 14:02:30,4318,0,0,1,739,0,0,16,0,0,0,0,750,0,0
2026-09-22_14-02,2026-09-22 14:02:57,2026-09-22 15:10:33,7879,0,0,19,1317,0,0,23,19,69,0,30,1140,0,0
2026-09-22_15-10,2026-09-22 15:11:04,2026-09-22 15:47:58,4086,0,0,4,515,0,1,10,17,10,0,0,807,0,0
2026-09-22_15-48,2026-09-22 15:48:26,2026-09-22 16:55:45,8536,0,0,0,1063,0,0,4,0,23,0,0,1649,0,0
2026-09-22_16-56,2026-09-22 16:56:22,2026-09-22 18:06:04,7455,0,0,5,1130,0,0,24,0,0,0,0,1364,0,0
2026-09-22_18-06,2026-09-22 18:06:36,2026-09-22 19:20:08,7694,0,0,0,1080,0,0,16,30,0,0,0,1145,0,0
2026-09-23_19-26,,,0,0,0,0,0,0,0,0,0,0,0,0,0,0,0
2026-09-23_21-41,,,0,0,0,0,0,0,0,0,0,0,0,0,0,0,0
2026-09-24_01-56,2026-09-24 01:56:55,2026-09-24 02:08:52,1314,0,0,0,230,0,0,3,0,0,0,0,188,0,0
2026-09-24_02-09,2026-09-24 02:09:28,2026-09-24 02:12:05,340,0,0,0,82,0,0,0,0,0,0,0,29,0,0
2026-09-24_02-12,2026-09-24 02:12:28,2026-09-24 02:43:40,3509,0,0,0,743,0,0,6,0,0,0,0,674,0,0
2026-09-24_02-44,2026-09-24 02:44:06,2026-09-24 02:52:42,883,0,0,0,224,0,0,3,0,0,0,0,81,0,0
2026-09-24_02-53,2026-09-24 02:53:06,2026-09-24 03:29:07,4031,0,0,0,751,0,0,23,0,0,0,0,779,0,0
2026-09-24_03-29,2026-09-24 03:29:35,2026-09-24 04:15:35,4118,0,0,0,685,0,0,9,27,26,0,0,725,0,0
2026-09-24_04-15,2026-09-24 04:16:01,2026-09-24 05:00:09,3467,0,0,0,506,0,0,19,0,0,0,0,611,0,0
2026-09-24_05-00,2026-09-24 05:00:33,2026-09-24 05:44:59,2889,0,0,0,401,0,0,7,0,0,0,0,304,0,0
2026-09-24_05-45,2026-09-24 05:45:25,2026-09-24 06:33:01,3013,0,0,3,291,0,0,18,0,0,0,0,483,0,0
2026-09-24_06-33,2026-09-24 06:33:41,2026-09-24 06:50:47,1286,0,0,0,149,0,0,4,0,0,0,0,310,0,0
2026-09-24_06-50,2026-09-24 06:50:58,2026-09-24 07:19:44,1564,0,0,0,178,0,0,2,333,2,0,0,205,0,0
2026-09-24_07-19,2026-09-24 07:19:53,2026-09-24 08:04:35,3249,0,0,6,565,0,0,4,958,17,0,0,715,0,0
2026-09-24_08-04,2026-09-24 08:04:43,2026-09-24 08:45:17,2599,0,0,5,260,0,15,5,0,0,0,0,460,0,0
2026-09-24_08-45,2026-09-24 08:45:26,2026-09-24 09:30:31,2191,0,0,0,297,0,0,13,743,3,0,0,279,0,0
2026-09-24_09-30,2026-09-24 09:30:40,2026-09-24 09:52:03,1331,0,0,0,270,0,0,2,131,0,0,0,244,0,0
2026-09-24_09-52,2026-09-24 09:52:13,2026-09-24 09:54:24,113,0,0,0,17,0,0,0,0,0,0,0,43,0,0
2026-09-24_09-54,2026-09-24 09:54:37,2026-09-24 10:13:34,873,0,0,0,153,0,0,11,110,1,0,0,109,0,0
2026-09-24_10-13,2026-09-24 10:13:44,2026-09-24 10:20:51,405,0,0,0,77,0,0,1,0,0,0,0,39,0,0
2026-09-24_10-20,2026-09-24 10:21:00,2026-09-24 11:00:14,1743,0,0,1,343,0,0,2,0,0,0,0,310,0,0
2026-09-24_11-00,2026-09-24 11:00:26,2026-09-24 11:47:52,3153,0,0,3,395,0,0,7,0,0,0,0,464,0,0
2026-09-24_11-47,2026-09-24 11:48:01,2026-09-24 12:31:16,2895,0,0,0,407,0,0,6,36,2,0,0,446,0,0
2026-09-24_12-31,2026-09-24 12:31:24,2026-09-24 13:23:22,3618,0,0,2,566,0,0,0,0,0,0,0,774,0,0
2026-09-24_13-23,2026-09-24 13:24:03,2026-09-24 14:03:05,2373,0,0,2,259,0,0,3,10,16,0,0,327,0,0
2026-09-24_14-03,2026-09-24 14:03:51,2026-09-24 14:14:32,853,0,0,0,135,0,0,0,0,0,0,0,76,0,0
2026-09-24_14-14,2026-09-24 14:14:59,2026-09-24 14:46:31,2253,0,0,0,330,0,0,1,0,43,0,0,187,0,0
2026-09-24_14-47,2026-09-24 14:47:12,2026-09-24 15:31:30,3128,0,0,0,441,0,0,18,0,0,0,0,446,0,0
2026-09-24_15-31,2026-09-24 15:31:58,2026-09-24 16:14:01,2511,0,0,0,284,0,0,0,0,0,0,0,849,0,0
2026-09-24_16-14,2026-09-24 16:14:33,2026-09-24 17:02:40,3304,0,0,2,357,0,0,21,0,0,0,0,480,0,0
2026-09-24_17-03,2026-09-24 17:03:15,2026-09-24 18:06:14,3745,0,0,0,542,0,24,2,260,182,0,0,402,0,0
2026-09-24_18-06,2026-09-24 18:06:43,2026-09-24 18:32:01,1243,0,0,6,107,0,0,0,0,0,0,0,199,0,0
2026-09-24_18-32,2026-09-24 18:32:32,2026-09-24 20:01:06,6469,0,0,2,1018,0,0,19,0,0,0,0,1205,0,0
2026-09-24_20-01,2026-09-24 20:01:35,2026-09-24 20:05:40,392,0,0,0,66,0,0,0,0,0,0,0,38,0,0
2026-09-24_20-06,2026-09-24 20:06:06,2026-09-24 21:18:35,5320,0,0,0,810,1,0,3,0,0,0,0,1125,0,0
2026-09-25_06-17,2026-09-25 06:17:51,2026-09-25 06:29:10,1531,0,0,1,221,0,0,1,0,0,0,0,170,0,0
2026-09-25_06-29,2026-09-25 06:29:39,2026-09-25 07:03:42,7680,0,0,5,820,0,0,1,0,8,0,0,832,0,0
2026-09-25_07-04,2026-09-25 07:04:07,2026-09-25 07:55:58,5544,0,0,1,891,0,0,2,0,0,0,0,1134,0,0
2026-09-25_07-56,2026-09-25 07:56:18,2026-09-25 08:44:07,4898,0,0,1,1047,0,0,10,0,0,0,0,458,0,0
2026-09-25_08-44,2026-09-25 08:44:26,2026-09-25 15:18:40,47976,0,0,19,4566,1,0,90,0,0,0,0,7875,0,0
2026-09-25_15-18,2026-09-25 15:18:54,2026-09-25 15:34:37,1248,0,0,0,229,0,0,0,0,0,0,0,227,0,0
2026-09-25_15-35,2026-09-25 15:35:06,2026-09-25 16:05:40,2185,0,0,0,381,0,0,1,0,0,0,0,444,0,0
2026-09-25_16-05,2026-09-25 16:05:54,2026-09-25 16:51:20,2724,0,0,60,202,0,0,3,0,0,0,0,915,0,0
2026-09-25_16-51,2026-09-25 16:51:33,2026-09-25 16:58:45,447,0,0,17,23,0,0,0,0,0,0,0,188,0,0
2026-09-25_16-58,2026-09-25 16:58:58,2026-09-25 17:27:18,2599,0,0,78,227,0,30,25,0,0,0,0,698,0,0
2026-09-25_17-27,2026-09-25 17:27:33,2026-09-25 17:28:52,148,0,0,2,23,0,0,0,0,0,0,0,32,0,0
2026-09-25_17-28,2026-09-25 17:29:04,2026-09-25 17:29:10,102,0,0,9,14,0,0,0,0,0,0,0,17,0,0
2026-09-25_17-31,2026-09-25 17:32:02,2026-09-25 17:32:19,104,0,0,9,15,0,0,0,0,0,0,0,13,0,0
2026-09-26_01-08,2026-09-26 01:08:55,2026-09-26 01:35:27,1225,0,0,26,21,0,0,1,0,0,0,0,18,0,0
2026-09-26_01-35,2026-09-26 01:35:55,2026-09-26 01:42:17,354,0,0,23,30,0,0,0,0,0,0,0,0,0,0
2026-09-26_01-42,2026-09-26 01:42:39,2026-09-26 01:45:26,179,0,0,10,33,0,0,0,0,0,0,0,0,0,0
2026-09-26_01-45,2026-09-26 01:45:54,2026-09-26 01:47:53,173,0,0,17,46,0,0,0,0,0,0,0,0,0,0
2026-09-26_01-48,2026-09-26 01:48:16,2026-09-26 01:55:29,341,0,0,26,87,0,0,0,0,0,0,0,0,0,0
2026-09-26_01-55,2026-09-26 01:55:55,2026-09-26 02:05:35,456,0,0,17,124,0,0,0,0,0,0,0,0,0,0
2026-09-26_02-05,2026-09-26 02:05:58,2026-09-26 02:10:31,241,0,0,15,61,0,0,0,0,0,0,0,0,0,0
2026-09-26_02-10,2026-09-26 02:10:55,2026-09-26 02:17:27,283,0,0,13,90,0,0,0,0,0,0,0,0,0,0
2026-09-26_02-17,2026-09-26 02:17:50,2026-09-26 02:20:32,156,0,0,5,62,0,0,0,0,0,0,0,0,0,0
2026-09-26_02-20,2026-09-26 02:20:57,2026-09-26 02:25:34,168,0,0,9,72,0,0,1,0,0,0,0,0,0,0
2026-09-26_02-25,2026-09-26 02:25:58,2026-09-26 02:28:39,137,0,0,7,70,0,0,0,0,0,0,0,0,0,0
2026-09-26_02-29,2026-09-26 02:29:05,2026-09-26 02:33:11,164,0,0,10,74,0,0,0,0,0,0,0,0,0,0
2026-09-26_02-33,2026-09-26 02:33:33,2026-09-26 02:41:41,290,0,0,10,129,0,0,0,0,0,0,0,0,0,0
2026-09-26_02-42,2026-09-26 02:42:07,2026-09-26 03:26:34,1457,0,0,51,293,0,0,3,0,1,0,0,33,0,0
2026-09-26_03-26,2026-09-26 03:26:58,2026-09-26 03:41:21,360,0,0,16,61,0,0,5,0,0,0,0,8,0,0
2026-09-26_03-41,,,0,0,0,0,0,0,0,0,0,0,0,0,0,0,0
2026-09-26_03-43,2026-09-26 03:43:08,2026-09-26 03:45:33,88,0,0,13,16,0,0,0,0,0,0,0,1,0,0
2026-09-26_03-45,2026-09-26 03:45:57,2026-09-26 04:07:02,555,0,0,13,120,0,0,0,0,0,0,0,5,0,0
2026-09-26_04-07,2026-09-26 04:07:25,2026-09-26 04:15:29,251,0,0,4,34,0,0,0,0,1,0,0,3,0,0
2026-09-26_04-15,2026-09-26 04:15:58,2026-09-26 04:26:06,231,0,0,1,46,0,0,0,0,0,0,0,11,0,0
2026-09-26_04-26,2026-09-26 04:26:28,2026-09-26 04:31:34,134,0,0,5,32,0,0,0,0,0,0,0,2,0,0
2026-09-26_04-31,2026-09-26 04:31:56,2026-09-26 04:57:17,586,0,0,5,137,0,0,0,0,0,0,0,32,0,0
2026-09-26_04-57,2026-09-26 04:57:45,2026-09-26 10:40:37,9848,0,0,230,770,1,24,2,7,0,0,0,513,0,0
2026-09-26_10-41,2026-09-26 10:41:10,2026-09-26 11:45:32,2315,0,0,119,229,0,10,1,1,0,0,0,521,0,0
2026-09-26_11-45,2026-09-26 11:45:57,2026-09-26 13:10:26,2332,0,0,121,230,0,71,32,0,0,0,0,358,0,0
2026-09-26_13-10,2026-09-26 13:10:55,2026-09-26 13:16:18,309,0,0,18,36,0,0,3,0,0,0,0,37,0,0
2026-09-26_13-16,2026-09-26 13:16:48,2026-09-26 14:05:33,2470,0,0,28,248,0,0,53,300,94,0,0,307,0,0
2026-09-26_14-05,2026-09-26 14:05:56,2026-09-26 14:11:41,300,0,0,0,79,0,0,2,0,0,9,0,60,0,0
2026-09-26_14-11,2026-09-26 14:12:04,2026-09-26 14:25:35,464,0,0,0,132,0,1,7,0,0,1,0,87,0,0
2026-09-26_14-25,2026-09-26 14:25:58,2026-09-26 14:32:12,310,0,0,0,80,0,0,6,0,0,0,0,92,0,0
2026-09-26_14-32,2026-09-26 14:32:38,2026-09-26 15:18:12,2263,0,0,0,556,0,0,10,0,0,154,0,269,0,0
2026-09-26_15-18,2026-09-26 15:18:37,2026-09-26 15:30:00,424,0,0,0,115,0,0,4,0,0,18,0,57,0,0
2026-09-26_15-30,,,0,0,0,0,0,0,0,0,0,0,0,0,0,0,0
