kind,takes,near,new,room,safe,purse,load,revel,ground,charter,tie,none
prowl,93608,0.7895,0.0152,0.0384,0.0003,0.1399,0.0,0.0,0.0083,0.0,0.0085,0.0
mine,53019,0.1064,0.6572,0.0998,0.0,0.0573,0.0,0.0,0.0637,0.0,0.0156,0.0001
restock,41826,0.2192,0.4733,0.1163,0.0023,0.1062,0.0,0.0,0.0183,0.0,0.0071,0.0571
peddle,38449,0.4079,0.5453,0.0337,0.0008,0.0,0.0,0.0,0.0,0.0,0.0123,0.0
hunt,36089,0.5649,0.1593,0.1497,0.0064,0.0,0.0,0.0,0.0774,0.0,0.042,0.0003
forge,31471,0.013,0.9671,0.001,0.0043,0.0119,0.0,0.0,0.0,0.0,0.0012,0.0014
unload,29593,0.5706,0.2978,0.0096,0.0055,0.1033,0.0,0.0,0.0,0.0,0.0132,0.0
acquire,18961,0.25,0.3977,0.2047,0.0029,0.0588,0.0,0.0,0.0129,0.0,0.0073,0.0657
chop,16355,0.0435,0.8652,0.0525,0.001,0.0098,0.0,0.0,0.016,0.0,0.0078,0.0043
order,9946,0.0,0.2135,0.0851,0.0015,0.0,0.0,0.0,0.025,0.0,0.0,0.6749
sew,9158,0.0406,0.7961,0.0574,0.0012,0.0236,0.0,0.0,0.004,0.0,0.001,0.076
inscribe,7655,0.1406,0.6952,0.056,0.0,0.0873,0.0,0.0,0.0,0.0,0.0112,0.0097
rescue,7570,0.3897,0.1882,0.1637,0.0103,0.0,0.0003,0.0,0.0612,0.0,0.016,0.1707
herbs,6502,0.9226,0.0114,0.006,0.0,0.0,0.0,0.0,0.0523,0.0,0.0077,0.0
brew,6394,0.0,0.3076,0.3373,0.0041,0.1986,0.0,0.0,0.026,0.0,0.002,0.1243
supply,6338,0.8498,0.0058,0.0038,0.0035,0.1319,0.0,0.0,0.0,0.0,0.0044,0.0008
cook,5637,0.6991,0.152,0.0502,0.0012,0.0639,0.0,0.0,0.0133,0.0,0.0151,0.0051
homeward,5169,0.5316,0.4289,0.0008,0.0217,0.0,0.0,0.0,0.0006,0.0,0.0164,0.0
stake,4713,0.3588,0.0878,0.1235,0.031,0.1475,0.0,0.0,0.2241,0.0,0.0274,0.0
mend,3987,0.1816,0.2087,0.2069,0.0125,0.1914,0.0003,0.0,0.0221,0.0,0.0276,0.149
band,3587,0.8548,0.0945,0.0031,0.0,0.0,0.0,0.0,0.0418,0.0,0.0042,0.0017
glean,3486,0.7255,0.0594,0.0109,0.0,0.0906,0.0,0.0,0.0875,0.0,0.0184,0.0077
escort,3249,0.342,0.1659,0.0252,0.0068,0.3921,0.0,0.0,0.0486,0.0,0.016,0.0034
flee,2853,0.0,0.4406,0.1588,0.0624,0.0,0.0011,0.0,0.0133,0.0,0.0011,0.3228
forage,2622,0.6854,0.0271,0.0004,0.0355,0.2182,0.0,0.0,0.0313,0.0,0.0019,0.0004
housecall,2160,0.8745,0.0495,0.0,0.0,0.0,0.0,0.0,0.0736,0.0,0.0023,0.0
evict,2052,0.3411,0.4639,0.0015,0.0195,0.1633,0.0,0.0,0.0,0.0,0.0078,0.0029
fletch,1835,0.0,0.5226,0.0207,0.0016,0.0872,0.0,0.0,0.0131,0.0,0.0005,0.3542
rally,1657,0.2106,0.0525,0.4122,0.1617,0.0682,0.0,0.0,0.0785,0.0,0.0163,0.0
pickings,1522,0.7812,0.1524,0.0092,0.0,0.0,0.0,0.0,0.0499,0.0,0.0066,0.0007
ward,610,0.0705,0.8262,0.0,0.0,0.0918,0.0,0.0,0.0049,0.0,0.0066,0.0
drill,604,0.1159,0.8725,0.0,0.0066,0.0,0.0,0.0,0.0,0.0,0.0,0.005
stroll,563,0.119,0.8792,0.0,0.0,0.0,0.0,0.0,0.0,0.0,0.0018,0.0
scout,480,0.4729,0.5,0.0,0.0146,0.0,0.0,0.0,0.0104,0.0,0.0,0.0021
delve,416,0.4279,0.3582,0.1466,0.0096,0.0,0.0,0.0,0.0,0.0,0.0481,0.0096
reclaim,325,0.8831,0.0246,0.0,0.0646,0.0,0.0,0.0,0.0246,0.0,0.0031,0.0
harrow,317,0.4227,0.4101,0.0442,0.041,0.0,0.0,0.0,0.0379,0.0,0.0252,0.0189
drill-in,295,0.6508,0.1797,0.0949,0.0,0.0102,0.0,0.0,0.0,0.0,0.0475,0.0169
enlist,234,0.6368,0.0128,0.141,0.0256,0.0,0.0,0.0,0.094,0.0,0.0214,0.0684
tutor,158,0.9937,0.0,0.0,0.0,0.0,0.0,0.0,0.0,0.0,0.0063,0.0
quarrel,133,0.4211,0.1429,0.1278,0.188,0.0602,0.0,0.0,0.0451,0.0,0.0075,0.0075
liberate,109,0.633,0.0,0.0,0.0183,0.1927,0.0,0.0,0.0183,0.0,0.0183,0.1193
plunder,100,0.77,0.15,0.0,0.0,0.07,0.0,0.0,0.0,0.0,0.01,0.0
errand,94,0.9787,0.0106,0.0,0.0,0.0,0.0,0.0,0.0106,0.0,0.0,0.0
sweep,93,0.7742,0.1505,0.0,0.0215,0.0,0.0,0.0,0.0215,0.0,0.0215,0.0108
remove,28,0.75,0.0357,0.0,0.0,0.2143,0.0,0.0,0.0,0.0,0.0,0.0
mind-mine,24,0.5833,0.0833,0.0,0.0,0.3333,0.0,0.0,0.0,0.0,0.0,0.0
hall,17,0.9412,0.0,0.0,0.0,0.0588,0.0,0.0,0.0,0.0,0.0,0.0
mind-chop,16,0.0625,0.6875,0.0,0.0,0.0,0.0,0.0,0.25,0.0,0.0,0.0
manhunt,15,0.8667,0.0,0.0,0.1333,0.0,0.0,0.0,0.0,0.0,0.0,0.0
hire,14,0.9286,0.0,0.0,0.0,0.0714,0.0,0.0,0.0,0.0,0.0,0.0
defend,13,0.5385,0.0769,0.0,0.0,0.0,0.0,0.0,0.0769,0.0,0.0,0.3077
raid,10,0.8,0.0,0.0,0.0,0.0,0.0,0.0,0.2,0.0,0.0,0.0
mind-fletch,10,0.0,0.2,0.0,0.0,0.0,0.0,0.0,0.0,0.0,0.0,0.8
fit,8,0.875,0.125,0.0,0.0,0.0,0.0,0.0,0.0,0.0,0.0,0.0
mind-unload,2,1.0,0.0,0.0,0.0,0.0,0.0,0.0,0.0,0.0,0.0,0.0
mind-sew,2,1.0,0.0,0.0,0.0,0.0,0.0,0.0,0.0,0.0,0.0,0.0
mind-forge,2,0.5,0.0,0.0,0.0,0.5,0.0,0.0,0.0,0.0,0.0,0.0
mind-peddle,1,1.0,0.0,0.0,0.0,0.0,0.0,0.0,0.0,0.0,0.0,0.0
