session,refused_kind,expected,claim,first_seen,last_seen,hours,times,bots,bot_names
2026-09-25_08-44,prowl,-11.0,2.0,2026-09-25 08:44:27,2026-09-25 15:17:22,6.55,36,21,
2026-09-25_08-44,prowl,-10.9,2.0,2026-09-25 08:46:27,2026-09-25 15:15:47,6.49,16,13,
2026-09-25_08-44,prowl,-0.6,2.0,2026-09-25 08:49:10,2026-09-25 15:17:33,6.47,30,15,
2026-09-25_08-44,prowl,-9.5,2.0,2026-09-25 08:47:44,2026-09-25 15:14:24,6.44,3,3,Hollis / Nessa Ashdown / Perri
2026-09-25_08-44,prowl,-48.6,2.0,2026-09-25 08:47:47,2026-09-25 15:11:50,6.4,9,9,
2026-09-25_08-44,prowl,-0.1,2.0,2026-09-25 08:55:01,2026-09-25 15:14:58,6.33,17,10,
2026-09-25_08-44,prowl,-2.2,2.0,2026-09-25 08:58:11,2026-09-25 15:17:51,6.33,9,9,
2026-09-25_08-44,prowl,-1.0,2.0,2026-09-25 09:03:33,2026-09-25 15:14:58,6.19,10,6,Edda / Ilsa / Isolde Ashdown / Oswin Ashdown / Pell / Torvin
2026-09-25_08-44,prowl,-9.6,5.9,2026-09-25 09:02:06,2026-09-25 15:13:44,6.19,3,3,Alden / Kerrin / Perri Ashdown
2026-09-25_08-44,prowl,-0.9,2.0,2026-09-25 08:56:37,2026-09-25 15:04:51,6.14,7,6,Brannoc Ashdown / Doran / Edda / Ilsa / Leofric / Orin
2026-09-25_08-44,prowl,-0.5,2.0,2026-09-25 08:58:48,2026-09-25 15:06:51,6.13,13,9,
2026-09-25_08-44,prowl,-1.5,2.0,2026-09-25 08:44:26,2026-09-25 14:52:16,6.13,14,10,
2026-09-25_08-44,prowl,-11.7,2.0,2026-09-25 08:53:46,2026-09-25 15:01:07,6.12,61,10,
2026-09-25_08-44,prowl,-0.3,2.6,2026-09-25 09:01:11,2026-09-25 15:07:07,6.1,2,2,Calla Ashdown / Hollis
2026-09-25_08-44,prowl,-0.3,2.0,2026-09-25 08:58:58,2026-09-25 15:04:31,6.09,7,7,
2026-09-25_08-44,prowl,-7.5,2.0,2026-09-25 09:06:20,2026-09-25 15:07:31,6.02,106,23,
2026-09-25_08-44,prowl,-1.9,2.0,2026-09-25 09:03:15,2026-09-25 14:58:40,5.92,47,13,
2026-09-25_08-44,prowl,-6.2,5.9,2026-09-25 09:02:04,2026-09-25 14:55:53,5.9,2,2,Alden / Kestrel
2026-09-25_08-44,prowl,-22.0,2.0,2026-09-25 09:20:36,2026-09-25 15:14:11,5.89,56,14,
2026-09-25_08-44,prowl,-2.5,2.0,2026-09-25 09:02:55,2026-09-25 14:45:50,5.72,7,7,
2026-09-25_08-44,prowl,-2.4,2.2,2026-09-25 09:03:14,2026-09-25 14:40:11,5.62,2,2,Corwin / Faron
2026-09-25_08-44,prowl,-5.3,2.0,2026-09-25 09:26:23,2026-09-25 15:03:37,5.62,5,3,Alden / Ilsa Ashdown / Jarek Ashdown
2026-09-25_08-44,prowl,-10.4,3.5,2026-09-25 08:50:29,2026-09-25 14:23:09,5.54,2,2,Hale Ashdown / Joss Ashdown
2026-09-25_08-44,prowl,-0.2,2.0,2026-09-25 09:39:03,2026-09-25 15:10:19,5.52,9,4,Corwin Ashdown / Edda / Kestrel / Marek
2026-09-25_08-44,prowl,-8.3,2.0,2026-09-25 08:45:04,2026-09-25 14:13:04,5.47,4,4,Alden / Bryn Ashdown / Kestrel / Vance
2026-09-25_08-44,prowl,-0.4,2.0,2026-09-25 09:11:30,2026-09-25 14:25:38,5.24,3,3,Faron Ashdown / Fenna Ashdown / Lysa
2026-09-25_08-44,prowl,-8.6,2.0,2026-09-25 10:04:45,2026-09-25 15:17:44,5.22,28,13,
2026-09-25_08-44,prowl,-0.1,2.4,2026-09-25 09:42:38,2026-09-25 14:50:00,5.12,2,2,Garrow / Ilsa
2026-09-20_08-22,prowl,-1.9,2.0,2026-09-20 08:31:38,2026-09-20 13:32:37,5.02,51,30,
2026-09-20_08-22,prowl,-2.4,2.0,2026-09-20 08:34:38,2026-09-20 13:33:09,4.98,22,17,
2026-09-25_08-44,prowl,-21.9,2.4,2026-09-25 09:38:42,2026-09-25 14:37:43,4.98,5,4,Alden / Edda / Fenna Ashdown / Neriah Ashdown
2026-09-20_08-22,prowl,-0.1,2.0,2026-09-20 08:36:00,2026-09-20 13:32:11,4.94,137,47,
2026-09-25_08-44,prowl,-2.1,2.0,2026-09-25 09:42:58,2026-09-25 14:38:02,4.92,2,2,Dain / Talia
2026-09-20_08-22,prowl,-0.0,2.0,2026-09-20 08:37:07,2026-09-20 13:31:35,4.91,86,45,
2026-09-25_08-44,prowl,-2.3,2.0,2026-09-25 10:21:40,2026-09-25 15:15:04,4.89,4,4,Calla Ashdown / Quill / Selwyn / Yarrow
2026-09-25_08-44,prowl,-4.5,2.0,2026-09-25 08:54:30,2026-09-25 13:47:22,4.88,14,5,Delwyn / Edda / Faron Ashdown / Maeve / Rowan Ashdown
2026-09-20_08-22,prowl,-0.2,2.0,2026-09-20 08:35:39,2026-09-20 13:26:40,4.85,171,54,
2026-09-20_08-22,prowl,-1.8,2.0,2026-09-20 08:31:41,2026-09-20 13:19:53,4.8,27,19,
2026-09-25_08-44,prowl,-9.6,2.0,2026-09-25 10:15:53,2026-09-25 15:03:30,4.79,11,11,
2026-09-25_08-44,prowl,-3.4,2.0,2026-09-25 09:43:59,2026-09-25 14:30:48,4.78,53,14,
2026-09-20_08-22,prowl,-0.9,2.0,2026-09-20 08:31:43,2026-09-20 13:16:58,4.75,82,37,
2026-09-20_08-22,drill-in,-4.7,72.0,2026-09-20 08:44:37,2026-09-20 13:29:18,4.74,83,24,
2026-09-20_08-22,prowl,-2.1,2.0,2026-09-20 08:46:36,2026-09-20 13:29:03,4.71,55,34,
2026-09-25_08-44,prowl,-2.7,2.0,2026-09-25 10:35:41,2026-09-25 15:18:21,4.71,6,3,Emrys / Isolde Ashdown / Joss Ashdown
2026-09-20_08-22,prowl,-3.6,2.0,2026-09-20 08:52:15,2026-09-20 13:34:24,4.7,66,34,
2026-09-25_08-44,prowl,-5.9,2.0,2026-09-25 10:28:40,2026-09-25 15:10:24,4.7,36,22,
2026-09-20_08-22,prowl,-3.8,2.0,2026-09-20 08:37:21,2026-09-20 13:16:34,4.65,7,7,
2026-09-20_08-22,prowl,-1.1,2.0,2026-09-20 08:55:49,2026-09-20 13:34:28,4.64,91,44,
2026-09-20_08-22,prowl,-1.2,2.0,2026-09-20 08:56:01,2026-09-20 13:34:00,4.63,103,40,
2026-09-20_08-22,prowl,-1.6,2.0,2026-09-20 08:57:06,2026-09-20 13:34:35,4.62,69,30,
2026-09-25_08-44,prowl,-0.3,3.1,2026-09-25 10:32:45,2026-09-25 15:09:55,4.62,2,2,Aric / Bertram
2026-09-20_08-22,prowl,-9.5,2.0,2026-09-20 08:30:23,2026-09-20 13:05:56,4.59,13,7,
2026-09-25_08-44,prowl,-5.5,2.0,2026-09-25 08:49:06,2026-09-25 13:24:34,4.59,6,6,Delwyn / Doran Ashdown / Garrow / Orin / Perri / Rowan Ashdown
2026-09-25_08-44,prowl,-7.3,2.7,2026-09-25 10:31:07,2026-09-25 15:06:43,4.59,3,3,Edda / Quill / Yarrow Ashdown
2026-09-20_08-22,prowl,-0.8,2.0,2026-09-20 09:00:00,2026-09-20 13:34:18,4.57,123,50,
2026-09-20_08-22,prowl,-3.4,2.0,2026-09-20 08:46:47,2026-09-20 13:20:21,4.56,9,9,
2026-09-20_08-22,prowl,-0.7,2.0,2026-09-20 08:53:36,2026-09-20 13:26:26,4.55,252,52,
2026-09-20_08-22,prowl,-1.0,2.0,2026-09-20 08:53:56,2026-09-20 13:26:24,4.54,83,39,
2026-09-25_08-44,prowl,-2.0,2.0,2026-09-25 10:46:32,2026-09-25 15:18:39,4.54,4,3,Neriah Ashdown / Orin Ashdown / Selwyn
2026-09-20_08-22,prowl,-3.3,2.0,2026-09-20 08:31:29,2026-09-20 13:03:11,4.53,18,12,
2026-09-20_08-22,prowl,-0.6,2.0,2026-09-20 08:50:32,2026-09-20 13:21:05,4.51,135,51,
2026-09-20_08-22,prowl,-2.6,2.0,2026-09-20 08:47:08,2026-09-20 13:16:50,4.5,48,32,
2026-09-25_08-44,prowl,-10.0,2.4,2026-09-25 10:26:12,2026-09-25 14:55:16,4.48,5,5,Gerda Ashdown / Joss Ashdown / Kerrin / Nessa / Pell Ashdown
2026-09-20_08-22,prowl,-2.0,2.0,2026-09-20 08:57:30,2026-09-20 13:25:40,4.47,149,43,
2026-09-25_08-44,prowl,-28.1,2.3,2026-09-25 08:54:34,2026-09-25 13:21:51,4.45,3,3,Alden Ashdown / Edda / Oswin Ashdown
2026-09-25_08-44,prowl,-30.0,2.0,2026-09-25 08:49:46,2026-09-25 13:16:26,4.44,65,22,
2026-09-25_08-44,prowl,-7.3,2.5,2026-09-25 09:11:39,2026-09-25 13:37:10,4.43,9,4,Aric / Calla Ashdown / Edda / Oswin Ashdown
2026-09-25_08-44,prowl,-8.4,2.0,2026-09-25 10:27:06,2026-09-25 14:52:36,4.42,9,6,Calla Ashdown / Garrow Ashdown / Hollis / Kerrin Ashdown / Merrick Ashdown / Oswin
2026-09-20_08-22,prowl,-3.0,2.0,2026-09-20 09:08:22,2026-09-20 13:33:12,4.41,58,31,
2026-09-25_08-44,prowl,-3.3,2.0,2026-09-25 10:35:01,2026-09-25 14:59:03,4.4,26,4,Corwin Ashdown / Edda / Neriah Ashdown / Talia
2026-09-20_08-22,prowl,-2.2,2.0,2026-09-20 08:49:31,2026-09-20 13:12:09,4.38,25,17,
2026-09-20_08-22,prowl,-1.4,2.0,2026-09-20 09:01:00,2026-09-20 13:21:27,4.34,35,24,
2026-09-25_08-44,prowl,-12.8,2.0,2026-09-25 08:55:24,2026-09-25 13:15:10,4.33,72,13,
2026-09-25_08-44,prowl,-22.2,2.0,2026-09-25 10:35:45,2026-09-25 14:52:33,4.28,14,7,
2026-09-25_08-44,prowl,-5.2,8.8,2026-09-25 10:59:50,2026-09-25 15:15:56,4.27,2,2,Edda / Ulla
2026-09-25_08-44,prowl,-11.5,2.5,2026-09-25 10:55:29,2026-09-25 15:11:22,4.26,3,2,Edda / Rowan Ashdown
2026-09-20_08-22,prowl,-0.5,2.0,2026-09-20 09:01:59,2026-09-20 13:16:52,4.25,94,41,
2026-09-20_08-22,prowl,-1.7,2.0,2026-09-20 08:58:49,2026-09-20 13:13:49,4.25,36,22,
2026-09-25_08-44,prowl,-10.1,2.2,2026-09-25 10:26:18,2026-09-25 14:40:24,4.24,2,2,Jarek Ashdown / Perri Ashdown
2026-09-25_08-44,prowl,-65.7,2.0,2026-09-25 11:04:45,2026-09-25 15:18:18,4.23,38,11,
2026-09-25_08-44,prowl,-0.7,2.6,2026-09-25 09:01:08,2026-09-25 13:13:14,4.2,3,3,Bryn Ashdown / Edda / Perri
2026-09-25_08-44,prowl,-28.2,2.0,2026-09-25 08:47:38,2026-09-25 12:58:36,4.18,44,9,
2026-09-20_08-22,prowl,-0.3,2.0,2026-09-20 09:24:45,2026-09-20 13:34:35,4.16,123,37,
2026-09-25_08-44,prowl,-7.4,2.0,2026-09-25 08:49:58,2026-09-25 12:58:29,4.14,95,20,
2026-09-25_08-44,prowl,-10.6,3.4,2026-09-25 11:09:36,2026-09-25 15:16:16,4.11,3,2,Edda / Vance
2026-09-22_05-11,prowl,-17.9,2.0,2026-09-22 05:12:28,2026-09-22 09:18:37,4.1,43,30,
2026-09-25_08-44,prowl,-25.8,2.0,2026-09-25 11:09:48,2026-09-25 15:15:44,4.1,4,4,Hale Ashdown / Merrick Ashdown / Quill Ashdown / Selwyn Ashdown
2026-09-25_08-44,prowl,-6.3,2.0,2026-09-25 09:43:17,2026-09-25 13:49:34,4.1,68,22,
2026-09-22_05-11,prowl,-38.0,2.0,2026-09-22 05:12:29,2026-09-22 09:16:38,4.07,879,61,
2026-09-25_08-44,prowl,-7.3,2.6,2026-09-25 10:36:10,2026-09-25 14:40:04,4.07,5,2,Edda / Nessa
2026-09-25_08-44,prowl,-7.4,2.2,2026-09-25 09:05:20,2026-09-25 13:09:36,4.07,7,3,Edda / Hale Ashdown / Marek
2026-09-20_08-22,prowl,-0.1,2.2,2026-09-20 08:39:35,2026-09-20 12:42:29,4.05,5,5,Calla Ashdown / Emrys / Faron Ashdown / Lysa Ashdown / Vance
2026-09-25_08-44,prowl,-7.2,2.9,2026-09-25 11:02:51,2026-09-25 15:06:08,4.05,4,4,Aric / Edda / Emrys / Vance
2026-09-22_05-11,prowl,-0.6,2.0,2026-09-22 05:12:38,2026-09-22 09:15:03,4.04,78,39,
2026-09-22_05-11,prowl,-0.8,2.0,2026-09-22 05:12:03,2026-09-22 09:12:44,4.01,80,38,
2026-09-22_05-11,prowl,-3.0,2.0,2026-09-22 05:13:29,2026-09-22 09:13:55,4.01,63,34,
2026-09-22_05-11,prowl,-3.8,2.0,2026-09-22 05:12:29,2026-09-22 09:11:12,3.98,18,16,
2026-09-20_08-22,prowl,-3.1,2.0,2026-09-20 08:51:26,2026-09-20 12:49:45,3.97,5,4,Quenna / Ulla / Vance / Wystan
2026-09-22_05-11,prowl,-13.1,2.0,2026-09-22 05:13:17,2026-09-22 09:10:12,3.95,51,32,
2026-09-25_08-44,prowl,-6.4,2.0,2026-09-25 11:05:33,2026-09-25 15:00:46,3.92,29,3,Corwin Ashdown / Edda / Jarek Ashdown
2026-09-22_05-11,prowl,-65.1,2.0,2026-09-22 05:13:08,2026-09-22 09:07:37,3.91,54,30,
2026-09-18_06-30,prowl,-23.7,2.0,2026-09-18 06:30:51,2026-09-18 10:25:06,3.9,134,50,
2026-09-18_06-30,prowl,-26.0,2.0,2026-09-18 06:30:51,2026-09-18 10:24:52,3.9,75,41,
2026-09-18_06-30,prowl,-55.1,2.0,2026-09-18 06:30:51,2026-09-18 10:25:00,3.9,85,30,
2026-09-25_08-44,prowl,-0.2,6.9,2026-09-25 11:12:29,2026-09-25 15:06:27,3.9,2,2,Doran / Edda
2026-09-18_06-30,prowl,-0.5,2.0,2026-09-18 06:30:51,2026-09-18 10:24:18,3.89,34,30,
2026-09-18_06-30,prowl,-11.0,2.0,2026-09-18 06:30:51,2026-09-18 10:24:24,3.89,25,18,
2026-09-18_06-30,prowl,-14.8,2.0,2026-09-18 06:30:51,2026-09-18 10:24:24,3.89,97,51,
2026-09-18_06-30,prowl,-51.8,2.0,2026-09-18 06:31:12,2026-09-18 10:24:38,3.89,958,64,
2026-09-18_06-30,prowl,-52.8,2.0,2026-09-18 06:31:54,2026-09-18 10:25:20,3.89,37,25,
2026-09-18_06-30,prowl,-70.8,2.0,2026-09-18 06:31:19,2026-09-18 10:24:52,3.89,59,32,
2026-09-22_05-11,prowl,-3.6,2.0,2026-09-22 05:13:21,2026-09-22 09:06:41,3.89,23,19,
2026-09-18_06-30,prowl,-0.1,2.0,2026-09-18 06:31:42,2026-09-18 10:24:46,3.88,33,24,
2026-09-18_06-30,prowl,-95.5,2.0,2026-09-18 06:31:52,2026-09-18 10:24:23,3.88,52,36,
2026-09-22_05-11,prowl,-1.7,2.0,2026-09-22 05:15:37,2026-09-22 09:08:28,3.88,27,21,
2026-09-18_06-30,prowl,-0.7,2.0,2026-09-18 06:30:51,2026-09-18 10:22:55,3.87,19,16,
2026-09-18_06-30,prowl,-1.5,2.0,2026-09-18 06:31:31,2026-09-18 10:23:27,3.87,25,16,
2026-09-18_06-30,prowl,-87.4,2.0,2026-09-18 06:30:51,2026-09-18 10:22:57,3.87,37,29,
2026-09-18_06-30,prowl,-9.7,2.0,2026-09-18 06:31:22,2026-09-18 10:23:17,3.87,16,13,
2026-09-25_08-44,prowl,-7.2,2.8,2026-09-25 10:33:55,2026-09-25 14:25:20,3.86,5,3,Edda / Perri Ashdown / Ulla
2026-09-18_06-30,prowl,-2.1,2.0,2026-09-18 06:31:52,2026-09-18 10:22:37,3.85,6,5,Cassia / Emeric / Lysa / Roderic / Rowan
2026-09-20_08-22,prowl,-0.4,2.0,2026-09-20 09:41:51,2026-09-20 13:32:40,3.85,252,51,
2026-09-18_06-30,prowl,-14.5,2.0,2026-09-18 06:34:27,2026-09-18 10:25:04,3.84,14,11,
2026-09-18_06-30,prowl,-18.0,2.0,2026-09-18 06:31:29,2026-09-18 10:21:58,3.84,18,15,
2026-09-18_06-30,prowl,-9.6,2.0,2026-09-18 06:30:51,2026-09-18 10:21:19,3.84,111,42,
2026-09-22_05-11,prowl,-1.1,2.0,2026-09-22 05:26:03,2026-09-22 09:16:31,3.84,37,24,
2026-09-22_05-11,prowl,-39.3,2.0,2026-09-22 05:26:03,2026-09-22 09:16:16,3.84,69,42,
2026-09-18_06-30,prowl,-0.6,2.0,2026-09-18 06:30:51,2026-09-18 10:19:48,3.82,42,29,
2026-09-18_06-30,prowl,-0.8,2.0,2026-09-18 06:31:14,2026-09-18 10:20:24,3.82,15,12,
2026-09-22_05-11,prowl,-29.2,2.0,2026-09-22 05:25:54,2026-09-22 09:15:03,3.82,63,39,
2026-09-18_06-30,prowl,-12.1,2.0,2026-09-18 06:34:24,2026-09-18 10:23:05,3.81,9,8,
2026-09-20_08-22,prowl,-2.3,2.0,2026-09-20 09:43:26,2026-09-20 13:32:19,3.81,14,12,
2026-09-25_08-44,prowl,-6.4,5.3,2026-09-25 11:05:17,2026-09-25 14:54:09,3.81,2,2,Alden / Edda
2026-09-22_05-11,prowl,-0.7,2.0,2026-09-22 05:26:44,2026-09-22 09:13:53,3.79,29,21,
2026-09-18_06-30,prowl,-9.1,2.0,2026-09-18 06:30:51,2026-09-18 10:17:56,3.78,10,10,
2026-09-20_08-22,prowl,-1.3,2.0,2026-09-20 08:31:42,2026-09-20 12:17:41,3.77,14,12,
2026-09-25_08-44,prowl,-1.8,2.0,2026-09-25 11:17:01,2026-09-25 15:03:09,3.77,7,3,Edda / Ulla / Ulwin Ashdown
2026-09-18_06-30,prowl,-161.3,2.0,2026-09-18 06:31:35,2026-09-18 10:16:39,3.75,111,42,
2026-09-18_06-30,prowl,-21.4,2.0,2026-09-18 06:30:51,2026-09-18 10:15:48,3.75,21,16,
2026-09-18_06-30,prowl,-43.4,2.0,2026-09-18 06:30:51,2026-09-18 10:15:39,3.75,9,8,
2026-09-20_08-22,prowl,-2.0,2.2,2026-09-20 08:55:42,2026-09-20 12:40:43,3.75,2,2,Garrow / Lysa
2026-09-18_06-30,prowl,-24.4,2.0,2026-09-18 06:31:20,2026-09-18 10:15:45,3.74,17,14,
2026-09-18_06-30,prowl,-26.8,2.0,2026-09-18 06:32:03,2026-09-18 10:16:17,3.74,15,13,
2026-09-18_06-30,prowl,-38.4,2.0,2026-09-18 06:30:51,2026-09-18 10:15:12,3.74,26,21,
2026-09-18_06-30,prowl,-53.3,2.0,2026-09-18 06:31:52,2026-09-18 10:16:19,3.74,10,9,
2026-09-22_05-11,prowl,-91.5,2.0,2026-09-22 05:12:16,2026-09-22 08:56:48,3.74,25,20,
2026-09-18_06-30,prowl,-12.5,2.0,2026-09-18 06:30:51,2026-09-18 10:14:30,3.73,15,14,
2026-09-18_06-30,prowl,-55.0,2.0,2026-09-18 06:32:53,2026-09-18 10:16:29,3.73,16,14,
2026-09-22_05-11,prowl,-13.3,2.0,2026-09-22 05:31:42,2026-09-22 09:15:33,3.73,48,27,
2026-09-22_05-11,prowl,-9.1,2.0,2026-09-22 05:28:51,2026-09-22 09:12:25,3.73,41,24,
2026-09-18_06-30,prowl,-17.5,2.0,2026-09-18 06:30:51,2026-09-18 10:14:17,3.72,42,29,
2026-09-22_05-11,prowl,-7.4,2.0,2026-09-22 05:25:52,2026-09-22 09:07:12,3.69,22,18,
2026-09-18_06-30,prowl,-10.4,2.0,2026-09-18 06:30:51,2026-09-18 10:11:45,3.68,11,11,
2026-09-22_05-11,prowl,-0.4,2.0,2026-09-22 05:26:23,2026-09-22 09:07:09,3.68,34,23,
2026-09-22_05-11,prowl,-2.9,2.0,2026-09-22 05:32:09,2026-09-22 09:12:01,3.66,10,10,
2026-09-25_08-44,prowl,-1.4,2.0,2026-09-25 10:35:15,2026-09-25 14:14:59,3.66,8,7,
2026-09-18_06-30,prowl,-28.6,2.0,2026-09-18 06:31:08,2026-09-18 10:09:50,3.65,30,25,
2026-09-18_06-30,prowl,-37.8,2.0,2026-09-18 06:30:51,2026-09-18 10:09:34,3.65,23,19,
2026-09-18_06-30,prowl,-35.4,2.0,2026-09-18 06:31:11,2026-09-18 10:09:13,3.63,28,23,
2026-09-18_06-30,prowl,-23.9,2.0,2026-09-18 06:31:50,2026-09-18 10:09:15,3.62,19,18,
2026-09-22_05-11,prowl,-0.1,2.0,2026-09-22 05:15:21,2026-09-22 08:52:23,3.62,63,33,
2026-09-22_05-11,prowl,-28.7,2.0,2026-09-22 05:31:49,2026-09-22 09:08:57,3.62,28,21,
2026-09-18_06-30,prowl,-17.9,2.0,2026-09-18 06:44:53,2026-09-18 10:21:28,3.61,48,31,
2026-09-18_06-30,prowl,-26.2,2.0,2026-09-18 06:33:00,2026-09-18 10:08:21,3.59,3,3,Hale Ashdown / Wulfric / Ysolt
2026-09-18_06-30,prowl,-8.2,2.0,2026-09-18 06:44:40,2026-09-18 10:20:01,3.59,11,9,
2026-09-20_08-22,band,-0.1,7.5,2026-09-20 09:22:21,2026-09-20 12:57:44,3.59,3,3,Calla Ashdown / Kelda / Pell
2026-09-18_06-30,prowl,-1.7,2.0,2026-09-18 06:47:46,2026-09-18 10:22:37,3.58,10,9,
2026-09-18_06-30,prowl,-23.7,2.6,2026-09-18 06:43:38,2026-09-18 10:18:23,3.58,2,2,Dain / Maeve
2026-09-18_06-30,prowl,-0.2,2.0,2026-09-18 06:50:29,2026-09-18 10:24:41,3.57,22,19,
2026-09-22_05-11,prowl,-0.5,2.0,2026-09-22 05:44:05,2026-09-22 09:18:25,3.57,72,36,
2026-09-22_05-11,prowl,-1.3,2.0,2026-09-22 05:45:13,2026-09-22 09:18:31,3.56,17,15,
2026-09-25_08-44,prowl,-11.4,2.8,2026-09-25 11:24:15,2026-09-25 14:57:42,3.56,2,2,Edda / Kerrin
2026-09-18_06-30,prowl,-31.3,2.0,2026-09-18 06:34:28,2026-09-18 10:06:54,3.54,64,33,
2026-09-18_06-30,prowl,-8.8,2.0,2026-09-18 06:49:49,2026-09-18 10:22:26,3.54,38,20,
2026-09-22_05-11,prowl,-4.0,2.0,2026-09-22 05:12:39,2026-09-22 08:44:39,3.53,13,9,
2026-09-22_05-11,prowl,-1.6,2.0,2026-09-22 05:41:06,2026-09-22 09:12:33,3.52,59,27,
2026-09-22_05-11,prowl,-1.8,2.0,2026-09-22 05:41:05,2026-09-22 09:11:44,3.51,35,26,
2026-09-18_06-30,prowl,-2.6,2.0,2026-09-18 06:52:21,2026-09-18 10:22:12,3.5,10,5,Alaric / Gerda Ashdown / Kelda / Roderic / Rowan
2026-09-25_08-44,prowl,-6.2,6.0,2026-09-25 11:24:01,2026-09-25 14:54:14,3.5,2,2,Edda / Neriah
2026-09-22_05-11,prowl,-2.7,2.0,2026-09-22 05:14:30,2026-09-22 08:43:42,3.49,9,5,Bertram / Faron Ashdown / Nessa / Orin / Pell
2026-09-25_08-44,prowl,-2.4,2.0,2026-09-25 11:16:35,2026-09-25 14:46:05,3.49,6,4,Alden / Oswin / Perri / Ulla
2026-09-18_06-30,prowl,-4.9,2.0,2026-09-18 06:30:51,2026-09-18 09:59:36,3.48,9,8,
2026-09-18_06-30,prowl,-1.1,2.0,2026-09-18 06:54:57,2026-09-18 10:22:40,3.46,15,14,
2026-09-22_05-11,prowl,-0.9,2.0,2026-09-22 05:43:41,2026-09-22 09:10:56,3.45,19,15,
2026-09-18_06-30,band,-0.9,7.5,2026-09-18 06:49:39,2026-09-18 10:15:50,3.44,38,20,
2026-09-18_06-30,prowl,-1.3,2.0,2026-09-18 06:56:12,2026-09-18 10:22:16,3.43,5,5,Bertram / Merrick / Nessa / Quill / Sable
2026-09-22_05-11,prowl,-2.0,2.0,2026-09-22 05:31:35,2026-09-22 08:57:08,3.43,20,14,
2026-09-18_06-30,prowl,-1.4,2.0,2026-09-18 06:59:13,2026-09-18 10:24:13,3.42,24,15,
2026-09-18_06-30,band,-17.6,7.5,2026-09-18 06:50:11,2026-09-18 10:15:03,3.41,64,34,
2026-09-25_08-44,prowl,-6.2,5.8,2026-09-25 11:19:37,2026-09-25 14:44:07,3.41,4,2,Edda / Marek
2026-09-25_08-44,prowl,-8.2,2.0,2026-09-25 09:33:05,2026-09-25 12:57:52,3.41,43,6,Edda / Elspeth / Faron Ashdown / Merrick Ashdown / Oswin Ashdown / Ulla Ashdown
2026-09-18_06-30,prowl,-25.3,2.0,2026-09-18 06:55:42,2026-09-18 10:19:51,3.4,15,13,
2026-09-25_08-44,prowl,-10.7,3.1,2026-09-25 11:16:08,2026-09-25 14:39:59,3.4,2,2,Edda / Ilsa
2026-09-22_05-11,prowl,-1.0,2.0,2026-09-22 05:14:16,2026-09-22 08:37:06,3.38,18,14,
2026-09-22_05-11,prowl,-23.4,2.0,2026-09-22 05:26:45,2026-09-22 08:49:18,3.38,35,27,
2026-09-25_08-44,prowl,-10.8,2.8,2026-09-25 11:34:54,2026-09-25 14:57:42,3.38,2,2,Edda / Joss Ashdown
2026-09-22_05-11,prowl,-27.8,2.0,2026-09-22 05:26:26,2026-09-22 08:48:52,3.37,29,19,
2026-09-18_06-30,prowl,-8.5,2.0,2026-09-18 06:31:17,2026-09-18 09:51:47,3.34,17,14,
2026-09-22_05-11,prowl,-1.5,2.0,2026-09-22 05:12:41,2026-09-22 08:32:56,3.34,34,24,
2026-09-26_04-57,prowl,-2.0,2.0,2026-09-26 04:59:37,2026-09-26 08:19:54,3.34,15,10,
2026-09-22_05-11,prowl,-0.2,2.0,2026-09-22 05:42:49,2026-09-22 09:02:26,3.33,7,7,
2026-09-25_08-44,prowl,-2.6,2.0,2026-09-25 11:32:35,2026-09-25 14:52:09,3.33,3,3,Doran / Edda / Quenna
2026-09-25_08-44,prowl,-3.8,7.1,2026-09-25 09:21:41,2026-09-25 12:40:58,3.32,3,3,Doran / Ilsa / Maeve
2026-09-18_06-30,prowl,-0.9,2.0,2026-09-18 06:56:16,2026-09-18 10:14:39,3.31,11,10,
2026-09-25_08-44,prowl,-6.7,4.4,2026-09-25 11:03:27,2026-09-25 14:22:13,3.31,4,3,Alden / Doran / Edda
2026-09-20_08-22,prowl,-2.7,2.0,2026-09-20 09:37:35,2026-09-20 12:55:37,3.3,14,10,
2026-09-22_05-11,prowl,-0.3,2.0,2026-09-22 05:26:27,2026-09-22 08:43:48,3.29,44,27,
2026-09-18_06-30,prowl,-3.3,2.0,2026-09-18 06:30:51,2026-09-18 09:46:45,3.27,13,10,
2026-09-18_06-30,prowl,-2.5,2.0,2026-09-18 06:56:04,2026-09-18 10:11:47,3.26,6,4,Dain / Jarek / Merrick / Roderic
2026-09-18_06-30,prowl,-3.9,2.0,2026-09-18 06:32:17,2026-09-18 09:47:17,3.25,6,4,Cassia / Doran Ashdown / Kerrin / Rowan
2026-09-18_06-30,prowl,-33.5,2.0,2026-09-18 06:31:17,2026-09-18 09:45:06,3.23,16,14,
2026-09-22_05-11,prowl,-1.0,2.9,2026-09-22 05:51:46,2026-09-22 09:05:05,3.22,2,2,Corwin / Jorunn
2026-09-20_08-22,prowl,-0.9,2.2,2026-09-20 09:03:51,2026-09-20 12:15:31,3.19,5,5,Faron Ashdown / Kerrin / Ronan / Sable / Vesna
2026-09-22_05-11,drill-in,-4.7,72.0,2026-09-22 06:09:07,2026-09-22 09:18:56,3.16,30,9,
2026-09-22_05-11,prowl,-1.4,2.0,2026-09-22 06:06:43,2026-09-22 09:16:21,3.16,27,16,
2026-09-25_08-44,prowl,-6.5,4.9,2026-09-25 11:15:15,2026-09-25 14:24:56,3.16,4,4,Bertram / Edda / Nessa Ashdown / Rowan Ashdown
2026-09-25_08-44,prowl,-11.1,2.0,2026-09-25 09:27:07,2026-09-25 12:36:11,3.15,32,6,Edda / Ilsa / Nessa / Orin Ashdown / Ronan / Rowan Ashdown
2026-09-25_08-44,prowl,-6.8,3.9,2026-09-25 09:41:15,2026-09-25 12:50:24,3.15,3,3,Joss Ashdown / Nessa Ashdown / Rowan Ashdown
2026-09-25_08-44,prowl,-7.0,2.0,2026-09-25 12:08:51,2026-09-25 15:17:50,3.15,22,15,
2026-09-22_05-11,prowl,-0.0,2.0,2026-09-22 05:59:25,2026-09-22 09:07:48,3.14,14,13,
2026-09-25_08-44,prowl,-10.5,2.7,2026-09-25 11:35:50,2026-09-25 14:44:26,3.14,2,2,Edda / Vance Ashdown
2026-09-18_06-30,prowl,-33.8,2.0,2026-09-18 07:14:31,2026-09-18 10:22:14,3.13,9,9,
2026-09-22_05-11,prowl,-10.7,2.0,2026-09-22 06:11:05,2026-09-22 09:18:18,3.12,8,6,Doran Ashdown / Edda / Fendrel / Merrick / Quill / Torvin
2026-09-22_05-11,prowl,-0.0,2.2,2026-09-22 05:23:54,2026-09-22 08:30:43,3.11,3,3,Edda / Orin / Ronan
2026-09-18_06-30,band,-3.1,7.5,2026-09-18 06:52:38,2026-09-18 09:58:26,3.1,64,32,
2026-09-21_21-58,band,-0.1,7.5,2026-09-21 21:58:57,2026-09-22 01:05:08,3.1,4,4,Aric / Pell / Ulwin / Vance
2026-09-22_05-11,prowl,-1.2,2.0,2026-09-22 05:43:30,2026-09-22 08:48:35,3.08,37,24,
2026-09-25_08-44,prowl,-2.3,4.5,2026-09-25 11:20:35,2026-09-25 14:25:30,3.08,2,2,Edda / Ulwin Ashdown
2026-09-25_08-44,prowl,-64.7,4.9,2026-09-25 11:32:25,2026-09-25 14:36:24,3.07,2,2,Edda / Kelda
2026-09-20_08-22,prowl,-4.9,2.0,2026-09-20 08:53:36,2026-09-20 11:57:09,3.06,25,16,
2026-09-20_08-22,prowl,-1.5,2.0,2026-09-20 10:32:33,2026-09-20 13:34:31,3.03,78,31,
2026-09-21_21-58,prowl,-0.1,2.0,2026-09-21 21:59:50,2026-09-22 01:01:39,3.03,75,35,
2026-09-22_05-11,prowl,-11.8,2.0,2026-09-22 05:12:38,2026-09-22 08:14:19,3.03,68,34,
2026-09-18_06-30,prowl,-51.4,3.1,2026-09-18 06:51:20,2026-09-18 09:52:29,3.02,6,6,Nessa Ashdown / Perri Ashdown / Quill / Ulla / Wulfric / Yarrow
2026-09-22_05-11,prowl,-11.0,2.0,2026-09-22 05:48:41,2026-09-22 08:49:28,3.01,23,15,
2026-09-18_06-30,prowl,-70.2,3.7,2026-09-18 06:36:06,2026-09-18 09:35:58,3.0,3,2,Pell / Perri
2026-09-18_06-30,prowl,-0.4,2.0,2026-09-18 07:23:15,2026-09-18 10:22:34,2.99,24,16,
2026-09-22_05-11,prowl,-16.4,6.5,2026-09-22 05:51:23,2026-09-22 08:50:44,2.99,2,2,Emrys / Gerda Ashdown
2026-09-21_21-58,prowl,-0.3,2.0,2026-09-21 22:03:06,2026-09-22 01:01:40,2.98,35,18,
2026-09-18_06-30,prowl,-8.0,2.6,2026-09-18 07:20:12,2026-09-18 10:18:24,2.97,2,2,Kelda / Orin
2026-09-22_05-11,prowl,-1.9,2.0,2026-09-22 05:50:32,2026-09-22 08:48:52,2.97,14,11,
2026-09-18_06-30,prowl,-24.5,2.0,2026-09-18 06:31:16,2026-09-18 09:28:41,2.96,4,3,Kelda / Orin Ashdown / Perri Ashdown
2026-09-21_21-58,prowl,-4.7,2.0,2026-09-21 22:01:19,2026-09-22 00:59:11,2.96,23,18,
2026-09-22_05-11,prowl,-3.8,2.4,2026-09-22 05:24:57,2026-09-22 08:21:54,2.95,2,2,Quenna / Ulla
2026-09-21_21-58,prowl,-0.2,2.0,2026-09-21 22:04:47,2026-09-22 01:01:14,2.94,50,27,
2026-09-21_21-58,prowl,-4.1,3.5,2026-09-21 21:58:57,2026-09-22 00:55:39,2.94,2,2,Hale / Kerrin
2026-09-20_08-22,prowl,-9.3,2.0,2026-09-20 08:52:04,2026-09-20 11:47:57,2.93,13,10,
2026-09-21_21-58,prowl,-0.5,2.0,2026-09-21 21:59:50,2026-09-22 00:54:14,2.91,37,22,
2026-09-25_08-44,band,-1.8,7.5,2026-09-25 11:25:08,2026-09-25 14:19:19,2.9,80,28,
2026-09-18_06-30,prowl,-37.2,2.0,2026-09-18 07:29:48,2026-09-18 10:22:55,2.89,10,9,
2026-09-18_06-30,prowl,-9.5,2.3,2026-09-18 06:45:17,2026-09-18 09:38:42,2.89,3,3,Calla Ashdown / Isolde / Orin
2026-09-18_06-30,prowl,-0.3,2.0,2026-09-18 07:28:48,2026-09-18 10:21:18,2.88,29,21,
2026-09-21_21-58,prowl,-0.4,2.0,2026-09-21 22:05:48,2026-09-22 00:57:55,2.87,24,19,
2026-09-21_21-58,prowl,-27.8,2.0,2026-09-21 22:06:02,2026-09-22 00:58:00,2.87,37,27,
2026-09-22_05-11,prowl,-37.3,4.0,2026-09-22 06:07:48,2026-09-22 08:59:51,2.87,2,2,Ilsa Ashdown / Perri
2026-09-21_21-58,prowl,-0.7,2.0,2026-09-21 22:04:48,2026-09-22 00:56:26,2.86,29,22,
2026-09-21_21-58,prowl,-6.0,2.0,2026-09-21 22:06:41,2026-09-22 00:57:49,2.85,34,20,
2026-09-25_08-44,prowl,-2.9,2.0,2026-09-25 10:16:15,2026-09-25 13:06:37,2.84,33,8,
2026-09-21_21-58,prowl,-1.4,2.0,2026-09-21 22:02:50,2026-09-22 00:52:56,2.83,9,8,
2026-09-22_05-11,prowl,-9.2,2.0,2026-09-22 06:28:47,2026-09-22 09:18:31,2.83,50,28,
2026-09-21_21-58,prowl,-65.1,2.0,2026-09-21 22:06:41,2026-09-22 00:55:49,2.82,196,43,
2026-09-21_21-58,prowl,-13.3,2.0,2026-09-21 22:05:52,2026-09-22 00:53:38,2.8,11,8,
2026-09-18_06-30,prowl,-5.4,2.0,2026-09-18 06:31:17,2026-09-18 09:18:38,2.79,4,2,Lorcan / Selwyn
2026-09-21_21-58,prowl,-11.2,2.0,2026-09-21 22:06:11,2026-09-22 00:53:43,2.79,18,16,
2026-09-25_08-44,prowl,-13.9,2.0,2026-09-25 10:30:53,2026-09-25 13:18:10,2.79,21,5,Edda / Elspeth / Ilsa / Rowan Ashdown / Torvin Ashdown
2026-09-18_06-30,prowl,-10.3,2.0,2026-09-18 06:31:44,2026-09-18 09:18:36,2.78,11,10,
2026-09-21_21-58,prowl,-23.4,2.0,2026-09-21 22:15:33,2026-09-22 01:02:00,2.77,16,12,
2026-09-22_05-11,prowl,-36.9,5.2,2026-09-22 06:18:29,2026-09-22 09:04:30,2.77,37,3,Calla / Neriah / Nessa
2026-09-18_06-30,prowl,-7.8,2.0,2026-09-18 07:40:16,2026-09-18 10:25:10,2.75,20,13,
2026-09-21_21-58,prowl,-0.6,2.2,2026-09-21 22:18:29,2026-09-22 01:03:43,2.75,2,2,Oswin / Vance
2026-09-21_21-58,prowl,-8.6,2.0,2026-09-21 22:01:35,2026-09-22 00:46:01,2.74,10,9,
2026-09-22_05-11,prowl,-3.3,2.0,2026-09-22 05:13:11,2026-09-22 07:57:31,2.74,13,10,
2026-09-18_06-30,prowl,-55.0,2.3,2026-09-18 07:36:49,2026-09-18 10:20:19,2.73,2,2,Ilsa / Nessa
2026-09-20_08-22,prowl,-1.1,2.2,2026-09-20 10:24:04,2026-09-20 13:08:01,2.73,2,2,Bryn Ashdown / Orin
2026-09-22_05-11,prowl,-9.3,2.0,2026-09-22 06:29:14,2026-09-22 09:13:06,2.73,75,42,
2026-09-21_21-58,prowl,-4.6,2.0,2026-09-21 22:15:04,2026-09-22 00:57:39,2.71,37,22,
2026-09-22_05-11,prowl,-15.7,2.0,2026-09-22 06:35:51,2026-09-22 09:18:27,2.71,26,21,
2026-09-20_08-22,prowl,-0.2,2.2,2026-09-20 10:05:18,2026-09-20 12:47:12,2.7,2,2,Gerda Ashdown / Jarek
2026-09-22_05-11,prowl,-11.0,2.1,2026-09-22 06:30:51,2026-09-22 09:12:59,2.7,2,2,Alden / Calla
2026-09-22_05-11,prowl,-2.5,2.0,2026-09-22 06:30:25,2026-09-22 09:12:14,2.7,20,18,
2026-09-22_05-11,prowl,-5.3,2.0,2026-09-22 05:46:14,2026-09-22 08:27:59,2.7,11,11,
2026-09-21_21-58,prowl,-2.2,2.0,2026-09-21 22:24:30,2026-09-22 01:04:37,2.67,32,20,
2026-09-21_21-58,prowl,-28.7,2.0,2026-09-21 22:14:52,2026-09-22 00:54:52,2.67,17,14,
2026-09-25_08-44,prowl,-13.7,2.5,2026-09-25 08:53:26,2026-09-25 11:33:26,2.67,2,2,Edda / Merrick Ashdown
2026-09-22_05-11,prowl,-36.4,6.8,2026-09-22 06:16:29,2026-09-22 08:55:55,2.66,6,6,Alden / Bryn / Gwendra / Joss / Kerrin / Quenna
2026-09-25_08-44,prowl,-5.8,3.4,2026-09-25 09:43:32,2026-09-25 12:22:52,2.66,3,3,Delwyn / Emrys / Lorcan Ashdown
2026-09-18_06-30,prowl,-28.1,2.0,2026-09-18 06:45:05,2026-09-18 09:24:13,2.65,3,3,Lysa Ashdown / Sable / Vesna
2026-09-25_08-44,prowl,-3.1,2.0,2026-09-25 11:14:12,2026-09-25 13:53:00,2.65,14,7,
2026-09-21_21-58,prowl,-0.8,2.0,2026-09-21 22:28:54,2026-09-22 01:07:11,2.64,18,11,
2026-09-21_21-58,prowl,-2.5,2.0,2026-09-21 22:23:25,2026-09-22 01:01:47,2.64,29,19,
2026-09-18_06-30,prowl,-51.0,4.3,2026-09-18 07:22:25,2026-09-18 10:00:15,2.63,4,4,Nessa / Perri / Ulric / Vance
2026-09-20_08-22,prowl,-1.0,2.2,2026-09-20 08:55:45,2026-09-20 11:33:43,2.63,2,2,Delwyn / Jorunn
2026-09-18_06-30,prowl,-70.7,2.2,2026-09-18 06:47:17,2026-09-18 09:24:26,2.62,2,2,Elspeth / Vance
2026-09-21_21-58,prowl,-3.5,2.0,2026-09-21 22:24:40,2026-09-22 01:02:09,2.62,24,18,
2026-09-21_21-58,prowl,-1.6,2.0,2026-09-21 22:25:13,2026-09-22 01:00:58,2.6,62,29,
2026-09-22_05-11,prowl,-2.1,2.0,2026-09-22 05:31:36,2026-09-22 08:07:29,2.6,10,7,
2026-09-18_06-30,prowl,-50.5,5.9,2026-09-18 07:05:29,2026-09-18 09:41:01,2.59,4,4,Brannoc / Maeve / Orin / Wulfric
2026-09-22_05-11,prowl,-27.7,2.5,2026-09-22 05:59:58,2026-09-22 08:35:21,2.59,4,4,Aric / Edda / Selwyn / Ulla
2026-09-21_21-58,prowl,-0.6,2.0,2026-09-21 22:29:16,2026-09-22 01:04:00,2.58,44,22,
2026-09-21_21-58,prowl,-1.0,2.0,2026-09-21 22:23:11,2026-09-22 00:58:11,2.58,54,30,
2026-09-25_08-44,prowl,-11.3,3.1,2026-09-25 08:46:25,2026-09-25 11:21:29,2.58,4,3,Edda / Merrick Ashdown / Pell
2026-09-18_06-30,prowl,-15.3,10.1,2026-09-18 07:03:59,2026-09-18 09:38:12,2.57,2,2,Dain / Lysa
2026-09-18_06-30,prowl,-3.5,2.0,2026-09-18 07:41:48,2026-09-18 10:14:51,2.55,23,18,
2026-09-20_08-22,prowl,-0.3,3.1,2026-09-20 10:03:07,2026-09-20 12:35:41,2.54,2,2,Kerrin / Nessa
2026-09-20_08-22,prowl,-0.7,3.5,2026-09-20 10:29:33,2026-09-20 13:01:27,2.53,3,3,Harlan / Merrick / Vance
2026-09-20_08-22,prowl,-5.2,2.0,2026-09-20 09:00:53,2026-09-20 11:32:33,2.53,30,25,
2026-09-22_05-11,prowl,-14.5,12.2,2026-09-22 05:51:11,2026-09-22 08:22:38,2.52,2,2,Faron Ashdown / Ysolt
2026-09-22_05-11,prowl,-7.8,2.0,2026-09-22 05:26:13,2026-09-22 07:57:05,2.51,18,11,
2026-09-18_06-30,prowl,-10.5,2.0,2026-09-18 07:50:20,2026-09-18 10:20:02,2.5,3,3,Dain / Jarek / Rowan
2026-09-18_06-30,prowl,-17.3,2.6,2026-09-18 07:00:47,2026-09-18 09:30:44,2.5,3,3,Alden Ashdown / Emeric / Lysa
2026-09-21_21-58,prowl,-63.5,6.8,2026-09-21 22:18:10,2026-09-22 00:47:22,2.49,5,3,Cassia / Kerrin / Merrick Ashdown
2026-09-25_08-44,prowl,-4.6,10.6,2026-09-25 09:35:31,2026-09-25 12:04:54,2.49,2,2,Aric Ashdown / Yarrow
2026-09-18_06-30,prowl,-7.7,2.4,2026-09-18 07:00:03,2026-09-18 09:28:56,2.48,2,2,Orin Ashdown / Selwyn
2026-09-18_06-30,prowl,-4.2,2.0,2026-09-18 06:46:03,2026-09-18 09:14:20,2.47,22,17,
2026-09-21_21-58,prowl,-5.9,2.0,2026-09-21 22:24:00,2026-09-22 00:52:07,2.47,8,7,
2026-09-25_08-44,prowl,-12.8,2.2,2026-09-25 09:01:14,2026-09-25 11:29:36,2.47,5,3,Edda / Lorcan / Talia
2026-09-25_08-44,prowl,-8.9,2.0,2026-09-25 12:16:52,2026-09-25 14:45:14,2.47,4,4,Doran Ashdown / Faron Ashdown / Marek / Rowan Ashdown
2026-09-22_05-11,prowl,-37.2,4.4,2026-09-22 06:36:29,2026-09-22 09:04:09,2.46,15,7,
2026-09-18_06-30,prowl,-8.8,4.4,2026-09-18 07:12:12,2026-09-18 09:39:28,2.45,3,3,Corwin / Lysa / Orin
2026-09-21_21-58,drill-in,-4.7,72.0,2026-09-21 22:12:03,2026-09-22 00:38:47,2.45,67,17,
2026-09-21_21-58,prowl,-2.7,2.0,2026-09-21 22:30:14,2026-09-22 00:56:39,2.44,12,11,
2026-09-22_05-11,prowl,-5.1,2.0,2026-09-22 05:14:11,2026-09-22 07:40:34,2.44,357,53,
2026-09-25_08-44,prowl,-7.1,13.5,2026-09-25 08:46:36,2026-09-25 11:12:54,2.44,2,2,Edda / Yarrow Ashdown
2026-09-18_06-30,drill,-3.3,8.8,2026-09-18 06:30:51,2026-09-18 08:56:43,2.43,117,2,Faron / Ilsa
2026-09-21_21-58,prowl,-0.9,2.0,2026-09-21 22:37:10,2026-09-22 01:01:40,2.41,38,22,
2026-09-21_21-58,prowl,-3.3,2.0,2026-09-21 22:29:45,2026-09-22 00:54:35,2.41,17,15,
2026-09-21_21-58,unload,-2.1,7.5,2026-09-21 22:05:52,2026-09-22 00:30:13,2.41,18,3,Merrick / Sable / Ulla
2026-09-25_08-44,prowl,-10.5,3.4,2026-09-25 09:34:16,2026-09-25 11:57:58,2.4,2,2,Oswin Ashdown / Ulla Ashdown
2026-09-20_08-22,prowl,-3.7,2.0,2026-09-20 10:56:32,2026-09-20 13:20:09,2.39,21,14,
2026-09-22_05-11,prowl,-3.4,2.0,2026-09-22 06:51:57,2026-09-22 09:15:33,2.39,36,26,
2026-09-22_05-11,prowl,-7.3,2.0,2026-09-22 06:52:33,2026-09-22 09:15:57,2.39,26,20,
2026-09-25_08-44,prowl,-12.1,4.3,2026-09-25 10:19:15,2026-09-25 12:42:47,2.39,40,7,
2026-09-25_08-44,prowl,-12.8,2.1,2026-09-25 10:20:04,2026-09-25 12:42:59,2.38,120,10,
2026-09-25_08-44,prowl,-50.2,3.4,2026-09-25 12:54:00,2026-09-25 15:16:18,2.37,2,2,Marek / Oswin Ashdown
2026-09-25_08-44,prowl,-6.7,4.2,2026-09-25 09:11:07,2026-09-25 11:33:36,2.37,3,2,Doran Ashdown / Edda
2026-09-18_03-05,prowl,-10.6,2.0,2026-09-18 03:06:49,2026-09-18 05:27:41,2.35,18,17,
2026-09-18_03-05,prowl,-12.2,2.0,2026-09-18 03:06:49,2026-09-18 05:27:42,2.35,67,33,
2026-09-18_03-05,prowl,-5.2,2.0,2026-09-18 03:06:49,2026-09-18 05:27:41,2.35,10,8,
2026-09-21_21-58,prowl,-2.4,2.0,2026-09-21 22:40:39,2026-09-22 01:01:57,2.35,16,12,
2026-09-22_05-11,prowl,-18.0,2.0,2026-09-22 05:39:39,2026-09-22 08:00:29,2.35,8,7,
2026-09-25_08-44,prowl,-32.7,2.0,2026-09-25 10:30:39,2026-09-25 12:51:34,2.35,59,9,
2026-09-18_03-05,prowl,-5.4,2.0,2026-09-18 03:06:56,2026-09-18 05:27:13,2.34,27,15,
2026-09-21_21-58,prowl,-4.0,2.0,2026-09-21 22:41:24,2026-09-22 01:01:40,2.34,12,10,
2026-09-21_21-58,prowl,-8.6,2.2,2026-09-21 22:22:53,2026-09-22 00:43:07,2.34,3,3,Lysa Ashdown / Merrick / Vance
2026-09-18_03-05,prowl,-0.0,2.0,2026-09-18 03:07:06,2026-09-18 05:26:38,2.33,10,9,
2026-09-18_03-05,prowl,-0.3,2.0,2026-09-18 03:06:49,2026-09-18 05:26:28,2.33,12,9,
2026-09-18_03-05,prowl,-26.0,2.0,2026-09-18 03:07:52,2026-09-18 05:27:30,2.33,39,28,
2026-09-18_03-05,prowl,-28.3,2.0,2026-09-18 03:08:05,2026-09-18 05:27:54,2.33,733,66,
2026-09-18_06-30,prowl,-14.5,2.9,2026-09-18 07:37:42,2026-09-18 09:57:26,2.33,4,4,Lysa Ashdown / Merrick Ashdown / Neriah / Vance
2026-09-22_05-11,prowl,-4.5,2.0,2026-09-22 06:00:40,2026-09-22 08:20:43,2.33,2,2,Ivo / Torvin
2026-09-25_08-44,prowl,-50.7,2.0,2026-09-25 12:58:02,2026-09-25 15:18:07,2.33,13,11,
2026-09-18_03-05,prowl,-70.8,2.0,2026-09-18 03:07:58,2026-09-18 05:27:18,2.32,40,23,
2026-09-22_05-11,prowl,-5.7,2.0,2026-09-22 06:57:11,2026-09-22 09:16:31,2.32,18,15,
2026-09-18_03-05,prowl,-17.5,2.0,2026-09-18 03:07:06,2026-09-18 05:25:25,2.31,20,17,
2026-09-18_03-05,prowl,-38.4,2.0,2026-09-18 03:08:21,2026-09-18 05:26:52,2.31,16,13,
2026-09-20_08-22,prowl,-0.1,3.5,2026-09-20 08:49:02,2026-09-20 11:07:26,2.31,4,3,Ilsa Ashdown / Orin / Orin Ashdown
2026-09-25_08-44,prowl,-25.7,9.5,2026-09-25 08:50:21,2026-09-25 11:08:58,2.31,3,2,Edda / Sable
2026-09-18_03-05,prowl,-25.3,2.0,2026-09-18 03:07:15,2026-09-18 05:25:31,2.3,12,12,
2026-09-18_03-05,prowl,-7.8,2.0,2026-09-18 03:06:53,2026-09-18 05:25:06,2.3,27,22,
2026-09-20_08-22,prowl,-0.9,5.4,2026-09-20 09:27:22,2026-09-20 11:45:26,2.3,2,2,Delwyn / Lysa Ashdown
2026-09-25_08-44,prowl,-1.5,16.4,2026-09-25 11:04:54,2026-09-25 13:23:06,2.3,2,2,Edda / Quenna Ashdown
2026-09-25_08-44,prowl,-12.6,2.9,2026-09-25 08:55:40,2026-09-25 11:13:39,2.3,2,2,Bryn / Edda
2026-09-25_08-44,prowl,-27.8,3.1,2026-09-25 08:50:36,2026-09-25 11:08:51,2.3,2,2,Alden Ashdown / Edda
2026-09-20_08-22,prowl,-1.7,2.8,2026-09-20 11:00:24,2026-09-20 13:17:36,2.29,2,2,Rowan / Sable
2026-09-22_05-11,prowl,-39.0,2.7,2026-09-22 05:27:28,2026-09-22 07:44:45,2.29,3,3,Calla / Hale / Perri
2026-09-25_08-44,prowl,-0.0,2.0,2026-09-25 10:20:50,2026-09-25 12:38:08,2.29,2,2,Edda / Rowan Ashdown
2026-09-18_06-30,prowl,-69.8,4.9,2026-09-18 06:57:04,2026-09-18 09:13:56,2.28,2,2,Orin / Wystan
2026-09-18_06-30,prowl,-8.7,2.4,2026-09-18 07:00:38,2026-09-18 09:17:39,2.28,2,2,Elspeth / Lysa
2026-09-25_08-44,prowl,-11.8,5.0,2026-09-25 08:55:37,2026-09-25 11:12:27,2.28,2,2,Aric / Bryn
2026-09-21_21-58,prowl,-0.0,2.0,2026-09-21 22:41:41,2026-09-22 00:58:06,2.27,26,17,
2026-09-18_03-05,prowl,-14.8,2.0,2026-09-18 03:06:49,2026-09-18 05:22:31,2.26,22,20,
2026-09-18_06-30,prowl,-25.1,2.0,2026-09-18 08:07:28,2026-09-18 10:22:49,2.26,7,7,
2026-09-22_05-11,fletch,-7.4,22.5,2026-09-22 06:36:59,2026-09-22 08:52:29,2.26,10,3,Alden / Bryn / Calla
2026-09-22_05-11,prowl,-29.1,2.2,2026-09-22 06:08:25,2026-09-22 08:24:14,2.26,2,2,Gwendra / Pell
2026-09-18_06-30,prowl,-9.5,2.4,2026-09-18 07:00:00,2026-09-18 09:15:08,2.25,3,3,Hale / Ilsa / Nessa
2026-09-22_05-11,prowl,-2.2,2.0,2026-09-22 05:33:04,2026-09-22 07:47:15,2.24,45,14,
2026-09-25_08-44,prowl,-65.1,3.7,2026-09-25 11:12:01,2026-09-25 13:25:47,2.23,3,2,Edda / Edda Ashdown
2026-09-25_08-44,prowl,-1.5,19.9,2026-09-25 10:57:39,2026-09-25 13:10:46,2.22,3,2,Edda / Garrow
2026-09-18_03-05,prowl,-161.3,2.0,2026-09-18 03:14:13,2026-09-18 05:27:04,2.21,32,25,
2026-09-18_03-05,prowl,-20.3,2.0,2026-09-18 03:06:49,2026-09-18 05:19:41,2.21,8,8,
2026-09-18_06-30,prowl,-4.7,2.0,2026-09-18 06:31:18,2026-09-18 08:44:11,2.21,7,7,
2026-09-18_03-05,prowl,-42.2,2.0,2026-09-18 03:06:49,2026-09-18 05:18:38,2.2,49,38,
2026-09-18_03-05,prowl,-21.4,2.0,2026-09-18 03:08:34,2026-09-18 05:19:46,2.19,9,7,
2026-09-18_03-05,prowl,-37.8,2.0,2026-09-18 03:15:46,2026-09-18 05:27:26,2.19,7,7,
2026-09-18_06-30,prowl,-95.3,2.6,2026-09-18 07:20:06,2026-09-18 09:30:48,2.18,2,2,Cassia / Wulfric
2026-09-20_08-22,prowl,-0.5,3.0,2026-09-20 08:59:37,2026-09-20 11:10:13,2.18,3,3,Corwin / Jorunn / Lysa
2026-09-25_08-44,prowl,-10.0,4.8,2026-09-25 12:33:30,2026-09-25 14:44:12,2.18,2,2,Vance Ashdown / Wystan
2026-09-25_08-44,prowl,-6.2,2.2,2026-09-25 11:06:04,2026-09-25 13:16:02,2.17,3,3,Delwyn / Edda / Kestrel
2026-09-18_06-30,prowl,-23.6,2.2,2026-09-18 06:47:12,2026-09-18 08:56:46,2.16,4,4,Emeric / Faron Ashdown / Garrow / Quill
2026-09-18_06-30,prowl,-9.8,5.7,2026-09-18 07:50:28,2026-09-18 10:00:08,2.16,2,2,Joss / Merrick
2026-09-25_08-44,prowl,-18.1,2.0,2026-09-25 13:00:24,2026-09-25 15:10:06,2.16,53,27,
2026-09-25_08-44,prowl,-4.2,11.6,2026-09-25 11:02:29,2026-09-25 13:12:22,2.16,2,2,Edda / Joss Ashdown
2026-09-18_03-05,prowl,-15.9,2.0,2026-09-18 03:16:26,2026-09-18 05:25:13,2.15,10,8,
2026-09-18_06-30,prowl,-2.8,2.0,2026-09-18 06:32:10,2026-09-18 08:40:58,2.15,7,6,Alden Ashdown / Ilsa Ashdown / Orin / Quenna / Sable / Ulric
2026-09-22_05-11,prowl,-31.8,24.5,2026-09-22 06:08:11,2026-09-22 08:17:09,2.15,3,3,Edda Ashdown / Gwendra / Lorcan
2026-09-25_08-44,prowl,-49.4,2.0,2026-09-25 13:08:20,2026-09-25 15:17:21,2.15,17,13,
2026-09-20_08-22,prowl,-4.0,2.0,2026-09-20 09:24:36,2026-09-20 11:33:17,2.14,4,4,Hale Ashdown / Lysa / Perri Ashdown / Vesna
2026-09-18_03-05,prowl,-1.1,2.0,2026-09-18 03:16:26,2026-09-18 05:24:04,2.13,8,8,
2026-09-18_06-30,prowl,-0.0,2.0,2026-09-18 08:03:34,2026-09-18 10:11:19,2.13,26,14,
2026-09-21_21-58,prowl,-2.0,2.0,2026-09-21 22:38:05,2026-09-22 00:46:00,2.13,4,4,Gerda Ashdown / Quill / Torvin / Vance
2026-09-25_08-44,prowl,-8.3,3.0,2026-09-25 11:28:05,2026-09-25 13:35:50,2.13,3,3,Edda / Maeve / Marek
2026-09-21_21-58,prowl,-1.9,2.0,2026-09-21 23:00:02,2026-09-22 01:07:02,2.12,16,11,
2026-09-25_08-44,prowl,-14.1,2.0,2026-09-25 08:57:48,2026-09-25 11:04:50,2.12,13,4,Edda / Gerda Ashdown / Isolde Ashdown / Merrick Ashdown
2026-09-18_06-30,prowl,-4.1,2.0,2026-09-18 08:15:39,2026-09-18 10:22:24,2.11,20,17,
2026-09-25_08-44,prowl,-5.4,8.2,2026-09-25 09:19:45,2026-09-25 11:26:26,2.11,2,1,Edda
2026-09-25_08-44,prowl,-6.5,2.0,2026-09-25 09:57:35,2026-09-25 12:04:13,2.11,62,7,
2026-09-18_03-05,band,-5.5,7.5,2026-09-18 03:11:07,2026-09-18 05:16:55,2.1,9,6,Calla Ashdown / Fenna / Joss Ashdown / Kerrin Ashdown / Merrick Ashdown / Neriah
2026-09-25_08-44,prowl,-61.9,13.2,2026-09-25 11:08:35,2026-09-25 13:14:17,2.1,2,2,Edda / Rowan Ashdown
2026-09-25_08-44,unload,-10.8,7.5,2026-09-25 10:21:23,2026-09-25 12:27:23,2.1,26,1,Jarek Ashdown
2026-09-18_06-30,prowl,-27.3,2.0,2026-09-18 06:59:24,2026-09-18 09:04:34,2.09,10,9,
2026-09-25_08-44,prowl,-13.6,2.0,2026-09-25 08:56:41,2026-09-25 11:02:07,2.09,13,4,Bryn / Delwyn / Edda / Kerrin Ashdown
2026-09-18_03-05,prowl,-35.4,2.0,2026-09-18 03:06:49,2026-09-18 05:11:29,2.08,500,64,
2026-09-22_05-11,prowl,-13.5,2.0,2026-09-22 06:52:11,2026-09-22 08:57:08,2.08,9,8,
2026-09-22_05-11,prowl,-2.8,2.0,2026-09-22 05:48:39,2026-09-22 07:53:34,2.08,4,4,Gwendra / Hale / Hale Ashdown / Neriah
2026-09-22_05-11,prowl,-65.0,2.2,2026-09-22 06:08:25,2026-09-22 08:13:29,2.08,3,3,Dain / Torvin / Wynn
2026-09-25_08-44,prowl,-27.3,4.6,2026-09-25 09:27:20,2026-09-25 11:31:42,2.07,3,2,Brannoc / Edda
2026-09-18_03-05,prowl,-4.7,2.0,2026-09-18 03:21:51,2026-09-18 05:25:36,2.06,14,11,
2026-09-21_21-58,prowl,-1.3,2.0,2026-09-21 22:06:02,2026-09-22 00:09:56,2.06,14,11,
2026-09-22_05-11,prowl,-27.8,2.2,2026-09-22 06:15:04,2026-09-22 08:18:48,2.06,3,3,Faron Ashdown / Quill / Ulla
2026-09-18_06-30,prowl,-17.9,2.1,2026-09-18 07:55:41,2026-09-18 09:58:58,2.05,3,3,Calla Ashdown / Fenna / Joss
2026-09-25_08-44,prowl,-21.0,5.1,2026-09-25 09:25:16,2026-09-25 11:28:22,2.05,3,2,Edda / Ulla Ashdown
2026-09-18_06-30,prowl,-1.8,2.0,2026-09-18 08:00:56,2026-09-18 10:03:32,2.04,5,5,Brannoc / Ilsa Ashdown / Joss Ashdown / Torvin / Wynn
2026-09-18_06-30,prowl,-6.6,2.0,2026-09-18 08:17:19,2026-09-18 10:19:48,2.04,30,20,
2026-09-18_06-30,prowl,-161.1,2.5,2026-09-18 06:58:49,2026-09-18 09:00:04,2.02,4,3,Lysa / Nessa / Orin
2026-09-22_05-11,prowl,-12.1,4.9,2026-09-22 06:10:58,2026-09-22 08:12:27,2.02,2,2,Orin / Ysolt
2026-09-22_05-11,prowl,-9.7,2.0,2026-09-22 06:02:43,2026-09-22 08:04:02,2.02,18,16,
2026-09-25_08-44,prowl,-28.1,2.4,2026-09-25 08:52:54,2026-09-25 10:54:00,2.02,3,2,Edda / Talia
2026-09-25_08-44,prowl,-27.7,3.5,2026-09-25 09:33:17,2026-09-25 11:33:38,2.01,2,2,Edda / Fendrel
2026-09-18_03-05,drill,-3.3,8.8,2026-09-18 03:05:48,2026-09-18 05:05:49,2.0,75,2,Faron / Ilsa
2026-09-20_08-22,prowl,-0.8,3.9,2026-09-20 09:50:39,2026-09-20 11:50:51,2.0,3,3,Orin Ashdown / Perri / Sable
2026-09-22_05-11,prowl,-8.5,2.0,2026-09-22 07:09:40,2026-09-22 09:08:35,1.98,13,12,
2026-09-25_08-44,prowl,-6.7,4.1,2026-09-25 09:38:30,2026-09-25 11:37:08,1.98,3,2,Edda / Joss Ashdown
2026-09-25_08-44,prowl,-6.8,3.8,2026-09-25 09:38:45,2026-09-25 11:37:16,1.98,4,1,Edda
2026-09-21_21-58,prowl,-34.3,2.0,2026-09-21 22:58:59,2026-09-22 00:56:29,1.96,16,15,
2026-09-22_05-11,prowl,-28.7,3.5,2026-09-22 05:37:59,2026-09-22 07:35:19,1.96,2,2,Hale / Neriah
2026-09-25_08-44,prowl,-6.8,4.1,2026-09-25 11:12:24,2026-09-25 13:10:12,1.96,2,2,Edda / Kerrin
2026-09-18_03-05,prowl,-17.4,2.0,2026-09-18 03:30:33,2026-09-18 05:27:36,1.95,27,23,
2026-09-18_03-05,prowl,-33.5,2.0,2026-09-18 03:16:26,2026-09-18 05:13:12,1.95,5,5,Bryn Ashdown / Fenna / Ilsa Ashdown / Kerrin Ashdown / Maeve
2026-09-18_06-30,prowl,-9.6,2.1,2026-09-18 07:51:12,2026-09-18 09:48:18,1.95,5,5,Alden Ashdown / Brannoc / Kelda / Kerrin / Maeve
2026-09-20_08-22,prowl,-0.3,4.2,2026-09-20 09:40:14,2026-09-20 11:37:31,1.95,3,3,Lysa / Orin / Yarrow
2026-09-21_21-58,prowl,-64.7,3.1,2026-09-21 22:45:53,2026-09-22 00:43:01,1.95,2,2,Emrys / Ivo
2026-09-22_05-11,prowl,-17.2,2.0,2026-09-22 06:52:16,2026-09-22 08:49:19,1.95,25,22,
2026-09-18_03-05,prowl,-0.1,2.0,2026-09-18 03:21:48,2026-09-18 05:18:20,1.94,3,3,Hale / Hollis / Rowan
2026-09-18_06-30,prowl,-11.0,2.1,2026-09-18 08:01:15,2026-09-18 09:57:39,1.94,3,3,Perri / Rowan / Sable
2026-09-18_06-30,prowl,-3.8,2.0,2026-09-18 07:46:06,2026-09-18 09:42:40,1.94,3,3,Alden Ashdown / Ilsa Ashdown / Merrick
2026-09-21_21-58,prowl,-3.6,2.0,2026-09-21 23:04:30,2026-09-22 01:00:39,1.94,16,12,
2026-09-25_08-44,prowl,-11.6,2.4,2026-09-25 09:38:42,2026-09-25 11:35:02,1.94,4,2,Edda / Ulla Ashdown
2026-09-25_08-44,prowl,-8.0,2.0,2026-09-25 09:41:00,2026-09-25 11:37:36,1.94,167,24,
2026-09-18_03-05,prowl,-0.4,5.5,2026-09-18 03:29:50,2026-09-18 05:24:53,1.92,2,2,Calla Ashdown / Torvin
2026-09-18_03-05,prowl,-1.0,2.0,2026-09-18 03:32:31,2026-09-18 05:27:41,1.92,6,5,Alaric / Edda Ashdown / Fenna / Joss Ashdown / Quenna
2026-09-25_08-44,prowl,-22.1,2.4,2026-09-25 08:58:54,2026-09-25 10:53:58,1.92,2,2,Edda / Wystan
2026-09-20_08-22,prowl,-0.9,2.8,2026-09-20 09:17:36,2026-09-20 11:11:57,1.91,2,2,Calla / Hale
2026-09-20_08-22,prowl,-4.7,2.0,2026-09-20 11:39:01,2026-09-20 13:33:19,1.91,27,18,
2026-09-22_05-11,prowl,-6.4,18.3,2026-09-22 06:18:09,2026-09-22 08:12:48,1.91,2,2,Orin Ashdown / Ronan
2026-09-25_08-44,prowl,-13.8,2.4,2026-09-25 13:15:28,2026-09-25 15:10:11,1.91,2,2,Alden / Quill
2026-09-18_03-05,prowl,-55.1,2.0,2026-09-18 03:32:06,2026-09-18 05:26:18,1.9,10,9,
2026-09-18_06-30,prowl,-15.2,2.0,2026-09-18 07:36:18,2026-09-18 09:30:19,1.9,6,6,Bertram / Maeve / Orin / Oswin / Selwyn / Vance
2026-09-20_08-22,prowl,-0.4,3.5,2026-09-20 11:07:26,2026-09-20 13:01:24,1.9,2,2,Orin / Vance
2026-09-21_21-58,prowl,-1.8,2.0,2026-09-21 22:15:06,2026-09-22 00:09:07,1.9,16,10,
2026-09-21_21-58,prowl,-3.2,3.2,2026-09-21 22:10:47,2026-09-22 00:05:03,1.9,2,2,Bertram / Vance
2026-09-22_05-11,prowl,-1.1,2.8,2026-09-22 07:11:16,2026-09-22 09:05:25,1.9,3,3,Doran / Lorcan / Lysa
2026-09-22_05-11,prowl,-11.5,2.9,2026-09-22 06:16:54,2026-09-22 08:10:37,1.9,2,2,Alden / Merrick Ashdown
2026-09-18_06-30,prowl,-13.5,5.9,2026-09-18 07:05:25,2026-09-18 08:58:39,1.89,2,2,Lysa / Wystan
2026-09-25_08-44,prowl,-0.6,9.2,2026-09-25 10:32:09,2026-09-25 12:25:30,1.89,2,2,Calla Ashdown / Delwyn
2026-09-18_03-05,prowl,-0.7,2.0,2026-09-18 03:06:49,2026-09-18 04:59:28,1.88,13,11,
2026-09-18_06-30,prowl,-51.7,5.3,2026-09-18 07:00:15,2026-09-18 08:52:55,1.88,2,2,Quenna / Yarrow
2026-09-18_06-30,prowl,-9.4,2.6,2026-09-18 07:20:12,2026-09-18 09:12:46,1.88,4,3,Fenna / Kelda / Kerrin
2026-09-20_08-22,prowl,-1.0,2.5,2026-09-20 11:01:58,2026-09-20 12:54:29,1.88,2,2,Faron Ashdown / Ulla
2026-09-18_03-05,prowl,-2.4,2.0,2026-09-18 03:32:11,2026-09-18 05:24:19,1.87,8,7,
2026-09-25_08-44,prowl,-1.1,8.9,2026-09-25 09:40:23,2026-09-25 11:32:23,1.87,2,2,Hollis Ashdown / Vance
2026-09-25_08-44,prowl,-32.6,2.2,2026-09-25 10:58:52,2026-09-25 12:50:56,1.87,4,2,Edda / Quenna Ashdown
2026-09-20_08-22,prowl,-0.6,2.2,2026-09-20 10:24:06,2026-09-20 12:15:31,1.86,2,2,Lysa Ashdown / Orin
2026-09-21_21-58,prowl,-1.1,2.0,2026-09-21 23:09:27,2026-09-22 01:01:15,1.86,12,10,
2026-09-25_08-44,prowl,-0.8,3.4,2026-09-25 08:52:50,2026-09-25 10:44:25,1.86,2,2,Brannoc / Yarrow
2026-09-18_03-05,prowl,-3.6,2.0,2026-09-18 03:29:32,2026-09-18 05:20:47,1.85,6,5,Alden Ashdown / Brannoc / Jarek / Perri / Perri Ashdown
2026-09-20_08-22,prowl,-7.1,2.0,2026-09-20 08:31:23,2026-09-20 10:22:06,1.85,11,9,
2026-09-18_03-05,prowl,-11.0,2.0,2026-09-18 03:37:11,2026-09-18 05:27:31,1.84,15,14,
2026-09-18_03-05,prowl,-31.3,2.0,2026-09-18 03:28:04,2026-09-18 05:18:40,1.84,6,6,Alden Ashdown / Edda Ashdown / Gerda Ashdown / Ilsa / Orin / Ysolt
2026-09-18_06-30,prowl,-22.1,6.7,2026-09-18 07:04:50,2026-09-18 08:55:02,1.84,4,4,Alaric / Elspeth / Orin Ashdown / Torvin
2026-09-25_08-44,prowl,-7.1,4.9,2026-09-25 09:42:17,2026-09-25 11:32:26,1.84,3,3,Doran Ashdown / Edda / Faron Ashdown
2026-09-18_06-30,prowl,-16.9,3.6,2026-09-18 07:22:31,2026-09-18 09:11:30,1.82,2,2,Calla Ashdown / Torvin
2026-09-25_08-44,prowl,-5.6,4.2,2026-09-25 09:44:09,2026-09-25 11:33:35,1.82,2,2,Edda / Lorcan Ashdown
2026-09-25_08-44,prowl,-50.6,2.2,2026-09-25 12:50:53,2026-09-25 14:40:13,1.82,2,2,Jarek Ashdown / Oswin Ashdown
2026-09-22_05-11,prowl,-4.6,2.0,2026-09-22 06:32:44,2026-09-22 08:21:26,1.81,12,11,
2026-09-20_08-22,prowl,-0.9,2.4,2026-09-20 11:00:25,2026-09-20 12:48:28,1.8,5,5,Calla / Hollis / Isolde / Kerrin / Sable
2026-09-20_08-22,prowl,-5.6,2.0,2026-09-20 09:04:15,2026-09-20 10:52:25,1.8,23,17,
2026-09-20_08-22,unload,-0.4,7.5,2026-09-20 10:45:55,2026-09-20 12:33:57,1.8,2,2,Cassia / Lysa Ashdown
2026-09-22_05-11,prowl,-6.3,2.0,2026-09-22 05:13:01,2026-09-22 07:00:50,1.8,7,6,Bryn Ashdown / Kerrin / Merrick / Quill / Torvin / Vance
2026-09-18_06-30,band,-2.5,7.5,2026-09-18 07:25:10,2026-09-18 09:12:20,1.79,8,6,Alden Ashdown / Edda Ashdown / Lysa Ashdown / Nessa Ashdown / Pell / Ronan
2026-09-18_06-30,forage,-174.2,10.7,2026-09-18 07:58:44,2026-09-18 09:45:55,1.79,21,9,
2026-09-18_06-30,prowl,-14.2,3.6,2026-09-18 07:12:18,2026-09-18 08:59:54,1.79,2,2,Bertram / Vesna
2026-09-18_06-30,prowl,-37.4,2.0,2026-09-18 06:54:37,2026-09-18 08:42:08,1.79,209,60,
2026-09-18_06-30,prowl,-51.1,3.9,2026-09-18 07:52:05,2026-09-18 09:39:34,1.79,5,5,Emeric / Jarek / Kerrin / Ulric / Wulfric
2026-09-25_08-44,prowl,-10.2,4.2,2026-09-25 08:45:39,2026-09-25 10:33:17,1.79,2,2,Doran Ashdown / Edda
2026-09-18_03-05,prowl,-17.0,2.0,2026-09-18 03:33:50,2026-09-18 05:20:45,1.78,21,17,
2026-09-20_08-22,prowl,-0.3,3.2,2026-09-20 10:05:11,2026-09-20 11:52:13,1.78,3,3,Lysa Ashdown / Merrick / Ulla
2026-09-20_08-22,prowl,-1.7,2.1,2026-09-20 10:37:50,2026-09-20 12:24:52,1.78,2,2,Neriah / Rowan
2026-09-25_08-44,prowl,-10.7,2.0,2026-09-25 11:04:50,2026-09-25 12:51:28,1.78,13,3,Edda / Hollis Ashdown / Nessa Ashdown
2026-09-25_08-44,prowl,-8.7,2.0,2026-09-25 12:54:56,2026-09-25 14:42:01,1.78,3,3,Doran / Selwyn Ashdown / Talia Ashdown
2026-09-18_03-05,prowl,-1.5,2.0,2026-09-18 03:16:09,2026-09-18 05:02:07,1.77,8,8,
2026-09-20_08-22,prowl,-0.3,2.1,2026-09-20 10:37:51,2026-09-20 12:23:51,1.77,4,4,Hollis / Ivo / Perri / Rowan
2026-09-25_08-44,prowl,-6.7,4.3,2026-09-25 09:11:32,2026-09-25 10:57:58,1.77,2,2,Aric / Edda
2026-09-18_03-05,prowl,-0.4,2.0,2026-09-18 03:30:26,2026-09-18 05:15:53,1.76,21,15,
2026-09-18_03-05,prowl,-13.1,2.0,2026-09-18 03:07:51,2026-09-18 04:53:38,1.76,3,3,Doran Ashdown / Roderic / Yarrow
2026-09-18_06-30,prowl,-6.7,2.0,2026-09-18 06:31:42,2026-09-18 08:17:19,1.76,20,16,
2026-09-18_06-30,prowl,-8.0,6.8,2026-09-18 07:53:46,2026-09-18 09:39:23,1.76,2,2,Corwin / Isolde
2026-09-18_06-30,prowl,-9.4,2.5,2026-09-18 07:26:06,2026-09-18 09:11:39,1.76,2,2,Orin / Quill
2026-09-20_08-22,prowl,-0.1,2.5,2026-09-20 11:23:26,2026-09-20 13:09:11,1.76,2,2,Lorcan / Sable
2026-09-20_08-22,prowl,-34.3,2.0,2026-09-20 11:13:35,2026-09-20 12:59:17,1.76,28,17,
2026-09-21_21-58,prowl,-64.4,4.1,2026-09-21 22:54:31,2026-09-22 00:40:03,1.76,2,2,Aric / Vesna
2026-09-18_03-05,prowl,-11.2,5.0,2026-09-18 03:43:16,2026-09-18 05:28:10,1.75,2,2,Cassia / Vesna
2026-09-18_06-30,prowl,-13.6,5.5,2026-09-18 07:58:38,2026-09-18 09:43:41,1.75,2,2,Selwyn / Yarrow
2026-09-18_06-30,prowl,-51.7,2.1,2026-09-18 08:13:46,2026-09-18 09:58:50,1.75,17,12,
2026-09-21_21-58,prowl,-6.8,2.0,2026-09-21 22:49:19,2026-09-22 00:33:30,1.74,5,5,Calla / Quill / Ulwin / Vance / Wystan
2026-09-25_08-44,prowl,-1.6,2.0,2026-09-25 08:52:02,2026-09-25 10:36:14,1.74,8,8,
2026-09-25_08-44,prowl,-7.3,4.1,2026-09-25 09:42:29,2026-09-25 11:26:49,1.74,3,2,Edda / Jorunn
2026-09-18_06-30,prowl,-29.3,2.0,2026-09-18 06:44:27,2026-09-18 08:28:09,1.73,9,8,
2026-09-18_06-30,prowl,-35.0,2.0,2026-09-18 06:44:37,2026-09-18 08:28:20,1.73,12,12,
2026-09-21_21-58,prowl,-0.1,3.6,2026-09-21 23:21:19,2026-09-22 01:05:09,1.73,3,3,Garrow / Orin / Quenna
2026-09-22_05-11,prowl,-36.9,5.3,2026-09-22 07:18:11,2026-09-22 09:01:46,1.73,3,3,Hale / Quill / Ulwin
2026-09-25_08-44,band,-1.2,7.5,2026-09-25 09:22:58,2026-09-25 11:06:59,1.73,14,11,
2026-09-25_08-44,prowl,-26.0,2.0,2026-09-25 13:24:56,2026-09-25 15:08:45,1.73,4,4,Alden / Doran / Garrow / Ulla
2026-09-18_03-05,prowl,-23.8,6.5,2026-09-18 03:13:28,2026-09-18 04:56:48,1.72,3,3,Bryn Ashdown / Kerrin / Ysolt
2026-09-18_06-30,prowl,-4.1,2.2,2026-09-18 06:47:23,2026-09-18 08:30:50,1.72,2,2,Oswin / Ysolt
2026-09-22_05-11,prowl,-23.1,3.0,2026-09-22 05:49:52,2026-09-22 07:32:58,1.72,2,2,Edda / Gwendra
2026-09-22_05-11,prowl,-37.5,3.5,2026-09-22 07:21:40,2026-09-22 09:04:57,1.72,21,11,
2026-09-22_05-11,prowl,-64.0,5.3,2026-09-22 07:06:44,2026-09-22 08:50:06,1.72,2,2,Emrys / Lysa Ashdown
2026-09-22_09-19,prowl,-27.8,2.0,2026-09-22 09:20:34,2026-09-22 11:03:52,1.72,12,10,
2026-09-22_09-19,prowl,-38.0,2.0,2026-09-22 09:20:05,2026-09-22 11:03:24,1.72,33,18,
2026-09-22_09-19,prowl,-7.3,2.0,2026-09-22 09:20:02,2026-09-22 11:03:22,1.72,51,29,
2026-09-25_08-44,prowl,-4.0,2.0,2026-09-25 09:24:17,2026-09-25 11:07:30,1.72,17,7,
2026-09-18_03-05,prowl,-11.5,4.2,2026-09-18 03:28:52,2026-09-18 05:11:12,1.71,3,3,Jarek / Orin / Yarrow
2026-09-18_06-30,prowl,-70.7,2.3,2026-09-18 07:30:18,2026-09-18 09:12:55,1.71,2,2,Alaric / Selwyn
2026-09-22_09-19,prowl,-0.2,2.0,2026-09-22 09:20:17,2026-09-22 11:02:50,1.71,21,15,
2026-09-22_09-19,prowl,-17.9,2.0,2026-09-22 09:20:28,2026-09-22 11:03:14,1.71,24,22,
2026-09-22_09-19,prowl,-9.3,2.0,2026-09-22 09:20:55,2026-09-22 11:03:32,1.71,42,26,
2026-09-18_03-05,prowl,-29.1,2.0,2026-09-18 03:06:49,2026-09-18 04:48:53,1.7,4,4,Bertram / Cassia / Joss Ashdown / Kerrin Ashdown
2026-09-22_09-19,prowl,-13.3,2.0,2026-09-22 09:20:49,2026-09-22 11:03:04,1.7,33,24,
2026-09-22_09-19,prowl,-8.5,2.0,2026-09-22 09:20:56,2026-09-22 11:02:51,1.7,92,40,
2026-09-25_08-44,prowl,-10.2,2.0,2026-09-25 08:46:29,2026-09-25 10:28:38,1.7,410,34,
2026-09-18_03-05,band,-1.2,7.5,2026-09-18 03:16:43,2026-09-18 04:58:11,1.69,7,3,Lysa / Maeve / Neriah
2026-09-18_06-30,band,-5.5,7.5,2026-09-18 08:15:06,2026-09-18 09:56:46,1.69,9,6,Garrow / Hale Ashdown / Isolde / Lysa Ashdown / Marek / Merrick Ashdown
2026-09-18_06-30,prowl,-50.8,5.0,2026-09-18 07:28:02,2026-09-18 09:09:43,1.69,12,9,
2026-09-20_08-22,prowl,-23.4,2.0,2026-09-20 11:40:11,2026-09-20 13:21:48,1.69,22,14,
2026-09-21_21-58,prowl,-3.4,2.0,2026-09-21 23:11:12,2026-09-22 00:52:37,1.69,11,10,
2026-09-22_05-11,prowl,-3.7,2.0,2026-09-22 05:32:23,2026-09-22 07:13:49,1.69,4,2,Joss Ashdown / Ulwin
2026-09-22_09-19,prowl,-0.0,2.0,2026-09-22 09:21:34,2026-09-22 11:02:50,1.69,14,12,
2026-09-22_09-19,prowl,-1.4,2.0,2026-09-22 09:21:27,2026-09-22 11:02:48,1.69,26,17,
2026-09-22_09-19,prowl,-15.7,2.0,2026-09-22 09:20:50,2026-09-22 11:01:56,1.69,15,14,
2026-09-22_09-19,prowl,-2.2,2.0,2026-09-22 09:20:49,2026-09-22 11:02:25,1.69,34,23,
2026-09-25_08-44,prowl,-22.8,2.0,2026-09-25 12:56:46,2026-09-25 14:38:01,1.69,43,22,
2026-09-25_08-44,prowl,-7.3,2.1,2026-09-25 08:52:25,2026-09-25 10:33:31,1.69,3,2,Edda / Jarek Ashdown
2026-09-18_03-05,prowl,-53.3,2.0,2026-09-18 03:16:26,2026-09-18 04:57:03,1.68,3,3,Bryn Ashdown / Orin / Ronan
2026-09-18_06-30,forage,-174.1,10.9,2026-09-18 06:35:57,2026-09-18 08:16:37,1.68,6,4,Brannoc / Corwin / Talia / Ysolt
2026-09-18_06-30,prowl,-23.1,3.6,2026-09-18 07:53:31,2026-09-18 09:34:15,1.68,2,2,Ulric / Vance
2026-09-22_09-19,prowl,-29.2,2.0,2026-09-22 09:20:05,2026-09-22 11:00:59,1.68,40,24,
2026-09-22_09-19,prowl,-8.9,2.0,2026-09-22 09:20:56,2026-09-22 11:01:37,1.68,19,17,
2026-09-25_08-44,prowl,-7.0,3.4,2026-09-25 10:33:53,2026-09-25 12:14:54,1.68,7,4,Edda / Joss Ashdown / Vance Ashdown / Wynn
2026-09-18_03-05,prowl,-6.7,2.0,2026-09-18 03:46:50,2026-09-18 05:27:02,1.67,9,8,
2026-09-22_09-19,prowl,-0.7,2.0,2026-09-22 09:23:18,2026-09-22 11:03:34,1.67,22,15,
2026-09-25_08-44,prowl,-7.4,2.1,2026-09-25 09:15:29,2026-09-25 10:55:38,1.67,3,2,Edda / Vance
2026-09-18_03-05,prowl,-6.1,2.0,2026-09-18 03:47:10,2026-09-18 05:26:39,1.66,3,3,Joss Ashdown / Maeve / Vesna
2026-09-18_06-30,prowl,-8.7,2.5,2026-09-18 07:08:40,2026-09-18 08:48:04,1.66,2,2,Torvin / Wystan
2026-09-22_09-19,prowl,-0.6,2.0,2026-09-22 09:20:41,2026-09-22 11:00:14,1.66,22,17,
2026-09-25_08-44,prowl,-1.8,15.5,2026-09-25 11:08:26,2026-09-25 12:47:47,1.66,2,2,Edda / Maeve
2026-09-18_03-05,prowl,-18.6,2.0,2026-09-18 03:47:40,2026-09-18 05:26:57,1.65,7,7,
2026-09-20_08-22,prowl,-8.2,2.0,2026-09-20 11:28:14,2026-09-20 13:07:18,1.65,16,12,
2026-09-22_05-11,prowl,-17.5,2.0,2026-09-22 07:10:29,2026-09-22 08:49:24,1.65,12,11,
2026-09-25_08-44,prowl,-14.3,2.0,2026-09-25 13:02:09,2026-09-25 14:41:15,1.65,43,21,
2026-09-18_06-30,prowl,-29.1,2.0,2026-09-18 06:32:17,2026-09-18 08:10:54,1.64,10,9,
2026-09-22_09-19,prowl,-0.4,2.0,2026-09-22 09:25:05,2026-09-22 11:03:36,1.64,39,28,
2026-09-22_09-19,prowl,-0.8,2.0,2026-09-22 09:24:26,2026-09-22 11:02:39,1.64,20,15,
2026-09-18_03-05,prowl,-5.8,2.0,2026-09-18 03:47:02,2026-09-18 05:24:43,1.63,6,5,Emeric / Lorcan / Perri Ashdown / Torvin / Ulric
2026-09-22_09-19,prowl,-0.1,2.0,2026-09-22 09:21:31,2026-09-22 10:59:27,1.63,27,21,
2026-09-22_09-19,prowl,-1.5,2.0,2026-09-22 09:21:21,2026-09-22 10:59:24,1.63,7,7,
2026-09-18_03-05,prowl,-2.6,2.0,2026-09-18 03:48:08,2026-09-18 05:25:36,1.62,13,9,
2026-09-18_03-05,band,-2.8,7.5,2026-09-18 03:18:49,2026-09-18 04:55:10,1.61,3,2,Joss / Wynn
2026-09-18_03-05,prowl,-25.3,4.2,2026-09-18 03:34:41,2026-09-18 05:11:12,1.61,3,3,Alaric / Dain / Hollis
2026-09-22_09-19,prowl,-3.4,2.0,2026-09-22 09:27:20,2026-09-22 11:03:49,1.61,12,12,
2026-09-22_09-19,prowl,-39.3,2.0,2026-09-22 09:27:27,2026-09-22 11:03:46,1.61,29,25,
2026-09-25_08-44,prowl,-17.6,2.0,2026-09-25 12:57:31,2026-09-25 14:33:55,1.61,5,3,Rowan Ashdown / Ulla / Yarrow
2026-09-18_06-30,prowl,-1.0,2.0,2026-09-18 06:30:51,2026-09-18 08:07:05,1.6,6,6,Bertram / Calla Ashdown / Doran Ashdown / Garrow / Ilsa / Joss
2026-09-18_06-30,prowl,-10.9,2.0,2026-09-18 08:28:28,2026-09-18 10:04:43,1.6,18,16,
2026-09-20_08-22,prowl,-0.5,2.2,2026-09-20 08:55:42,2026-09-20 10:31:45,1.6,2,2,Hale / Nessa Ashdown
2026-09-20_08-22,prowl,-2.8,2.0,2026-09-20 09:21:05,2026-09-20 10:57:18,1.6,5,5,Aric / Dain / Merrick Ashdown / Nessa / Vance
2026-09-21_21-58,prowl,-2.3,2.0,2026-09-21 23:07:40,2026-09-22 00:43:40,1.6,17,12,
2026-09-22_05-11,prowl,-37.4,3.7,2026-09-22 06:54:40,2026-09-22 08:30:32,1.6,2,2,Doran / Edda
2026-09-22_09-19,prowl,-1.7,2.0,2026-09-22 09:24:05,2026-09-22 11:00:07,1.6,14,11,
2026-09-25_08-44,prowl,-3.3,11.1,2026-09-25 11:23:31,2026-09-25 12:59:30,1.6,2,2,Brannoc / Orin Ashdown
2026-09-18_06-30,prowl,-11.1,2.0,2026-09-18 06:30:51,2026-09-18 08:06:06,1.59,9,9,
2026-09-22_05-11,prowl,-0.4,4.1,2026-09-22 07:01:39,2026-09-22 08:37:18,1.59,2,2,Edda / Ysolt
2026-09-25_08-44,prowl,-4.9,6.1,2026-09-25 11:10:15,2026-09-25 12:45:32,1.59,2,2,Edda / Ulla
2026-09-21_21-58,prowl,-0.1,4.9,2026-09-21 22:04:15,2026-09-21 23:39:06,1.58,5,2,Cassia / Vance
2026-09-21_21-58,prowl,-2.1,2.0,2026-09-21 23:22:46,2026-09-22 00:57:40,1.58,38,13,
2026-09-22_09-19,prowl,-65.1,2.0,2026-09-22 09:26:40,2026-09-22 11:01:38,1.58,18,15,
2026-09-20_08-22,prowl,-0.9,2.5,2026-09-20 11:52:02,2026-09-20 13:26:19,1.57,3,3,Hale / Merrick / Ysolt
2026-09-22_09-19,prowl,-14.2,2.0,2026-09-22 09:27:44,2026-09-22 11:01:46,1.57,16,14,
2026-09-25_08-44,prowl,-10.8,2.6,2026-09-25 10:36:12,2026-09-25 12:09:51,1.56,2,2,Edda / Vance Ashdown
2026-09-18_03-05,prowl,-158.0,11.6,2026-09-18 03:17:15,2026-09-18 04:50:26,1.55,3,3,Faron Ashdown / Kerrin / Lysa Ashdown
2026-09-18_03-05,prowl,-43.4,2.0,2026-09-18 03:26:47,2026-09-18 04:59:47,1.55,5,5,Bryn Ashdown / Gerda Ashdown / Ilsa / Joss Ashdown / Maeve
2026-09-18_06-30,band,-22.1,7.5,2026-09-18 06:39:24,2026-09-18 08:12:08,1.55,4,4,Corwin / Joss / Sable / Yarrow
2026-09-22_05-11,prowl,-29.1,2.3,2026-09-22 06:37:04,2026-09-22 08:10:19,1.55,2,2,Nessa / Perri Ashdown
2026-09-22_09-19,prowl,-1.0,2.0,2026-09-22 09:25:59,2026-09-22 10:59:17,1.55,19,17,
2026-09-25_08-44,prowl,-5.7,3.7,2026-09-25 09:45:04,2026-09-25 11:18:14,1.55,4,2,Edda / Joss
2026-09-22_05-11,band,-5.3,3.0,2026-09-22 05:37:31,2026-09-22 07:09:56,1.54,5,4,Fenna / Gwendra / Sable / Wynn
2026-09-22_05-11,prowl,-4.4,2.0,2026-09-22 06:42:42,2026-09-22 08:15:01,1.54,21,16,
2026-09-22_05-11,prowl,-6.1,2.0,2026-09-22 05:28:44,2026-09-22 07:01:19,1.54,16,11,
2026-09-25_08-44,prowl,-1.9,5.0,2026-09-25 10:42:34,2026-09-25 12:14:44,1.54,2,2,Corwin Ashdown / Delwyn
2026-09-25_08-44,prowl,-5.9,6.5,2026-09-25 09:53:47,2026-09-25 11:26:15,1.54,4,2,Edda / Perri Ashdown
2026-09-18_06-30,prowl,-17.1,3.1,2026-09-18 07:44:15,2026-09-18 09:16:04,1.53,4,4,Alden Ashdown / Ilsa Ashdown / Quenna / Ronan
2026-09-18_06-30,prowl,-8.4,2.0,2026-09-18 07:54:11,2026-09-18 09:25:45,1.53,5,5,Alden Ashdown / Garrow / Hollis / Lysa / Wynn
2026-09-21_21-58,prowl,-25.6,2.0,2026-09-21 23:27:59,2026-09-22 00:59:47,1.53,23,16,
2026-09-22_09-19,prowl,-0.5,2.0,2026-09-22 09:27:23,2026-09-22 10:59:17,1.53,33,21,
2026-09-18_06-30,prowl,-51.0,4.4,2026-09-18 08:16:58,2026-09-18 09:48:02,1.52,8,8,
2026-09-20_08-22,prowl,-6.0,2.0,2026-09-20 12:03:19,2026-09-20 13:34:21,1.52,46,23,
2026-09-22_05-11,prowl,-0.3,3.7,2026-09-22 05:23:38,2026-09-22 06:54:39,1.52,3,3,Doran / Leofric / Vance
2026-09-25_08-44,prowl,-7.8,4.8,2026-09-25 13:06:10,2026-09-25 14:37:19,1.52,2,2,Doran / Faron Ashdown
2026-09-18_03-05,prowl,-159.7,6.5,2026-09-18 03:18:04,2026-09-18 04:48:02,1.5,4,4,Cassia / Ilsa / Quenna / Vance
2026-09-18_06-30,prowl,-19.6,21.3,2026-09-18 08:10:10,2026-09-18 09:40:04,1.5,2,2,Ilsa / Nessa
2026-09-18_06-30,prowl,-65.7,17.1,2026-09-18 08:10:11,2026-09-18 09:40:08,1.5,2,2,Hollis / Ulric
2026-09-21_21-58,prowl,-0.1,3.5,2026-09-21 21:59:16,2026-09-21 23:29:05,1.5,2,2,Alden / Torvin
2026-09-22_09-19,prowl,-2.5,2.0,2026-09-22 09:32:34,2026-09-22 11:02:41,1.5,13,13,
2026-09-25_08-44,prowl,-12.9,2.0,2026-09-25 08:55:47,2026-09-25 10:25:32,1.5,93,25,
2026-09-25_08-44,prowl,-7.1,2.9,2026-09-25 09:36:40,2026-09-25 11:06:56,1.5,5,4,Edda / Ilsa / Isolde / Rowan Ashdown
2026-09-25_08-44,prowl,-8.9,13.8,2026-09-25 09:54:37,2026-09-25 11:24:46,1.5,4,3,Edda / Leofric / Ulwin
2026-09-21_21-58,prowl,-9.3,2.0,2026-09-21 23:32:41,2026-09-22 01:02:10,1.49,7,6,Edda / Gerda Ashdown / Marek / Torvin / Ulla / Vesna
2026-09-22_09-19,drill,-3.2,8.8,2026-09-22 09:33:12,2026-09-22 11:02:25,1.49,13,1,Ilsa
2026-09-18_03-05,prowl,-0.6,2.0,2026-09-18 03:47:05,2026-09-18 05:15:38,1.48,8,5,Alden Ashdown / Brannoc / Ilsa / Roderic / Ronan
2026-09-18_03-05,prowl,-12.5,2.0,2026-09-18 03:56:22,2026-09-18 05:25:04,1.48,4,4,Aric / Calla Ashdown / Fenna / Gerda Ashdown
2026-09-18_06-30,prowl,-51.7,2.4,2026-09-18 07:28:47,2026-09-18 08:57:36,1.48,2,2,Bertram / Delwyn
2026-09-20_08-22,prowl,-4.3,2.0,2026-09-20 11:00:15,2026-09-20 12:29:05,1.48,15,13,
2026-09-22_05-11,prowl,-12.4,3.9,2026-09-22 06:21:04,2026-09-22 07:49:47,1.48,4,3,Edda / Maeve / Wystan
2026-09-22_05-11,prowl,-4.7,3.2,2026-09-22 05:20:33,2026-09-22 06:49:28,1.48,6,5,Hale / Ilsa Ashdown / Lysa / Merrick Ashdown / Ulla
2026-09-22_05-11,prowl,-5.3,3.9,2026-09-22 06:31:32,2026-09-22 08:00:35,1.48,2,2,Gwendra / Quill
2026-09-25_08-44,prowl,-35.1,2.0,2026-09-25 13:49:33,2026-09-25 15:18:11,1.48,15,12,
2026-09-18_03-05,prowl,-0.4,2.3,2026-09-18 03:32:41,2026-09-18 05:01:02,1.47,2,2,Sable / Wystan
2026-09-18_03-05,prowl,-33.2,8.5,2026-09-18 03:22:22,2026-09-18 04:50:32,1.47,2,2,Ilsa / Quenna
2026-09-18_06-30,band,-0.4,7.5,2026-09-18 08:15:20,2026-09-18 09:43:26,1.47,27,6,Hollis / Merrick / Nessa / Orin Ashdown / Quill / Vance
2026-09-18_15-33,prowl,-10.8,2.0,2026-09-18 15:35:10,2026-09-18 17:03:19,1.47,32,21,
2026-09-20_08-22,prowl,-0.7,2.2,2026-09-20 08:55:45,2026-09-20 10:24:12,1.47,2,2,Isolde / Jorunn
2026-09-20_08-22,prowl,-7.2,2.0,2026-09-20 12:05:33,2026-09-20 13:33:41,1.47,4,2,Kerrin / Ulwin
2026-09-22_09-19,prowl,-91.5,2.0,2026-09-22 09:27:07,2026-09-22 10:55:30,1.47,13,9,
2026-09-25_08-44,prowl,-6.2,2.9,2026-09-25 10:05:08,2026-09-25 11:33:21,1.47,2,2,Edda / Wynn
2026-09-18_03-05,prowl,-10.0,8.7,2026-09-18 03:22:36,2026-09-18 04:50:02,1.46,2,2,Dain / Gerda Ashdown
2026-09-18_06-30,prowl,-95.1,3.3,2026-09-18 07:28:22,2026-09-18 08:55:42,1.46,3,3,Dain / Emeric / Sable
2026-09-18_15-33,prowl,-15.9,2.0,2026-09-18 15:34:57,2026-09-18 17:02:32,1.46,20,16,
2026-09-18_15-33,prowl,-161.3,2.0,2026-09-18 15:34:55,2026-09-18 17:02:40,1.46,14,14,
2026-09-18_06-30,prowl,-1.6,2.0,2026-09-18 08:42:40,2026-09-18 10:09:48,1.45,4,4,Elspeth / Quill / Ulla / Vance
2026-09-20_08-22,prowl,-0.5,3.5,2026-09-20 09:40:17,2026-09-20 11:07:26,1.45,7,3,Brannoc / Hale / Perri
2026-09-20_08-22,prowl,-65.1,2.0,2026-09-20 11:53:45,2026-09-20 13:20:52,1.45,25,18,
2026-09-21_21-58,prowl,-1.2,2.0,2026-09-21 22:21:18,2026-09-21 23:48:05,1.45,4,3,Calla Ashdown / Fenna / Ulla
2026-09-22_05-11,prowl,-13.2,2.0,2026-09-22 07:18:39,2026-09-22 08:45:26,1.45,4,3,Joss / Perri / Ulla
2026-09-22_09-19,prowl,-2.4,2.0,2026-09-22 09:36:27,2026-09-22 11:03:11,1.45,7,5,Bryn Ashdown / Lysa / Nessa / Orin / Sable
2026-09-22_09-19,prowl,-5.7,2.0,2026-09-22 09:24:47,2026-09-22 10:52:03,1.45,21,15,
2026-09-18_03-05,prowl,-69.7,5.2,2026-09-18 03:19:47,2026-09-18 04:45:26,1.43,2,2,Lysa / Perri
2026-09-22_09-19,prowl,-1.8,2.0,2026-09-22 09:20:15,2026-09-22 10:46:17,1.43,13,9,
2026-09-25_08-44,prowl,-9.8,5.5,2026-09-25 10:15:00,2026-09-25 11:40:54,1.43,2,2,Edda / Elspeth
2026-09-18_06-30,prowl,-161.2,2.0,2026-09-18 07:37:21,2026-09-18 09:02:37,1.42,5,3,Merrick / Roderic / Rowan
2026-09-18_06-30,prowl,-5.2,2.0,2026-09-18 06:30:51,2026-09-18 07:55:58,1.42,9,9,
2026-09-20_08-22,prowl,-8.5,2.0,2026-09-20 11:04:28,2026-09-20 12:29:33,1.42,2,2,Fenna / Gerda Ashdown
2026-09-22_05-11,prowl,-14.9,2.0,2026-09-22 06:15:18,2026-09-22 07:40:19,1.42,7,6,Alden / Calla Ashdown / Doran / Gerda Ashdown / Lysa / Ulla
2026-09-25_08-44,prowl,-49.3,2.3,2026-09-25 13:35:14,2026-09-25 15:00:12,1.42,2,2,Doran / Vance
2026-09-18_03-05,prowl,-26.2,2.0,2026-09-18 03:30:52,2026-09-18 04:55:16,1.41,2,2,Fendrel / Vesna
2026-09-18_06-30,prowl,-17.4,2.0,2026-09-18 06:30:51,2026-09-18 07:55:15,1.41,9,7,
2026-09-20_08-22,prowl,-0.0,2.4,2026-09-20 10:51:33,2026-09-20 12:16:00,1.41,3,3,Neriah / Orin / Perri
2026-09-22_05-11,prowl,-0.4,2.4,2026-09-22 06:46:44,2026-09-22 08:11:12,1.41,4,4,Hale / Lorcan / Nessa / Selwyn
2026-09-25_08-44,prowl,-1.2,2.2,2026-09-25 08:50:59,2026-09-25 10:15:23,1.41,2,2,Brannoc / Jarek Ashdown
2026-09-25_08-44,prowl,-31.6,5.4,2026-09-25 11:27:52,2026-09-25 12:52:28,1.41,2,2,Edda / Hollis
2026-09-18_03-05,prowl,-33.1,8.9,2026-09-18 03:19:12,2026-09-18 04:42:58,1.4,4,3,Doran Ashdown / Fendrel / Isolde
2026-09-22_05-11,drill,-2.7,8.8,2026-09-22 05:44:40,2026-09-22 07:08:52,1.4,15,1,Faron
2026-09-22_09-19,prowl,-3.7,2.0,2026-09-22 09:26:12,2026-09-22 10:50:02,1.4,13,9,
2026-09-18_03-05,prowl,-161.0,2.8,2026-09-18 03:25:58,2026-09-18 04:49:36,1.39,2,2,Gerda Ashdown / Vance
2026-09-20_08-22,prowl,-0.1,2.4,2026-09-20 10:52:26,2026-09-20 12:16:05,1.39,4,4,Lysa / Orin / Rowan / Ulla
2026-09-20_08-22,unload,-0.2,7.5,2026-09-20 11:19:46,2026-09-20 12:43:05,1.39,6,2,Doran Ashdown / Fenna
2026-09-22_05-11,prowl,-38.8,3.2,2026-09-22 06:21:07,2026-09-22 07:44:34,1.39,2,2,Gerda Ashdown / Sable
2026-09-22_09-19,prowl,-0.3,2.0,2026-09-22 09:26:33,2026-09-22 10:49:40,1.39,21,15,
2026-09-22_09-19,prowl,-1.3,2.0,2026-09-22 09:20:15,2026-09-22 10:43:55,1.39,29,22,
2026-09-25_08-44,prowl,-12.5,3.0,2026-09-25 09:48:03,2026-09-25 11:11:09,1.39,3,2,Edda / Isolde Ashdown
2026-09-25_08-44,prowl,-24.7,2.0,2026-09-25 13:54:02,2026-09-25 15:17:30,1.39,5,5,Dain / Doran / Quill / Selwyn Ashdown / Ulla
2026-09-20_08-22,prowl,-0.2,2.5,2026-09-20 11:01:59,2026-09-20 12:24:43,1.38,3,2,Faron Ashdown / Vance
2026-09-22_09-19,prowl,-1.6,2.0,2026-09-22 09:24:10,2026-09-22 10:46:59,1.38,12,11,
2026-09-25_08-44,prowl,-5.7,3.9,2026-09-25 11:27:42,2026-09-25 12:50:24,1.38,2,2,Delwyn / Edda
2026-09-25_08-44,prowl,-8.5,2.0,2026-09-25 13:51:34,2026-09-25 15:14:21,1.38,6,5,Brannoc Ashdown / Garrow Ashdown / Joss Ashdown / Oswin / Vance Ashdown
2026-09-22_05-11,prowl,-13.6,2.0,2026-09-22 07:56:13,2026-09-22 09:18:25,1.37,8,6,Alden / Bryn Ashdown / Calla / Garrow / Leofric / Oswin
2026-09-22_09-19,prowl,-1.1,2.0,2026-09-22 09:20:35,2026-09-22 10:42:46,1.37,25,22,
2026-09-22_09-19,prowl,-3.1,2.0,2026-09-22 09:27:20,2026-09-22 10:49:21,1.37,8,6,Delwyn / Kelda / Nessa / Perri / Perri Ashdown / Ulla
2026-09-18_03-05,prowl,-14.5,2.0,2026-09-18 03:06:49,2026-09-18 04:28:23,1.36,37,26,
2026-09-18_03-05,prowl,-32.1,12.0,2026-09-18 03:22:13,2026-09-18 04:43:51,1.36,2,2,Edda Ashdown / Wulfric
2026-09-20_08-22,prowl,-0.5,2.1,2026-09-20 11:18:41,2026-09-20 12:40:34,1.36,2,1,Rowan
2026-09-22_05-11,prowl,-4.1,2.0,2026-09-22 07:12:09,2026-09-22 08:33:43,1.36,3,3,Gwendra / Ilsa Ashdown / Merrick
2026-09-25_08-44,prowl,-6.0,3.5,2026-09-25 10:33:18,2026-09-25 11:54:54,1.36,6,2,Edda / Nessa Ashdown
2026-09-18_06-30,prowl,-31.5,7.8,2026-09-18 07:37:25,2026-09-18 08:58:12,1.35,2,2,Joss Ashdown / Perri
2026-09-25_08-44,prowl,-12.2,7.0,2026-09-25 10:52:55,2026-09-25 12:13:44,1.35,2,2,Edda / Kestrel
2026-09-25_08-44,prowl,-12.3,3.7,2026-09-25 11:08:46,2026-09-25 12:29:53,1.35,5,3,Edda / Kerrin / Neriah Ashdown
2026-09-25_08-44,prowl,-5.8,7.0,2026-09-25 10:52:58,2026-09-25 12:13:44,1.35,3,2,Edda / Kestrel
2026-09-18_06-30,prowl,-25.6,3.2,2026-09-18 08:58:13,2026-09-18 10:18:43,1.34,2,2,Alaric / Joss Ashdown
2026-09-18_06-30,prowl,-9.4,2.7,2026-09-18 07:02:01,2026-09-18 08:22:39,1.34,2,2,Perri / Rowan
2026-09-21_21-58,prowl,-2.8,2.0,2026-09-21 22:46:52,2026-09-22 00:07:33,1.34,14,11,
2026-09-21_21-58,prowl,-4.2,2.0,2026-09-21 22:00:21,2026-09-21 23:20:56,1.34,6,6,Emrys / Orin / Ronan / Ulla / Wynn / Wystan
2026-09-22_05-11,prowl,-4.5,3.8,2026-09-22 05:20:31,2026-09-22 06:40:44,1.34,2,2,Bryn / Wynn
2026-09-22_05-11,prowl,-6.5,2.0,2026-09-22 07:36:51,2026-09-22 08:57:09,1.34,5,5,Corwin / Faron Ashdown / Garrow / Neriah / Selwyn
2026-09-22_05-11,unload,-28.3,7.5,2026-09-22 07:02:47,2026-09-22 08:22:56,1.34,62,1,Hale
2026-09-22_09-19,prowl,-10.7,2.0,2026-09-22 09:26:49,2026-09-22 10:47:06,1.34,4,4,Alden / Ilsa Ashdown / Jarek / Ronan
2026-09-22_09-19,prowl,-13.5,2.0,2026-09-22 09:24:35,2026-09-22 10:44:57,1.34,4,4,Perri / Perri Ashdown / Quill / Torvin
2026-09-22_05-11,unload,-4.5,7.5,2026-09-22 06:48:20,2026-09-22 08:08:05,1.33,20,1,Perri
2026-09-22_09-19,prowl,-24.5,2.0,2026-09-22 09:29:19,2026-09-22 10:49:13,1.33,8,7,
2026-09-25_08-44,prowl,-144.9,2.0,2026-09-25 13:51:57,2026-09-25 15:11:41,1.33,3,3,Doran / Garrow Ashdown / Hale
2026-09-18_06-30,prowl,-160.9,2.9,2026-09-18 07:37:57,2026-09-18 08:57:21,1.32,2,2,Selwyn / Ysolt
2026-09-18_06-30,prowl,-60.1,2.0,2026-09-18 06:59:22,2026-09-18 08:18:35,1.32,5,4,Bertram / Dain / Nessa / Ulla
2026-09-18_15-33,prowl,-55.0,2.0,2026-09-18 15:34:57,2026-09-18 16:54:06,1.32,11,10,
2026-09-22_05-11,prowl,-10.9,2.0,2026-09-22 06:25:08,2026-09-22 07:44:13,1.32,7,6,Edda / Hale / Lysa / Merrick / Orin / Ulla
2026-09-22_05-11,prowl,-2.6,2.0,2026-09-22 07:24:36,2026-09-22 08:44:01,1.32,28,15,
2026-09-22_09-19,prowl,-13.2,2.0,2026-09-22 09:27:55,2026-09-22 10:47:03,1.32,19,16,
2026-09-22_09-19,prowl,-18.9,2.0,2026-09-22 09:29:10,2026-09-22 10:48:05,1.32,7,5,Lysa / Orin / Perri Ashdown / Quill / Ulla
2026-09-25_08-44,prowl,-0.6,2.1,2026-09-25 09:15:33,2026-09-25 10:34:45,1.32,2,2,Aric Ashdown / Lysa
2026-09-18_03-05,prowl,-1.7,2.0,2026-09-18 03:52:20,2026-09-18 05:10:44,1.31,11,8,
2026-09-18_03-05,prowl,-2.0,2.0,2026-09-18 03:44:08,2026-09-18 05:02:36,1.31,19,16,
2026-09-18_15-33,band,-17.9,7.5,2026-09-18 15:36:16,2026-09-18 16:54:38,1.31,57,31,
2026-09-22_09-19,prowl,-2.0,2.0,2026-09-22 09:29:53,2026-09-22 10:48:42,1.31,7,7,
2026-09-18_06-30,prowl,-9.1,3.6,2026-09-18 07:53:32,2026-09-18 09:11:31,1.3,3,3,Bertram / Torvin / Yarrow
2026-09-18_15-33,prowl,-59.3,4.1,2026-09-18 15:38:58,2026-09-18 16:56:35,1.29,2,2,Faron / Joss Ashdown
2026-09-22_09-19,prowl,-2.8,2.0,2026-09-22 09:24:51,2026-09-22 10:42:20,1.29,3,3,Bertram / Fenna / Ysolt
2026-09-18_03-05,prowl,-4.6,2.0,2026-09-18 04:10:07,2026-09-18 05:27:01,1.28,2,2,Bryn Ashdown / Rowan
2026-09-25_08-44,prowl,-62.1,2.0,2026-09-25 13:57:27,2026-09-25 15:14:12,1.28,11,9,
2026-09-26_11-45,drill,-12.5,8.8,2026-09-26 11:53:33,2026-09-26 13:10:25,1.28,43,1,Doran
2026-09-22_05-11,prowl,-6.6,2.0,2026-09-22 08:00:22,2026-09-22 09:16:20,1.27,3,3,Calla / Emrys / Merrick
2026-09-25_08-44,prowl,-21.2,4.5,2026-09-25 10:54:41,2026-09-25 12:10:40,1.27,3,2,Edda / Quenna Ashdown
2026-09-25_08-44,prowl,-32.3,3.2,2026-09-25 10:41:12,2026-09-25 11:57:21,1.27,2,2,Ilsa / Yarrow
2026-09-18_15-33,prowl,-29.3,2.0,2026-09-18 15:46:40,2026-09-18 17:02:28,1.26,18,14,
2026-09-18_15-33,prowl,-35.4,2.0,2026-09-18 15:46:41,2026-09-18 17:02:11,1.26,15,15,
2026-09-18_15-33,prowl,-60.0,2.0,2026-09-18 15:43:29,2026-09-18 16:58:57,1.26,20,17,
2026-09-22_09-19,prowl,-1.0,3.9,2026-09-22 09:46:21,2026-09-22 11:01:17,1.25,2,2,Calla / Lysa
2026-09-22_09-19,prowl,-6.4,2.0,2026-09-22 09:45:33,2026-09-22 11:00:44,1.25,15,12,
2026-09-24_18-32,prowl,-48.6,2.0,2026-09-24 18:42:18,2026-09-24 19:57:15,1.25,4,3,Ivo / Sable / Ulla
2026-09-18_15-33,prowl,-0.2,2.0,2026-09-18 15:45:26,2026-09-18 16:59:40,1.24,11,10,
2026-09-18_15-33,prowl,-70.8,2.0,2026-09-18 15:46:40,2026-09-18 17:01:18,1.24,29,20,
2026-09-24_18-32,enlist,-17.0,6.0,2026-09-24 18:44:25,2026-09-24 19:58:50,1.24,3,2,Edda / Ilsa
2026-09-24_18-32,prowl,-5.2,2.0,2026-09-24 18:41:55,2026-09-24 19:56:01,1.24,5,5,Bryn Ashdown / Calla / Isolde Ashdown / Neriah / Torvin Ashdown
2026-09-18_03-05,prowl,-55.0,2.0,2026-09-18 04:13:42,2026-09-18 05:27:25,1.23,13,10,
2026-09-18_15-33,prowl,-2.3,2.0,2026-09-18 15:37:27,2026-09-18 16:51:19,1.23,9,3,Emrys / Pell / Talia
2026-09-18_15-33,prowl,-26.0,2.0,2026-09-18 15:48:32,2026-09-18 17:02:16,1.23,24,21,
2026-09-22_05-11,prowl,-0.2,2.2,2026-09-22 05:59:34,2026-09-22 07:13:15,1.23,2,2,Doran / Nessa
2026-09-22_05-11,prowl,-0.5,3.1,2026-09-22 06:53:22,2026-09-22 08:07:23,1.23,2,2,Ilsa / Leofric
2026-09-18_03-05,prowl,-29.7,2.0,2026-09-18 03:08:32,2026-09-18 04:21:34,1.22,9,8,
2026-09-18_06-30,prowl,-15.9,2.0,2026-09-18 07:14:32,2026-09-18 08:27:55,1.22,7,7,
2026-09-25_08-44,prowl,-15.9,2.0,2026-09-25 13:51:46,2026-09-25 15:05:02,1.22,5,4,Doran Ashdown / Kerrin / Nessa / Quill
2026-09-25_08-44,prowl,-3.5,2.0,2026-09-25 14:03:44,2026-09-25 15:16:51,1.22,15,9,
2026-09-25_08-44,prowl,-7.5,2.1,2026-09-25 10:20:14,2026-09-25 11:33:08,1.22,6,2,Edda / Lysa
2026-09-18_03-05,prowl,-1.6,2.0,2026-09-18 03:15:29,2026-09-18 04:28:03,1.21,10,10,
2026-09-18_03-05,prowl,-9.1,2.0,2026-09-18 04:09:55,2026-09-18 05:22:39,1.21,9,5,Kerrin / Nessa / Perri Ashdown / Roderic / Torvin
2026-09-18_06-30,prowl,-37.3,2.2,2026-09-18 07:27:34,2026-09-18 08:40:16,1.21,5,4,Kerrin / Lysa Ashdown / Talia / Ulla
2026-09-18_06-30,prowl,-9.3,3.1,2026-09-18 08:18:01,2026-09-18 09:30:37,1.21,3,3,Kerrin / Quill / Vance
2026-09-18_15-33,forage,-171.2,15.2,2026-09-18 15:39:56,2026-09-18 16:52:17,1.21,2,2,Delwyn / Edda Ashdown
2026-09-18_15-33,prowl,-0.7,2.0,2026-09-18 15:47:09,2026-09-18 16:59:43,1.21,7,7,
2026-09-18_15-33,prowl,-17.9,2.0,2026-09-18 15:46:47,2026-09-18 16:59:28,1.21,23,18,
2026-09-18_15-33,prowl,-18.0,2.0,2026-09-18 15:50:40,2026-09-18 17:03:01,1.21,19,17,
2026-09-22_05-11,prowl,-12.2,4.6,2026-09-22 06:53:41,2026-09-22 08:06:02,1.21,3,3,Merrick / Nessa / Pell
2026-09-25_08-44,prowl,-12.1,4.4,2026-09-25 09:06:33,2026-09-25 10:19:01,1.21,29,3,Edda / Marek / Quill Ashdown
2026-09-25_08-44,prowl,-12.5,2.9,2026-09-25 10:19:26,2026-09-25 11:32:12,1.21,45,3,Edda / Rowan Ashdown / Vance
2026-09-25_08-44,prowl,-6.6,4.5,2026-09-25 10:57:01,2026-09-25 12:09:32,1.21,2,2,Edda / Nessa Ashdown
2026-09-25_08-44,prowl,-8.8,2.0,2026-09-25 12:02:57,2026-09-25 13:15:30,1.21,6,6,Doran / Faron Ashdown / Ilsa / Joss Ashdown / Neriah / Vance
2026-09-26_11-45,prowl,-13.1,2.0,2026-09-26 11:47:19,2026-09-26 12:59:40,1.21,6,5,Dain / Gwendra / Kerrin / Neriah / Yarrow
2026-09-18_06-30,prowl,-14.6,10.7,2026-09-18 07:02:25,2026-09-18 08:14:29,1.2,2,2,Bertram / Ilsa
2026-09-20_08-22,prowl,-4.8,2.0,2026-09-20 12:17:56,2026-09-20 13:29:39,1.2,18,14,
2026-09-22_05-11,prowl,-13.0,3.4,2026-09-22 07:01:53,2026-09-22 08:14:06,1.2,2,2,Cassia / Merrick
2026-09-22_18-06,prowl,-0.1,2.0,2026-09-22 18:07:21,2026-09-22 19:19:25,1.2,14,12,
2026-09-22_18-06,prowl,-0.6,2.0,2026-09-22 18:07:16,2026-09-22 19:19:09,1.2,34,24,
2026-09-22_18-06,prowl,-15.7,2.0,2026-09-22 18:07:15,2026-09-22 19:19:14,1.2,14,10,
2026-09-18_01-53,prowl,-1.1,2.0,2026-09-18 01:53:32,2026-09-18 03:05:07,1.19,7,6,Brannoc / Hollis / Ilsa / Joss / Lysa Ashdown / Roderic
2026-09-18_06-30,prowl,-10.6,3.4,2026-09-18 07:50:26,2026-09-18 09:01:57,1.19,2,2,Orin / Torvin
2026-09-18_06-30,prowl,-7.9,2.0,2026-09-18 06:47:35,2026-09-18 07:59:03,1.19,8,8,
2026-09-18_15-33,prowl,-2.7,2.0,2026-09-18 15:51:11,2026-09-18 17:02:29,1.19,9,9,
2026-09-22_05-11,prowl,-0.1,10.1,2026-09-22 05:43:23,2026-09-22 06:54:32,1.19,2,2,Lysa / Torvin
2026-09-22_05-11,prowl,-18.8,2.0,2026-09-22 05:12:07,2026-09-22 06:23:16,1.19,12,11,
2026-09-24_18-32,prowl,-0.7,2.0,2026-09-24 18:46:08,2026-09-24 19:57:16,1.19,8,6,Kerrin Ashdown / Nessa / Quill / Ulla / Vance / Vesna
2026-09-25_08-44,prowl,-10.9,2.1,2026-09-25 10:20:35,2026-09-25 11:31:41,1.19,3,2,Edda / Perri
2026-09-25_08-44,prowl,-5.7,2.0,2026-09-25 10:51:09,2026-09-25 12:02:27,1.19,41,6,Aric / Calla Ashdown / Delwyn / Edda / Nessa Ashdown / Perri Ashdown
2026-09-26_04-57,prowl,-13.1,2.0,2026-09-26 09:23:19,2026-09-26 10:34:29,1.19,4,4,Calla / Kestrel / Lysa / Torvin
2026-09-18_00-29,drill,-3.3,8.8,2026-09-18 00:29:43,2026-09-18 01:40:17,1.18,41,2,Faron / Ilsa
2026-09-18_00-29,prowl,-12.2,2.0,2026-09-18 00:31:52,2026-09-18 01:42:37,1.18,18,14,
2026-09-18_01-53,drill,-3.3,8.8,2026-09-18 01:53:32,2026-09-18 03:04:32,1.18,71,2,Faron / Ilsa
2026-09-18_06-30,prowl,-33.6,2.0,2026-09-18 08:05:51,2026-09-18 09:16:30,1.18,8,7,
2026-09-18_15-33,prowl,-9.9,4.7,2026-09-18 15:47:58,2026-09-18 16:58:33,1.18,2,2,Dain / Maeve
2026-09-22_18-06,prowl,-8.5,2.0,2026-09-22 18:08:21,2026-09-22 19:19:14,1.18,9,9,
2026-09-24_18-32,prowl,-10.9,2.0,2026-09-24 18:41:40,2026-09-24 19:52:35,1.18,6,6,Corwin Ashdown / Gwendra / Neriah / Nessa / Perri Ashdown / Vesna
2026-09-25_08-44,prowl,-47.9,10.4,2026-09-25 13:07:43,2026-09-25 14:18:28,1.18,2,2,Delwyn / Rowan Ashdown
2026-09-25_08-44,unload,-417.0,7.5,2026-09-25 13:55:01,2026-09-25 15:06:03,1.18,7,1,Hale
2026-09-21_21-58,prowl,-5.6,2.0,2026-09-21 23:48:02,2026-09-22 00:58:20,1.17,10,10,
2026-09-22_05-11,prowl,-10.4,2.0,2026-09-22 07:34:48,2026-09-22 08:45:02,1.17,10,10,
2026-09-22_09-19,prowl,-28.7,2.0,2026-09-22 09:40:54,2026-09-22 10:51:06,1.17,10,10,
2026-09-24_20-06,prowl,-0.2,2.0,2026-09-24 20:07:33,2026-09-24 21:17:47,1.17,8,7,
2026-09-25_08-44,prowl,-10.1,2.0,2026-09-25 13:37:26,2026-09-25 14:47:41,1.17,6,5,Corwin Ashdown / Doran / Nessa / Oswin Ashdown / Vance
2026-09-18_03-05,prowl,-35.1,2.9,2026-09-18 03:20:46,2026-09-18 04:30:37,1.16,15,13,
2026-09-18_15-33,prowl,-23.1,2.0,2026-09-18 15:48:30,2026-09-18 16:58:09,1.16,7,7,
2026-09-18_15-33,prowl,-53.3,2.0,2026-09-18 15:50:39,2026-09-18 17:00:30,1.16,6,6,Calla Ashdown / Fendrel / Oswin / Selwyn / Ulla / Wystan
2026-09-18_15-33,prowl,-60.1,2.0,2026-09-18 15:46:33,2026-09-18 16:55:56,1.16,5,5,Cassia / Fendrel / Ronan / Talia / Wystan
2026-09-22_05-11,prowl,-12.3,2.0,2026-09-22 05:11:59,2026-09-22 06:21:48,1.16,23,15,
2026-09-22_18-06,prowl,-13.2,2.0,2026-09-22 18:09:26,2026-09-22 19:19:09,1.16,4,4,Brannoc / Bryn Ashdown / Nessa / Sable
2026-09-22_18-06,prowl,-2.1,2.0,2026-09-22 18:08:03,2026-09-22 19:17:55,1.16,10,6,Cassia / Hale / Lysa / Quenna / Sable / Vance
2026-09-26_11-45,prowl,-21.9,2.0,2026-09-26 11:51:41,2026-09-26 13:01:10,1.16,12,9,
2026-09-18_01-53,prowl,-1.5,2.0,2026-09-18 01:53:32,2026-09-18 03:02:14,1.15,2,2,Ulla / Wulfric
2026-09-18_01-53,prowl,-31.3,2.0,2026-09-18 01:54:22,2026-09-18 03:03:17,1.15,3,3,Joss / Neriah / Vance
2026-09-18_03-05,prowl,-1.0,5.2,2026-09-18 03:19:42,2026-09-18 04:28:44,1.15,2,2,Bertram / Wynn
2026-09-18_03-05,prowl,-2.1,2.0,2026-09-18 03:16:11,2026-09-18 04:25:25,1.15,7,7,
2026-09-18_06-30,prowl,-7.5,2.0,2026-09-18 06:30:51,2026-09-18 07:39:35,1.15,12,11,
2026-09-18_15-33,prowl,-29.8,2.0,2026-09-18 15:46:18,2026-09-18 16:55:12,1.15,10,9,
2026-09-18_15-33,prowl,-8.1,2.0,2026-09-18 15:49:01,2026-09-18 16:57:49,1.15,13,10,
2026-09-21_21-58,prowl,-4.8,2.0,2026-09-21 22:23:17,2026-09-21 23:32:23,1.15,14,10,
2026-09-22_05-11,prowl,-15.2,3.4,2026-09-22 08:08:55,2026-09-22 09:17:56,1.15,2,2,Gwendra / Sable
2026-09-22_18-06,prowl,-1.0,2.0,2026-09-22 18:09:27,2026-09-22 19:18:34,1.15,6,6,Alden / Faron / Maeve / Nessa Ashdown / Quenna / Sable
2026-09-22_18-06,prowl,-1.1,2.0,2026-09-22 18:10:05,2026-09-22 19:19:04,1.15,15,12,
2026-09-22_18-06,prowl,-13.7,2.0,2026-09-22 18:07:22,2026-09-22 19:16:33,1.15,8,7,
2026-09-25_08-44,prowl,-7.3,4.2,2026-09-25 10:04:52,2026-09-25 11:13:36,1.15,2,2,Brannoc / Edda
2026-09-25_08-44,prowl,-7.9,2.4,2026-09-25 10:26:13,2026-09-25 11:35:05,1.15,3,3,Edda / Kerrin / Pell Ashdown
2026-09-18_03-05,prowl,-18.0,2.0,2026-09-18 04:13:51,2026-09-18 05:22:31,1.14,8,8,
2026-09-18_15-33,prowl,-26.8,2.0,2026-09-18 15:47:09,2026-09-18 16:55:46,1.14,17,15,
2026-09-22_05-11,prowl,-62.3,10.3,2026-09-22 05:42:07,2026-09-22 06:50:28,1.14,2,2,Ilsa / Nessa Ashdown
2026-09-22_09-19,prowl,-8.3,2.5,2026-09-22 09:42:09,2026-09-22 10:50:34,1.14,2,2,Brannoc / Orin
2026-09-22_18-06,prowl,-0.5,2.0,2026-09-22 18:09:20,2026-09-22 19:17:49,1.14,17,13,
2026-09-25_08-44,prowl,-6.1,2.6,2026-09-25 11:04:27,2026-09-25 12:12:51,1.14,2,2,Joss / Vance Ashdown
2026-09-18_03-05,prowl,-0.2,2.0,2026-09-18 04:13:48,2026-09-18 05:21:22,1.13,14,10,
2026-09-18_03-05,prowl,-34.1,6.0,2026-09-18 03:21:10,2026-09-18 04:28:49,1.13,12,12,
2026-09-18_06-30,prowl,-70.1,3.9,2026-09-18 07:00:56,2026-09-18 08:08:42,1.13,2,2,Orin Ashdown / Perri
2026-09-18_15-33,prowl,-59.1,4.7,2026-09-18 15:44:42,2026-09-18 16:52:46,1.13,2,2,Faron / Talia
2026-09-22_05-11,prowl,-9.1,3.9,2026-09-22 06:53:00,2026-09-22 08:00:36,1.13,2,2,Brannoc / Sable
2026-09-22_12-15,prowl,-1.7,2.0,2026-09-22 12:17:15,2026-09-22 13:24:51,1.13,18,16,
2026-09-22_12-15,prowl,-17.9,2.0,2026-09-22 12:16:34,2026-09-22 13:24:06,1.13,12,11,
2026-09-22_12-15,prowl,-3.4,2.0,2026-09-22 12:16:33,2026-09-22 13:24:13,1.13,8,7,
2026-09-22_18-06,prowl,-11.3,2.0,2026-09-22 18:07:07,2026-09-22 19:14:46,1.13,14,12,
2026-09-22_18-06,prowl,-17.5,2.0,2026-09-22 18:07:58,2026-09-22 19:15:35,1.13,5,5,Bertram / Jarek / Neriah / Perri / Sable
2026-09-25_08-44,prowl,-20.6,6.5,2026-09-25 10:18:39,2026-09-25 11:26:18,1.13,2,1,Edda
2026-09-26_11-45,prowl,-10.1,2.0,2026-09-26 11:53:07,2026-09-26 13:01:04,1.13,23,13,
2026-09-18_00-29,prowl,-63.4,2.0,2026-09-18 00:37:43,2026-09-18 01:44:46,1.12,113,39,
2026-09-18_01-53,prowl,-12.2,2.0,2026-09-18 01:53:32,2026-09-18 03:00:36,1.12,18,16,
2026-09-18_01-53,prowl,-18.6,2.0,2026-09-18 01:53:52,2026-09-18 03:01:03,1.12,6,6,Corwin / Emeric / Emrys / Kelda / Lorcan / Perri Ashdown
2026-09-18_01-53,prowl,-55.1,2.0,2026-09-18 01:53:32,2026-09-18 03:00:49,1.12,4,4,Kerrin Ashdown / Lysa Ashdown / Talia / Yarrow
2026-09-18_01-53,prowl,-70.8,2.0,2026-09-18 01:53:32,2026-09-18 03:00:38,1.12,10,10,
2026-09-18_15-33,prowl,-0.5,2.0,2026-09-18 15:46:46,2026-09-18 16:54:13,1.12,9,8,
2026-09-18_15-33,prowl,-1.9,2.0,2026-09-18 15:50:40,2026-09-18 16:58:00,1.12,15,13,
2026-09-22_02-48,prowl,-11.8,2.0,2026-09-22 02:49:05,2026-09-22 03:56:06,1.12,10,7,
2026-09-22_05-11,prowl,-3.0,3.0,2026-09-22 06:45:07,2026-09-22 07:52:23,1.12,2,2,Calla / Doran
2026-09-22_05-11,unload,-27.5,13.0,2026-09-22 07:17:32,2026-09-22 08:24:27,1.12,3,1,Hale
2026-09-22_12-15,prowl,-0.8,2.0,2026-09-22 12:17:10,2026-09-22 13:24:27,1.12,27,19,
2026-09-22_18-06,prowl,-28.2,2.0,2026-09-22 18:08:09,2026-09-22 19:15:05,1.12,12,11,
2026-09-24_18-32,prowl,-9.0,2.1,2026-09-24 18:40:59,2026-09-24 19:48:26,1.12,2,2,Kerrin / Merrick
2026-09-24_20-06,fletch,-19.7,22.5,2026-09-24 20:07:44,2026-09-24 21:14:43,1.12,22,2,Calla / Doran
2026-09-25_08-44,prowl,-7.9,2.6,2026-09-25 09:45:43,2026-09-25 10:52:39,1.12,2,2,Edda / Perri
2026-09-18_00-29,prowl,-10.4,2.0,2026-09-18 00:31:53,2026-09-18 01:38:23,1.11,5,4,Doran Ashdown / Faron Ashdown / Gerda Ashdown / Oswin
2026-09-18_01-53,prowl,-13.7,2.0,2026-09-18 01:57:09,2026-09-18 03:03:59,1.11,8,7,
2026-09-18_03-05,prowl,-33.6,7.4,2026-09-18 03:22:24,2026-09-18 04:28:47,1.11,6,6,Alaric / Edda Ashdown / Faron Ashdown / Fenna / Perri Ashdown / Torvin
2026-09-18_03-05,prowl,-8.5,2.0,2026-09-18 04:20:41,2026-09-18 05:27:33,1.11,8,6,Fenna / Orin / Quill / Talia / Torvin / Wulfric
2026-09-18_06-30,prowl,-9.3,2.9,2026-09-18 07:50:40,2026-09-18 08:57:23,1.11,4,4,Merrick / Ronan / Sable / Torvin
2026-09-18_15-33,drill-in,-2.3,66.0,2026-09-18 15:34:14,2026-09-18 16:40:56,1.11,34,9,
2026-09-18_15-33,prowl,-2.4,2.0,2026-09-18 15:51:14,2026-09-18 16:57:46,1.11,8,8,
2026-09-18_15-33,prowl,-38.4,2.0,2026-09-18 15:48:30,2026-09-18 16:55:00,1.11,6,6,Alaric / Brannoc / Ilsa Ashdown / Merrick Ashdown / Roderic / Ysolt
2026-09-20_08-22,prowl,-3.9,2.0,2026-09-20 09:20:40,2026-09-20 10:27:00,1.11,2,2,Lorcan / Nessa
2026-09-21_21-58,prowl,-2.9,2.0,2026-09-21 23:36:41,2026-09-22 00:43:35,1.11,2,2,Merrick Ashdown / Pell
2026-09-22_02-48,prowl,-0.2,2.0,2026-09-22 02:49:47,2026-09-22 03:56:08,1.11,9,8,
2026-09-22_09-19,prowl,-1.0,10.3,2026-09-22 09:53:56,2026-09-22 11:00:47,1.11,2,2,Cassia / Nessa
2026-09-22_09-19,prowl,-2.3,2.0,2026-09-22 09:27:36,2026-09-22 10:34:03,1.11,7,4,Calla Ashdown / Orin / Ulla / Wystan
2026-09-22_12-15,prowl,-27.8,2.0,2026-09-22 12:17:09,2026-09-22 13:23:59,1.11,13,11,
2026-09-22_18-06,prowl,-0.3,2.0,2026-09-22 18:10:38,2026-09-22 19:17:30,1.11,18,14,
2026-09-22_18-06,prowl,-6.1,2.0,2026-09-22 18:08:44,2026-09-22 19:15:28,1.11,5,5,Bryn / Garrow / Gerda Ashdown / Hale / Neriah
2026-09-25_08-44,prowl,-12.3,3.6,2026-09-25 10:19:01,2026-09-25 11:25:44,1.11,22,2,Edda / Hale Ashdown
2026-09-25_08-44,prowl,-26.2,8.1,2026-09-25 11:11:48,2026-09-25 12:18:16,1.11,4,2,Brannoc / Edda
2026-09-18_01-53,prowl,-0.6,2.0,2026-09-18 01:53:33,2026-09-18 02:59:50,1.1,13,9,
2026-09-18_01-53,prowl,-26.0,2.0,2026-09-18 01:53:32,2026-09-18 02:59:37,1.1,15,11,
2026-09-18_03-05,prowl,-12.1,2.0,2026-09-18 03:07:05,2026-09-18 04:13:14,1.1,2,2,Brannoc / Calla Ashdown
2026-09-18_06-30,prowl,-23.6,3.0,2026-09-18 08:17:03,2026-09-18 09:23:13,1.1,2,2,Neriah / Orin
2026-09-18_06-30,prowl,-6.7,10.7,2026-09-18 07:02:29,2026-09-18 08:08:32,1.1,3,3,Alaric / Alden Ashdown / Lysa
2026-09-18_15-33,prowl,-25.3,2.0,2026-09-18 15:51:50,2026-09-18 16:58:05,1.1,7,7,
2026-09-18_15-33,prowl,-3.9,2.0,2026-09-18 15:49:51,2026-09-18 16:55:49,1.1,5,5,Alaric / Elspeth / Rowan / Sable / Ysolt
2026-09-18_15-33,prowl,-33.8,2.0,2026-09-18 15:46:27,2026-09-18 16:52:23,1.1,14,11,
2026-09-18_15-33,prowl,-35.0,2.0,2026-09-18 15:48:31,2026-09-18 16:54:19,1.1,9,9,
2026-09-22_09-19,prowl,-23.4,2.0,2026-09-22 09:33:07,2026-09-22 10:39:17,1.1,7,7,
2026-09-22_12-15,prowl,-91.5,2.0,2026-09-22 12:18:14,2026-09-22 13:24:05,1.1,14,12,
2026-09-24_20-06,prowl,-10.9,2.0,2026-09-24 20:09:18,2026-09-24 21:15:17,1.1,7,6,Doran / Merrick / Nessa Ashdown / Oswin / Perri Ashdown / Vance
2026-09-25_08-44,prowl,-12.7,2.5,2026-09-25 10:19:42,2026-09-25 11:25:55,1.1,76,4,Corwin Ashdown / Edda / Jarek Ashdown / Lysa
2026-09-25_08-44,prowl,-15.4,2.0,2026-09-25 14:10:46,2026-09-25 15:16:53,1.1,6,5,Delwyn / Joss Ashdown / Nessa Ashdown / Ulwin Ashdown / Yarrow
2026-09-25_08-44,prowl,-62.0,2.2,2026-09-25 13:58:12,2026-09-25 15:04:20,1.1,2,2,Marek / Vance
2026-09-18_01-53,prowl,-1.0,2.0,2026-09-18 01:53:32,2026-09-18 02:59:09,1.09,7,7,
2026-09-18_01-53,prowl,-17.5,2.0,2026-09-18 01:53:59,2026-09-18 02:59:32,1.09,10,10,
2026-09-18_01-53,prowl,-8.4,2.0,2026-09-18 01:54:53,2026-09-18 03:00:25,1.09,7,7,
2026-09-18_03-05,prowl,-28.6,2.0,2026-09-18 04:09:59,2026-09-18 05:15:21,1.09,7,6,Alaric / Faron Ashdown / Fenna / Kerrin Ashdown / Lysa / Torvin
2026-09-18_15-33,prowl,-87.4,2.0,2026-09-18 15:52:36,2026-09-18 16:58:03,1.09,10,10,
2026-09-20_08-22,prowl,-3.3,2.4,2026-09-20 09:55:03,2026-09-20 11:00:25,1.09,2,2,Calla / Sable
2026-09-21_21-58,prowl,-11.8,2.0,2026-09-21 23:55:54,2026-09-22 01:01:16,1.09,13,11,
2026-09-22_05-11,prowl,-12.9,2.5,2026-09-22 05:11:38,2026-09-22 06:17:06,1.09,30,22,
2026-09-22_05-11,prowl,-7.7,2.0,2026-09-22 06:42:37,2026-09-22 07:48:02,1.09,13,10,
2026-09-22_09-19,prowl,-38.4,4.4,2026-09-22 09:29:58,2026-09-22 10:35:11,1.09,2,2,Bryn / Lysa
2026-09-22_14-02,prowl,-65.1,2.0,2026-09-22 14:03:52,2026-09-22 15:09:26,1.09,5,4,Cassia / Leofric / Merrick / Vance
2026-09-24_20-06,prowl,-10.2,2.0,2026-09-24 20:07:34,2026-09-24 21:13:13,1.09,11,9,
2026-09-25_08-44,prowl,-7.4,2.3,2026-09-25 10:31:08,2026-09-25 11:36:29,1.09,5,1,Edda
2026-09-18_01-53,prowl,-21.4,2.0,2026-09-18 01:54:52,2026-09-18 02:59:49,1.08,4,4,Calla Ashdown / Hollis / Merrick Ashdown / Oswin
2026-09-18_01-53,prowl,-47.3,2.0,2026-09-18 01:54:49,2026-09-18 02:59:29,1.08,6,6,Fenna / Hale / Hollis / Isolde / Kelda / Lysa Ashdown
2026-09-18_03-05,prowl,-0.5,2.0,2026-09-18 03:55:17,2026-09-18 05:00:21,1.08,7,6,Alden Ashdown / Edda Ashdown / Ilsa / Ilsa Ashdown / Quenna / Vance
2026-09-18_03-05,prowl,-33.5,7.8,2026-09-18 03:25:01,2026-09-18 04:29:34,1.08,8,7,
2026-09-18_03-05,prowl,-35.1,2.8,2026-09-18 03:26:05,2026-09-18 04:30:43,1.08,8,6,Emeric / Hollis / Orin / Sable / Ulric / Yarrow
2026-09-18_06-30,prowl,-41.5,7.8,2026-09-18 09:12:21,2026-09-18 10:17:07,1.08,2,2,Orin / Wystan
2026-09-18_06-30,prowl,-6.3,2.8,2026-09-18 09:02:01,2026-09-18 10:06:41,1.08,2,2,Bertram / Faron Ashdown
2026-09-18_15-33,prowl,-10.9,2.0,2026-09-18 15:49:08,2026-09-18 16:54:10,1.08,9,8,
2026-09-18_15-33,prowl,-68.5,2.0,2026-09-18 15:58:11,2026-09-18 17:03:15,1.08,9,9,
2026-09-21_21-58,unload,-9.6,7.5,2026-09-21 22:36:04,2026-09-21 23:40:56,1.08,3,1,Nessa Ashdown
2026-09-22_05-11,prowl,-6.4,2.0,2026-09-22 06:33:43,2026-09-22 07:38:29,1.08,46,21,
2026-09-22_12-15,prowl,-39.3,2.0,2026-09-22 12:16:49,2026-09-22 13:21:20,1.08,21,19,
2026-09-22_14-02,prowl,-0.5,2.0,2026-09-22 14:03:44,2026-09-22 15:08:43,1.08,24,16,
2026-09-22_14-02,prowl,-5.3,2.0,2026-09-22 14:04:31,2026-09-22 15:09:06,1.08,20,13,
2026-09-18_03-05,prowl,-70.0,4.2,2026-09-18 04:07:01,2026-09-18 05:11:12,1.07,2,2,Perri / Selwyn
2026-09-18_15-33,prowl,-25.1,2.0,2026-09-18 15:46:39,2026-09-18 16:50:54,1.07,7,5,Fendrel / Kelda / Kerrin / Quill / Vance
2026-09-20_08-22,drill-in,-21.8,72.0,2026-09-20 08:57:12,2026-09-20 10:01:42,1.07,4,1,Piers
2026-09-20_08-22,prowl,-0.8,2.2,2026-09-20 11:27:56,2026-09-20 12:32:04,1.07,3,2,Corwin / Kerrin
2026-09-22_02-48,band,-0.1,7.5,2026-09-22 02:48:47,2026-09-22 03:52:46,1.07,39,30,
2026-09-22_12-15,prowl,-3.1,2.0,2026-09-22 12:20:22,2026-09-22 13:24:35,1.07,19,16,
2026-09-22_14-02,prowl,-0.1,2.0,2026-09-22 14:05:25,2026-09-22 15:09:26,1.07,26,20,
2026-09-22_14-02,prowl,-91.5,2.0,2026-09-22 14:04:16,2026-09-22 15:08:36,1.07,10,8,
2026-09-22_15-48,prowl,-13.3,2.0,2026-09-22 15:49:05,2026-09-22 16:53:06,1.07,11,10,
2026-09-24_18-32,prowl,-7.1,2.0,2026-09-24 18:50:30,2026-09-24 19:54:41,1.07,12,6,Doran / Gwendra / Merrick / Nessa / Ulla / Vance
2026-09-25_08-44,prowl,-8.1,2.0,2026-09-25 09:57:19,2026-09-25 11:01:33,1.07,34,9,
2026-09-18_00-29,prowl,-17.5,2.0,2026-09-18 00:37:21,2026-09-18 01:41:09,1.06,137,47,
2026-09-18_00-29,prowl,-26.0,2.0,2026-09-18 00:37:20,2026-09-18 01:40:42,1.06,15,14,
2026-09-18_03-05,prowl,-29.1,21.0,2026-09-18 03:19:59,2026-09-18 04:23:23,1.06,2,2,Doran Ashdown / Perri
2026-09-18_03-05,prowl,-35.0,3.3,2026-09-18 03:31:51,2026-09-18 04:35:21,1.06,4,4,Hollis / Lysa / Ronan / Rowan
2026-09-18_06-30,prowl,-25.9,2.5,2026-09-18 07:44:32,2026-09-18 08:48:05,1.06,2,2,Elspeth / Ilsa
2026-09-18_15-33,prowl,-52.8,2.0,2026-09-18 15:52:04,2026-09-18 16:55:38,1.06,8,7,
2026-09-20_08-22,prowl,-2.0,2.1,2026-09-20 11:52:40,2026-09-20 12:56:00,1.06,2,2,Kelda / Orin Ashdown
2026-09-22_02-48,prowl,-3.1,2.0,2026-09-22 02:52:42,2026-09-22 03:56:24,1.06,7,7,
2026-09-22_02-48,prowl,-3.3,2.0,2026-09-22 02:52:34,2026-09-22 03:56:17,1.06,11,5,Doran / Doran Ashdown / Lysa / Ulla / Ulwin
2026-09-22_09-19,prowl,-6.1,2.8,2026-09-22 09:56:19,2026-09-22 10:59:45,1.06,2,2,Kerrin / Sable
2026-09-22_09-19,prowl,-7.2,2.3,2026-09-22 09:24:20,2026-09-22 10:27:49,1.06,2,2,Calla Ashdown / Hale Ashdown
2026-09-22_14-02,prowl,-18.9,2.0,2026-09-22 14:05:58,2026-09-22 15:09:27,1.06,5,5,Hollis / Merrick / Quill / Talia / Wynn
2026-09-22_16-56,prowl,-0.1,2.0,2026-09-22 17:00:12,2026-09-22 18:04:00,1.06,21,15,
2026-09-25_08-44,prowl,-1.2,2.0,2026-09-25 08:55:42,2026-09-25 09:59:03,1.06,6,5,Bryn / Edda / Jarek / Torvin / Wynn
2026-09-25_08-44,prowl,-5.7,7.2,2026-09-25 10:32:23,2026-09-25 11:35:43,1.06,2,2,Edda / Joss
2026-09-18_01-53,prowl,-6.7,2.0,2026-09-18 01:57:09,2026-09-18 03:00:17,1.05,7,6,Aric / Hale / Ilsa / Pell / Ulla / Wulfric
2026-09-18_06-30,prowl,-7.0,9.9,2026-09-18 06:57:46,2026-09-18 08:00:31,1.05,2,2,Dain / Kelda
2026-09-18_15-33,prowl,-0.3,2.0,2026-09-18 15:54:40,2026-09-18 16:57:46,1.05,10,9,
2026-09-18_15-33,prowl,-12.1,2.0,2026-09-18 15:51:59,2026-09-18 16:54:59,1.05,3,3,Sable / Ulric / Wulfric
2026-09-20_08-22,prowl,-4.9,2.8,2026-09-20 10:19:11,2026-09-20 11:22:10,1.05,2,2,Nessa / Sable
2026-09-22_02-48,prowl,-0.6,2.0,2026-09-22 02:49:16,2026-09-22 03:52:15,1.05,15,12,
2026-09-22_05-11,prowl,-4.2,2.0,2026-09-22 06:50:59,2026-09-22 07:54:01,1.05,6,6,Edda / Jorunn / Leofric / Perri / Ulla / Yarrow
2026-09-22_09-19,prowl,-3.0,2.0,2026-09-22 09:26:03,2026-09-22 10:28:49,1.05,32,21,
2026-09-22_14-02,prowl,-24.1,2.0,2026-09-22 14:05:42,2026-09-22 15:08:35,1.05,16,14,
2026-09-22_15-48,prowl,-24.1,2.0,2026-09-22 15:49:35,2026-09-22 16:52:50,1.05,36,18,
2026-09-22_18-06,prowl,-0.2,2.0,2026-09-22 18:07:24,2026-09-22 19:10:34,1.05,15,14,
2026-09-22_18-06,prowl,-29.2,2.0,2026-09-22 18:12:37,2026-09-22 19:15:28,1.05,6,6,Bryn / Bryn Ashdown / Corwin / Lysa / Quenna / Torvin
2026-09-25_08-44,prowl,-2.8,2.6,2026-09-25 10:15:22,2026-09-25 11:18:35,1.05,3,2,Edda / Hale Ashdown
2026-09-25_08-44,prowl,-32.2,3.4,2026-09-25 10:33:54,2026-09-25 11:37:09,1.05,6,2,Edda / Wynn
2026-09-25_08-44,prowl,-6.0,6.5,2026-09-25 10:24:05,2026-09-25 11:27:02,1.05,2,2,Edda / Neriah Ashdown
2026-09-18_03-05,prowl,-33.9,6.5,2026-09-18 03:54:17,2026-09-18 04:56:38,1.04,3,3,Joss Ashdown / Kerrin / Kerrin Ashdown
2026-09-18_06-30,prowl,-37.2,2.7,2026-09-18 07:01:51,2026-09-18 08:04:04,1.04,6,6,Emeric / Hale / Ilsa / Kerrin / Ulla / Wulfric
2026-09-18_15-33,prowl,-0.1,2.0,2026-09-18 15:58:38,2026-09-18 17:01:17,1.04,14,11,
2026-09-22_12-15,prowl,-9.3,2.0,2026-09-22 12:21:45,2026-09-22 13:24:13,1.04,18,11,
2026-09-22_16-56,prowl,-0.5,2.0,2026-09-22 17:03:29,2026-09-22 18:05:51,1.04,20,16,
2026-09-24_20-06,prowl,-7.4,2.0,2026-09-24 20:12:00,2026-09-24 21:14:13,1.04,85,29,
2026-09-18_03-05,band,-0.9,7.5,2026-09-18 03:15:13,2026-09-18 04:16:53,1.03,16,8,
2026-09-18_03-05,prowl,-10.4,2.0,2026-09-18 04:15:24,2026-09-18 05:17:30,1.03,4,4,Kerrin Ashdown / Quill / Wystan / Ysolt
2026-09-18_06-30,prowl,-6.4,2.7,2026-09-18 07:02:07,2026-09-18 08:03:44,1.03,2,2,Emeric / Sable
2026-09-22_02-48,prowl,-1.4,2.0,2026-09-22 02:49:44,2026-09-22 03:51:20,1.03,17,13,
2026-09-22_05-11,unload,-2.0,7.5,2026-09-22 07:54:54,2026-09-22 08:56:57,1.03,8,1,Harlan
2026-09-22_09-19,prowl,-1.9,2.0,2026-09-22 09:20:14,2026-09-22 10:21:47,1.03,6,5,Cassia / Lorcan / Maeve / Perri / Ulla
2026-09-24_20-06,prowl,-2.3,2.0,2026-09-24 20:13:22,2026-09-24 21:15:16,1.03,2,2,Ilsa / Vance
2026-09-25_08-44,prowl,-6.8,2.0,2026-09-25 14:16:19,2026-09-25 15:18:04,1.03,7,7,
2026-09-18_03-05,prowl,-34.3,5.4,2026-09-18 03:31:33,2026-09-18 04:32:59,1.02,16,12,
2026-09-18_06-30,band,-6.1,7.5,2026-09-18 08:36:10,2026-09-18 09:37:27,1.02,15,8,
2026-09-18_15-33,prowl,-28.6,2.0,2026-09-18 15:54:25,2026-09-18 16:55:52,1.02,5,4,Doran Ashdown / Elspeth / Emeric / Torvin
2026-09-22_02-48,prowl,-12.3,2.0,2026-09-22 02:55:13,2026-09-22 03:56:20,1.02,40,25,
2026-09-22_02-48,prowl,-49.2,2.0,2026-09-22 02:49:22,2026-09-22 03:50:17,1.02,4,4,Leofric / Quill / Ulla / Vance
2026-09-22_04-06,prowl,-27.8,2.0,2026-09-22 04:07:20,2026-09-22 05:08:41,1.02,6,6,Kerrin / Lorcan / Quenna / Torvin / Ulla / Wynn
2026-09-22_16-56,prowl,-1.1,2.0,2026-09-22 17:04:13,2026-09-22 18:05:39,1.02,27,15,
2026-09-22_16-56,prowl,-24.1,2.0,2026-09-22 16:59:58,2026-09-22 18:01:15,1.02,201,42,
2026-09-25_08-44,prowl,-15.0,2.0,2026-09-25 14:10:45,2026-09-25 15:12:08,1.02,6,6,Delwyn / Doran Ashdown / Joss Ashdown / Nessa / Perri / Rowan Ashdown
2026-09-18_03-05,prowl,-37.4,2.0,2026-09-18 03:50:06,2026-09-18 04:50:45,1.01,4,4,Fendrel / Perri / Torvin / Ulwin
2026-09-18_15-33,prowl,-0.0,2.0,2026-09-18 15:50:16,2026-09-18 16:50:54,1.01,7,6,Calla Ashdown / Cassia / Ilsa / Nessa Ashdown / Rowan / Vance
2026-09-18_15-33,prowl,-21.4,2.0,2026-09-18 15:59:10,2026-09-18 16:59:35,1.01,9,8,
2026-09-20_08-22,prowl,-11.2,2.0,2026-09-20 12:32:53,2026-09-20 13:33:20,1.01,14,12,
2026-09-20_08-22,prowl,-27.8,2.0,2026-09-20 12:22:15,2026-09-20 13:22:34,1.01,10,8,
2026-09-22_02-48,prowl,-0.1,2.0,2026-09-22 02:52:36,2026-09-22 03:53:21,1.01,47,17,
2026-09-22_04-06,prowl,-18.8,2.0,2026-09-22 04:07:03,2026-09-22 05:07:32,1.01,13,12,
2026-09-22_05-11,prowl,-0.5,2.2,2026-09-22 08:13:29,2026-09-22 09:13:51,1.01,2,2,Quill / Ysolt
2026-09-22_05-11,prowl,-17.8,2.2,2026-09-22 06:24:06,2026-09-22 07:24:35,1.01,2,2,Lysa / Ulla
2026-09-22_05-11,prowl,-3.1,2.0,2026-09-22 08:15:00,2026-09-22 09:15:44,1.01,6,5,Bertram / Ilsa / Kerrin / Lysa / Merrick
2026-09-22_05-11,prowl,-7.1,3.9,2026-09-22 06:49:09,2026-09-22 07:49:49,1.01,2,2,Isolde / Kerrin Ashdown
2026-09-22_12-15,prowl,-1.9,2.0,2026-09-22 12:24:00,2026-09-22 13:24:25,1.01,5,5,Lysa / Nessa / Oswin / Torvin / Vance
2026-09-22_12-15,prowl,-24.1,2.0,2026-09-22 12:16:39,2026-09-22 13:17:31,1.01,17,14,
2026-09-24_20-06,prowl,-28.2,2.0,2026-09-24 20:12:52,2026-09-24 21:13:38,1.01,8,7,
2026-09-24_20-06,prowl,-8.3,2.0,2026-09-24 20:12:15,2026-09-24 21:13:00,1.01,5,5,Delwyn / Edda Ashdown / Kelda / Kerrin Ashdown / Vance
2026-09-25_08-44,prowl,-0.8,2.0,2026-09-25 09:46:05,2026-09-25 10:46:42,1.01,4,4,Brannoc / Hollis Ashdown / Pell Ashdown / Perri
2026-09-25_08-44,prowl,-12.2,3.9,2026-09-25 09:35:17,2026-09-25 10:36:00,1.01,4,4,Edda / Isolde Ashdown / Jorunn / Selwyn
2026-09-25_08-44,prowl,-29.5,3.5,2026-09-25 10:33:19,2026-09-25 11:33:38,1.01,5,3,Bertram / Edda / Pell Ashdown
2026-09-25_08-44,prowl,-3.0,3.2,2026-09-25 10:31:06,2026-09-25 11:31:47,1.01,2,1,Edda
2026-09-18_00-29,prowl,-33.5,2.0,2026-09-18 00:32:14,2026-09-18 01:32:29,1.0,2,2,Doran Ashdown / Merrick
2026-09-18_03-05,prowl,-34.7,4.2,2026-09-18 03:28:48,2026-09-18 04:28:52,1.0,30,13,
2026-09-18_03-05,prowl,-35.3,2.4,2026-09-18 03:26:07,2026-09-18 04:26:11,1.0,10,10,
2026-09-22_05-11,prowl,-0.3,2.7,2026-09-22 06:50:00,2026-09-22 07:50:07,1.0,2,2,Quill / Wystan
2026-09-22_05-11,prowl,-28.6,2.3,2026-09-22 06:50:00,2026-09-22 07:50:09,1.0,3,2,Merrick / Perri Ashdown
2026-09-22_14-02,prowl,-27.8,2.0,2026-09-22 14:04:25,2026-09-22 15:04:37,1.0,6,6,Alden / Calla / Lysa / Marek / Orin Ashdown / Sable
