session,log_start,last_summary,minutes,summaries,segments,bots_reclaimed_at_boot,sales,fills,turnover_gp,city_bought_gp,bot_to_bot_gp,crossed_things,levy_gp,wants_given_up,taken_back_stalls,below_floor_things,npc_earned_gp,npc_spent_gp,city_minted_gp,city_taxed_gp,city_spent_gp,fair_gp,guild_levy_gp,crown_tax_gp,ground_paid_gp,tithe_gp,toll_gp,counter_sold_gp,cooking_lessons_gp,end_stalls,end_stall_things,end_stall_worth_gp,end_wants,end_want_things,end_escrow_gp,end_purses,end_purse_median_gp,end_purse_max_gp,end_purse_max_holder,end_purses_total_gp,end_pockets_gp,end_accounts_gp,end_city_purse_gp,end_chests_gp,end_counter_tills_gp,escrow_max_gp,escrow_max_time,stall_worth_max_gp,purse_max_peak_gp,purse_max_peak_holder,city_taxed_between_summaries_gp,city_tax_kept_gp,city_summaries_at_cap,board_lost_at_restart
2026-09-18_00-12,2026-09-18T00:12:28,2026-09-18T00:17:33,5.1,1,1,,55,35,5163,0,5163,103,90,0,0,9,0,5343,250,0,950,0,0,0,0,8,,0,,315,4025,24877,175,1743,10486,72,248,594,Faron Ashdown the WarriorMage,16636,10675,5961,50,41,1855,10486,2026-09-18T00:17:33,24877,594,Faron Ashdown the WarriorMage,,,0,no
2026-09-18_00-29,2026-09-18T00:29:37,2026-09-18T01:44:43,75.1,15,1,,877,1510,48083,10,48073,1515,2359,56,335,789,50324,45416,3750,0,310,0,5000,564,0,32,,2122,,743,3409,17891,182,910,19599,74,207,2580,Hale the Architect,19506,2850,16656,3640,35,2782,24177,2026-09-18T01:29:43,33728,6407,Hale the Architect,0,0,0,no
2026-09-18_01-53,2026-09-18T01:53:27,2026-09-18T03:03:32,70.1,14,1,,814,1239,50685,20,50665,1144,1987,41,319,678,53742,43089,3500,2500,1020,0,2500,875,2500,37,,2131,,742,3104,14653,198,974,20532,73,232,6615,Hale the Architect,29276,3002,26274,7920,5,1755,22999,2026-09-18T02:48:32,33621,6615,Hale the Architect,2500,2500,0,no
2026-09-18_03-05,2026-09-18T03:05:42,2026-09-18T05:25:49,140.1,28,1,,1604,2586,80789,6479,74310,2352,4042,163,680,1681,106258,79945,7000,2500,8599,6439,2500,1571,2500,47,,5719,,739,4091,12690,172,1042,34962,72,278,3456,Vesna the Mage,34664,1634,33030,8871,0,1627,42422,2026-09-18T05:05:48,33285,5494,Hale the Architect,2500,2500,0,no
2026-09-18_05-28,2026-09-18T05:28:36,2026-09-18T06:28:41,60.1,12,1,,948,1143,54460,9280,45180,1221,2097,22,186,643,35550,36886,3000,0,9280,9255,0,489,0,16,,2414,,730,2817,12888,202,850,19305,74,287,3844,Hale the Architect,25269,1559,23710,2691,10,1807,21597,2026-09-18T06:23:41,39569,3844,Hale the Architect,0,0,0,no
2026-09-18_06-30,2026-09-18T06:30:46,2026-09-18T10:20:53,230.1,46,1,,2313,3901,98164,6820,91344,3307,6127,317,1380,2897,161519,117356,11500,7500,7120,6560,7500,2741,7500,92,,8376,,602,16289,44550,129,1331,66751,74,274,6114,Hale the Architect,40120,4830,35290,14621,12,1514,66751,2026-09-18T10:20:53,44550,11378,Hale the Architect,7500,7500,0,no
2026-09-18_10-25,2026-09-18T10:25:45,2026-09-18T10:30:50,5.1,1,1,,56,53,3735,0,3735,74,109,0,0,11,0,5702,250,5120,5000,0,5000,0,5000,0,,0,,212,3061,22345,168,1626,11245,74,203,367,Ulla the Gatherer,14189,5651,8538,15091,0,1694,11245,2026-09-18T10:30:50,22345,367,Ulla the Gatherer,,,0,no
2026-09-18_10-33,2026-09-18T10:33:17,2026-09-18T10:38:22,5.1,1,1,,33,67,3520,0,3520,150,100,0,0,31,0,5884,250,0,0,0,0,0,0,0,,0,,339,5266,29360,172,1557,10766,74,264,493,Vance the Gatherer,16305,9627,6678,15441,7,1413,10766,2026-09-18T10:38:22,29360,493,Vance the Gatherer,,,0,no
2026-09-18_10-41,2026-09-18T10:41:21,2026-09-18T10:46:26,5.1,1,1,,57,58,5061,0,5061,163,115,0,0,6,0,6178,250,0,0,0,0,0,0,0,,0,,300,4052,27143,170,1578,10089,74,210,651,Maeve the Archer,14811,8700,6111,15791,15,1413,10089,2026-09-18T10:46:26,27143,651,Maeve the Archer,,,0,no
2026-09-18_10-50,2026-09-18T10:50:10,2026-09-18T10:55:15,5.1,1,1,,55,67,4958,0,4958,177,122,0,0,8,0,6024,250,0,0,0,0,0,0,0,,180,,328,4523,28804,173,1621,10541,74,192,555,Vance the Gatherer,14879,7808,7071,16191,15,1413,10541,2026-09-18T10:55:15,28804,555,Vance the Gatherer,,,0,no
2026-09-18_11-04,2026-09-18T11:04:39,2026-09-18T11:29:44,25.1,5,1,,342,457,21484,0,21484,607,799,9,0,117,21579,18110,1250,0,0,0,0,229,0,0,,804,,576,1950,9035,210,880,16612,74,247,951,Hale the Architect,19775,1940,17835,17791,0,1364,16612,2026-09-18T11:29:44,38074,1341,Ilsa the Sage,0,0,0,no
2026-09-18_11-32,2026-09-18T11:32:49,2026-09-18T11:37:54,5.1,1,1,,46,44,3445,0,3445,97,89,0,0,16,0,6930,250,0,0,0,0,0,0,6,,0,,286,4287,27789,177,1637,11265,74,200,749,Ilsa the Sage,14422,8567,5855,18141,6,1506,11265,2026-09-18T11:37:54,27789,749,Ilsa the Sage,,,0,no
2026-09-18_11-38,2026-09-18T11:38:55,2026-09-18T11:59:00,20.1,4,1,,301,265,19361,0,19361,468,560,7,0,99,16092,14633,1000,0,50,0,0,87,0,0,,240,,552,2063,10932,217,1122,14972,74,230,2345,Ilsa the Sage,18994,3470,15524,19091,0,1604,14972,2026-09-18T11:59:00,35061,2345,Ilsa the Sage,0,0,0,no
2026-09-18_12-07,2026-09-18T12:07:09,2026-09-18T12:52:14,45.1,9,1,,598,864,36087,1503,34584,1092,1432,19,106,396,30729,29324,550,281,1553,1503,0,268,0,24,,671,,681,3167,14492,233,994,21729,74,280,1276,Hale the Architect,20983,2547,18436,18697,0,1320,21729,2026-09-18T12:52:14,34430,1392,Ilsa the Sage,281,259,7,no
2026-09-18_12-57,2026-09-18T12:57:29,2026-09-18T13:22:34,25.1,5,1,,506,420,30262,3860,26402,635,820,5,0,136,17301,21078,1250,781,5860,3840,0,176,0,9,,990,,585,1643,13904,210,1158,16776,74,217,1594,Ilsa the Sage,18727,1436,17291,13847,12,1271,16776,2026-09-18T13:22:34,36823,2379,Ulwin the Mage,781,781,0,no
2026-09-18_13-25,2026-09-18T13:25:42,2026-09-18T13:30:47,5.1,1,1,,57,64,4799,0,4799,151,121,0,0,9,0,6122,250,0,0,0,0,0,0,0,,0,,322,4504,27616,171,1577,10316,74,226,1215,Aric the Warrior,15570,8417,7153,13961,12,1271,10316,2026-09-18T13:30:47,27616,1215,Aric the Warrior,,,0,no
2026-09-18_13-33,2026-09-18T13:33:39,2026-09-18T13:58:44,25.1,5,1,,480,426,30851,12650,18201,680,929,5,0,132,12319,14714,1250,0,12650,12650,0,316,0,37,,1028,,602,1132,10397,234,1231,18347,74,309,1144,Hale the Architect,23085,3815,19270,2661,2,1451,18347,2026-09-18T13:58:44,36236,1144,Hale the Architect,0,0,0,no
2026-09-18_14-02,2026-09-18T14:02:05,2026-09-18T14:32:10,30.1,6,1,,413,552,25340,0,25340,679,951,5,0,193,22569,21338,1500,0,0,0,0,189,0,5,,922,,615,1522,8363,221,1094,17507,74,213,1130,Hale the Architect,17229,961,16268,4261,0,1331,17507,2026-09-18T14:32:10,32363,1342,Talia the Mage,0,0,0,no
2026-09-18_14-35,2026-09-18T14:35:43,2026-09-18T15:10:48,35.1,7,1,,505,680,30419,15,30404,861,1148,18,46,191,22543,24215,1750,0,15,0,0,153,0,6,,1110,,662,2924,15979,222,1172,15193,73,194,3242,Hale the Architect,19071,1535,17536,6146,0,1226,15193,2026-09-18T15:10:48,38014,3242,Hale the Architect,0,0,0,no
2026-09-18_15-16,2026-09-18T15:16:07,2026-09-18T15:31:12,15.1,3,1,,217,148,11832,0,11832,296,349,7,0,56,8098,10492,750,428,0,0,0,0,0,9,,16,,470,3861,19666,206,1294,13025,74,271,699,Ulwin the Mage,17849,6998,10851,7524,9,1177,13025,2026-09-18T15:31:12,35157,699,Ulwin the Mage,428,428,0,no
2026-09-18_15-33,2026-09-18T15:33:08,2026-09-18T17:03:14,90.1,18,1,,1156,1626,59531,10024,49507,1604,2734,53,348,1138,56368,50689,4500,0,10074,10014,0,1166,0,31,,3324,,727,2728,8467,213,984,22744,74,241,9380,Hale the Architect,32829,3536,29293,2000,5,1129,22744,2026-09-18T17:03:14,35404,9380,Hale the Architect,0,0,0,no
2026-09-18_17-05,2026-09-18T17:05:41,2026-09-18T17:10:47,5.1,1,1,,59,60,5341,0,5341,141,119,0,0,8,0,6722,250,0,0,0,0,0,0,0,,0,,244,3059,21990,173,1604,10739,74,218,611,Wynn the Warrior,14624,8111,6513,2300,0,1129,10739,2026-09-18T17:10:47,21990,611,Wynn the Warrior,,,0,no
2026-09-18_17-13,2026-09-18T17:13:04,2026-09-18T17:23:09,10.1,2,1,,71,79,5807,0,5807,190,150,0,0,24,0,7334,500,0,0,0,0,0,0,3,,16,,391,6059,34758,189,1541,11645,74,186,527,Gerda Ashdown the WarriorMage,14374,7356,7018,2850,3,1145,11645,2026-09-18T17:23:09,34758,527,Gerda Ashdown the WarriorMage,0,0,0,no
2026-09-18_17-27,2026-09-18T17:27:55,2026-09-18T17:58:01,30.1,6,1,,404,652,26778,0,26778,842,1048,8,0,159,22563,23462,1500,340,1000,0,0,147,0,20,,1068,,630,2109,9556,213,986,15610,74,205,2114,Hale the Architect,20356,1996,18360,3890,9,1239,15955,2026-09-18T17:53:00,37164,2114,Hale the Architect,0,0,0,no
2026-09-18_17-59,2026-09-18T17:59:37,2026-09-18T18:04:43,5.1,1,1,,44,52,4168,0,4168,141,95,0,0,12,0,6156,250,0,0,0,0,0,0,0,,0,,305,4232,26766,179,1626,11196,74,208,845,Alden Ashdown the WarriorMage,14784,8173,6611,4090,5,1179,11196,2026-09-18T18:04:43,26766,845,Alden Ashdown the WarriorMage,,,0,no
2026-09-18_18-07,2026-09-18T18:07:31,2026-09-18T18:37:36,30.1,6,1,,460,665,25499,3689,21810,838,1123,7,0,176,23105,23811,1500,0,3689,3689,0,119,0,19,,1016,,612,2006,10628,225,899,16639,73,230,753,Orin the Gatherer,18665,2008,16657,2001,15,1359,16639,2026-09-18T18:37:36,38274,1215,Ilsa the Sage,0,0,0,no
2026-09-18_18-41,2026-09-18T18:41:58,2026-09-18T19:02:03,20.1,4,1,,342,290,18549,0,18549,453,632,3,0,116,15970,15891,1000,0,0,0,0,165,0,0,,240,,554,2727,15053,214,1155,15169,74,243,646,Sable the Gatherer,18110,3488,14622,3151,0,1129,15169,2026-09-18T19:02:03,35046,758,Ilsa the Sage,0,0,0,no
2026-09-18_19-03,2026-09-18T19:03:14,2026-09-18T19:08:19,5.1,1,1,,49,46,4375,0,4375,94,95,0,0,5,0,6260,250,0,0,0,0,0,0,0,,0,,316,4179,27433,173,1677,10682,74,222,404,Selwyn the Archer,15182,8765,6417,3401,0,1129,10682,2026-09-18T19:08:19,27433,404,Selwyn the Archer,,,0,no
2026-09-18_19-09,2026-09-18T19:09:22,2026-09-18T19:14:27,5.1,1,1,,42,44,4149,0,4149,110,86,0,0,1,0,6144,250,0,0,0,0,0,0,0,,0,,283,3895,26865,172,1729,10774,74,221,786,Gerda Ashdown the WarriorMage,14968,8546,6422,3651,0,1129,10774,2026-09-18T19:14:27,26865,786,Gerda Ashdown the WarriorMage,,,0,no
2026-09-18_19-17,2026-09-18T19:17:26,2026-09-18T19:22:32,5.1,1,1,,54,51,4768,0,4768,155,101,0,0,11,0,5922,250,0,0,0,0,0,0,0,,60,,297,4116,26532,166,1635,9832,74,240,426,Ilsa the Sage,16185,9292,6893,4001,11,1129,9832,2026-09-18T19:22:32,26532,426,Ilsa the Sage,,,0,no
2026-09-18_19-25,2026-09-18T19:25:08,2026-09-18T19:30:13,5.1,1,1,,53,49,4608,0,4608,118,102,0,0,9,0,6236,250,0,0,0,0,0,0,0,,0,,293,4053,29326,174,1644,10317,74,226,598,Calla Ashdown the WarriorMage,14944,8508,6436,4351,11,1129,10317,2026-09-18T19:30:13,29326,598,Calla Ashdown the WarriorMage,,,0,no
2026-09-18_19-34,2026-09-18T19:34:52,2026-09-18T19:39:57,5.1,1,1,0,37,48,3360,0,3360,145,85,0,0,13,0,6282,250,0,0,0,0,0,0,0,,60,,291,4411,27574,177,1640,10312,74,214,598,Perri Ashdown the WarriorArcher,15797,10300,5497,4801,11,1080,10312,2026-09-18T19:39:57,27574,598,Perri Ashdown the WarriorArcher,,,0,yes
2026-09-18_19-43,2026-09-18T19:43:41,2026-09-18T19:58:47,15.1,3,1,80,0,0,0,0,0,0,0,0,0,0,0,0,750,0,0,0,0,0,0,0,,0,,0,0,0,0,0,0,74,225,572,Pell the Archer,15842,7815,8027,5701,11,1080,0,2026-09-18T19:48:47,0,572,Pell the Archer,0,0,0,yes
2026-09-18_20-02,2026-09-18T20:02:59,2026-09-18T20:33:04,30.1,6,1,80,349,440,15860,4376,11484,401,774,5,0,271,8134,8130,1500,0,4376,4376,0,25,0,0,,150,,481,1060,6183,192,904,11199,74,265,965,Hale the Architect,18726,2765,15961,2975,11,1159,11557,2026-09-18T20:28:04,14605,965,Hale the Architect,0,0,0,yes
2026-09-20_08-22,2026-09-20T08:22:02,2026-09-20T13:32:09,310.1,62,1,80,2323,5070,92527,15453,77074,3031,7307,304,2084,3685,196623,104716,15500,0,16051,11992,0,0,0,0,,0,,628,55497,126364,117,1683,104041,79,831,10067,Hale the Architect,100094,8404,91690,1700,0,0,104041,2026-09-20T13:32:09,128076,14743,Hale the Architect,0,0,0,yes
2026-09-21_18-06,2026-09-21T18:06:44,2026-09-21T18:11:50,5.1,1,1,80,35,190,2459,0,2459,126,224,0,0,89,0,5823,250,0,0,0,21900,0,0,0,,0,,171,1268,6666,160,721,9143,78,317,10160,Hale the Architect,62279,3755,58524,1800,0,3000,9143,2026-09-21T18:11:50,6666,10160,Hale the Architect,,,0,yes
2026-09-21_18-12,2026-09-21T18:12:34,2026-09-21T18:17:39,5.1,1,1,79,43,113,2514,0,2514,85,151,0,0,81,0,1908,250,0,0,0,0,0,0,0,,200,,164,1606,9619,128,711,6484,79,381,10543,Hale the Architect,56303,3177,53126,2050,0,3200,6484,2026-09-21T18:17:39,9619,10543,Hale the Architect,,,0,yes
2026-09-21_18-25,2026-09-21T18:25:08,2026-09-21T18:40:13,15.1,3,1,80,64,218,4330,0,4330,186,271,0,0,144,3038,4537,750,0,0,0,0,0,0,1,,0,,201,1652,6776,133,423,6750,78,197,12185,Hale the Architect,44404,2815,41589,3100,1,3200,6750,2026-09-21T18:40:13,9254,12185,Hale the Architect,0,0,0,yes
2026-09-21_18-49,2026-09-21T18:49:14,2026-09-21T18:59:19,10.1,2,1,80,26,104,1638,0,1638,40,128,0,0,135,0,2325,500,5000,0,0,5000,0,5000,21,,0,,190,2881,15029,105,292,5007,75,102,12067,Hale the Architect,28043,1836,26207,8900,23,3320,5007,2026-09-21T18:59:19,15029,12067,Hale the Architect,0,0,0,yes
2026-09-21_21-58,2026-09-21T21:58:51,2026-09-22T01:03:57,185.1,37,1,80,1594,3327,74832,16279,58553,2000,4745,172,612,4057,72136,85299,9250,10000,16379,16126,16000,3707,10000,193,,10259,,623,1969,7633,113,763,23428,79,273,35996,Hale the Architect,55269,1632,53637,11771,90,5156,23428,2026-09-22T01:03:57,14404,35996,Hale the Architect,10000,10000,0,yes
2026-09-22_02-48,2026-09-22T02:48:41,2026-09-22T03:53:46,65.1,13,1,80,718,1180,39790,15297,24493,839,1890,6,132,1665,16025,19508,3250,12500,15297,14899,12500,1222,12500,168,,5515,,672,1651,7870,165,898,10440,79,288,40611,Hale the Architect,65775,3101,62674,12102,53,4884,10440,2026-09-22T03:53:46,14539,40611,Hale the Architect,12500,12500,0,yes
2026-09-22_03-57,2026-09-22T03:57:24,2026-09-22T04:02:29,5.1,1,1,80,79,196,4983,144,4839,82,264,0,0,124,0,2376,250,0,144,0,0,0,0,33,,311,,229,2426,12347,114,626,3947,79,189,41544,Hale the Architect,60356,750,59606,12358,90,4805,3947,2026-09-22T04:02:29,12347,41544,Hale the Architect,,,0,yes
2026-09-22_04-06,2026-09-22T04:06:49,2026-09-22T05:06:55,60.1,12,1,80,417,899,22665,0,22665,732,1242,11,184,1098,35614,21645,2250,20000,150,0,20000,1081,20000,173,,5210,,695,3858,12629,147,712,7019,79,286,47307,Hale the Architect,68667,2339,66328,20000,27,5861,7019,2026-09-22T05:06:55,15292,47307,Hale the Architect,20000,5442,4,yes
2026-09-22_05-11,2026-09-22T05:11:33,2026-09-22T09:16:40,245.1,49,1,80,3031,4850,143909,51608,92301,2814,7717,122,1407,5688,121739,110374,6511,95000,51808,51348,95000,11283,95000,799,,28516,,816,3678,11319,69,843,11103,79,337,61889,Hale the Architect,99251,4952,94299,20000,23,5520,11103,2026-09-22T09:16:40,38312,61889,Hale the Architect,95000,45297,24,yes
2026-09-22_09-19,2026-09-22T09:19:35,2026-09-22T10:59:40,100.1,20,1,80,843,1593,35169,0,35169,1294,2407,23,434,2357,65844,38151,1010,58000,60,0,58000,5696,58000,448,,10826,,853,3980,15961,89,747,7877,79,328,62916,Hale the Architect,96692,7064,89628,20950,67,5915,7877,2026-09-22T10:59:40,17983,62916,Hale the Architect,58000,0,17,yes
2026-09-22_11-04,2026-09-22T11:04:44,2026-09-22T11:34:49,30.1,6,1,80,331,492,14298,0,14298,506,797,5,0,641,19420,13014,0,10000,200,0,10000,656,10000,179,,3776,,635,9445,27767,80,792,3806,79,329,62414,Hale the Architect,103027,10539,92488,20750,54,5311,3806,2026-09-22T11:34:49,27767,62610,Hale the Architect,10000,0,6,yes
2026-09-22_11-40,2026-09-22T11:40:05,2026-09-22T12:10:10,30.1,6,1,80,269,552,11300,0,11300,283,811,2,0,885,14957,8844,0,27500,100,0,27500,1917,27500,111,,3384,,656,3627,11273,56,378,2428,79,338,62153,Hale the Architect,99694,10122,89572,20650,0,5333,2495,2026-09-22T12:05:10,18191,62199,Hale the Architect,27500,0,6,yes
2026-09-22_12-15,2026-09-22T12:15:23,2026-09-22T13:20:29,65.1,13,1,80,765,1379,40853,21970,18883,385,2206,12,150,1359,41359,27708,1950,44500,21970,21930,44500,4548,44500,318,,7534,,838,15310,46139,99,1289,6012,79,420,62531,Hale the Architect,112991,7903,105088,15841,10,5122,6012,2026-09-22T13:20:29,46139,62531,Hale the Architect,44500,15211,4,yes
2026-09-22_13-25,2026-09-22T13:25:31,2026-09-22T14:00:36,35.1,7,1,80,351,763,16585,0,16585,353,1090,5,51,1185,20669,14841,1100,25000,400,0,25000,2477,25000,130,,4207,,576,2627,11348,65,466,3107,79,414,62213,Hale the Architect,105599,6640,98959,20000,0,5119,3107,2026-09-22T14:00:36,24005,62266,Hale the Architect,22500,4482,3,yes
2026-09-22_14-02,2026-09-22T14:02:52,2026-09-22T15:07:57,65.1,13,1,80,617,1184,26950,200,26750,694,1778,14,206,1763,41141,25621,50,22018,200,0,21500,5594,21500,246,,7721,,866,3210,9441,80,558,5882,79,385,63011,Hale the Architect,117115,6886,110229,20000,0,4970,5882,2026-09-22T15:07:57,20084,63011,Hale the Architect,22018,150,13,yes
2026-09-22_15-10,2026-09-22T15:10:59,2026-09-22T15:46:04,35.1,7,1,80,520,812,29862,10448,19414,823,1316,2,14,833,13102,18905,750,2500,10448,10398,2500,3238,2500,187,,3909,,628,1382,6306,101,1210,4560,79,421,59940,Hale the Architect,119705,2294,117411,12802,1,4967,4560,2026-09-22T15:46:04,19993,62257,Hale the Architect,2500,2500,4,yes
2026-09-22_15-48,2026-09-22T15:48:21,2026-09-22T16:53:26,65.1,13,1,80,786,1254,37033,11833,25200,1020,2021,16,182,1650,33718,26454,1700,43500,11833,11833,43500,5135,43500,318,,6309,,878,1669,6600,90,922,5387,78,401,62125,Hale the Architect,116648,6011,110637,13601,93,5024,5387,2026-09-22T16:53:26,22790,62191,Hale the Architect,43500,10932,6,yes
2026-09-22_16-56,2026-09-22T16:56:16,2026-09-22T18:01:22,65.1,13,1,80,865,1425,36583,13448,23135,1033,2272,12,108,1382,39418,24055,2750,34500,13448,13448,34500,5488,34500,240,,6104,,850,7084,16736,96,1238,5059,79,457,63288,Hale the Architect,125951,9341,116610,13990,5,4704,5059,2026-09-22T18:01:22,20641,63288,Hale the Architect,34500,8748,2,yes
2026-09-22_18-06,2026-09-22T18:06:31,2026-09-22T19:16:37,70.1,14,1,80,1061,1515,45408,20761,24647,1197,2560,10,203,1496,29855,25469,3300,51500,20791,20741,56500,4951,51500,345,,7274,,948,3445,11232,95,931,5122,79,358,64220,Hale the Architect,113600,6952,106648,18876,45,4784,5122,2026-09-22T19:16:37,20596,64539,Hale the Architect,51500,23675,1,yes
2026-09-24_01-56,2026-09-24T01:56:49,2026-09-24T02:06:55,10.1,2,1,80,106,333,7522,0,7522,313,419,0,0,209,0,2696,100,5000,0,0,5000,0,5000,108,,269,,395,3222,25655,80,964,2910,79,309,64430,Hale the Architect,115349,7235,108114,20000,143,4784,3067,2026-09-24T02:01:55,25655,64430,Hale the Architect,2500,0,2,yes
2026-09-24_02-12,2026-09-24T02:12:23,2026-09-24T02:42:28,30.1,6,1,80,268,488,12256,2828,9428,382,752,5,0,666,18519,10717,600,7500,2828,2328,7500,1268,7500,118,,3206,,568,3359,12585,69,646,3015,79,324,64432,Hale the Architect,123353,7680,115673,18998,38,4484,3015,2026-09-24T02:42:28,19164,64432,Hale the Architect,7500,1226,3,yes
2026-09-24_02-44,2026-09-24T02:44:01,2026-09-24T02:49:06,5.1,1,1,80,44,129,2971,0,2971,131,171,0,0,52,0,1786,250,0,0,0,0,0,0,5,,22,,170,1934,11381,51,565,1940,79,243,64169,Hale the Architect,118788,4926,113862,19056,5,4484,1940,2026-09-24T02:49:06,11381,64169,Hale the Architect,,,0,yes
2026-09-24_02-53,2026-09-24T02:53:01,2026-09-24T03:28:06,35.1,7,1,80,416,307,16457,8059,8398,453,728,8,14,690,12910,8973,1464,19000,8059,8039,19000,1737,19000,139,,2769,8645,581,1050,4071,102,1340,6998,67,267,63576,Hale the Architect,100294,4688,95606,19232,0,4708,6998,2026-09-24T03:28:06,17159,63682,Hale the Architect,19000,6621,1,yes
2026-09-24_03-29,2026-09-24T03:29:30,2026-09-24T04:14:35,45.1,9,1,80,213,265,9368,40,9328,389,475,6,96,521,22033,9742,1058,0,240,0,0,1437,0,130,,2068,2356,513,1833,8422,88,1236,7467,58,249,64365,Hale the Architect,107519,7649,99870,20000,32,4256,7467,2026-09-24T04:14:35,19523,64365,Hale the Architect,0,0,6,yes
2026-09-24_04-15,2026-09-24T04:15:56,2026-09-24T04:56:01,40.1,8,1,82,382,297,15565,6146,9419,462,663,4,20,449,13856,7677,950,2500,6246,6146,2500,2245,2500,185,,2981,1143,483,778,2329,80,1000,6500,43,392,64731,Hale the Architect,88117,6438,81679,14704,6,4256,6500,2026-09-24T04:56:01,21798,64843,Hale the Architect,2500,0,4,yes
2026-09-24_05-00,2026-09-24T05:00:28,2026-09-24T05:40:33,40.1,8,1,82,274,204,14633,5850,8783,366,477,1,28,286,18220,8932,1674,27500,5850,5850,27500,3168,27500,180,,2186,1338,413,688,3218,62,714,4791,41,344,65321,Hale the Architect,85343,7079,78264,19183,37,4387,4791,2026-09-24T05:40:33,15498,65321,Hale the Architect,27500,9733,1,yes
2026-09-24_05-45,2026-09-24T05:45:20,2026-09-24T06:30:25,45.1,9,1,82,230,229,11831,30,11801,322,456,2,70,226,19112,7375,1030,19500,30,0,19500,1579,19500,216,,3526,563,412,2704,16011,58,726,5034,42,415,64285,Hale the Architect,86725,6236,80489,20000,68,4446,5034,2026-09-24T06:30:25,16011,65808,Hale the Architect,19500,2892,5,yes
2026-09-24_06-33,2026-09-24T06:33:37,2026-09-24T06:48:41,15.1,3,1,84,126,91,8871,0,8871,200,217,0,0,149,1256,2777,0,0,0,0,0,949,0,147,,684,234,245,1771,14555,52,682,2932,42,450,60437,Hale the Architect,84331,1915,82416,20000,14,4506,2932,2026-09-24T06:48:41,14555,64009,Hale the Architect,0,0,3,yes
2026-09-24_06-50,2026-09-24T06:50:53,2026-09-24T07:15:58,25.1,5,1,84,142,126,6537,1505,5032,229,266,0,0,129,7647,7231,200,0,1505,1505,0,1037,0,77,,1907,291,265,1733,6480,57,638,3404,38,347,60320,Hale the Architect,83729,955,82774,18695,5,4446,3404,2026-09-24T07:15:58,11601,60320,Hale the Architect,0,0,4,yes
2026-09-24_07-19,2026-09-24T07:19:48,2026-09-24T07:59:53,40.1,8,1,84,218,358,14368,70,14298,547,546,5,39,359,10860,12855,2000,0,70,0,0,2125,0,164,,2219,100,391,2003,9982,60,699,4071,42,300,60518,Hale the Architect,88822,2703,86119,19862,82,3870,4071,2026-09-24T07:59:53,10912,60553,Hale the Architect,0,0,0,yes
2026-09-24_08-04,2026-09-24T08:04:38,2026-09-24T08:44:43,40.1,8,1,84,239,263,14226,20,14206,467,479,4,45,245,20623,7121,20,10000,20,0,10000,3064,10000,144,,2260,636,427,2502,10685,65,735,5032,43,321,61447,Hale the Architect,94086,3568,90518,20000,22,3790,5032,2026-09-24T08:44:43,15490,61447,Hale the Architect,10000,0,8,yes
2026-09-24_08-45,2026-09-24T08:45:21,2026-09-24T09:30:27,45.1,9,1,86,185,222,9291,0,9291,372,404,5,45,316,15076,9574,0,23500,0,0,23500,2199,23500,163,,1118,285,458,2477,11761,61,622,5043,44,294,62301,Hale the Architect,80745,3354,77391,20000,51,3910,5043,2026-09-24T09:30:27,12694,62301,Hale the Architect,23500,0,9,yes
2026-09-24_09-30,2026-09-24T09:30:35,2026-09-24T09:50:40,20.1,4,1,86,97,129,5278,0,5278,260,225,1,0,125,9318,5197,0,0,0,0,0,849,0,75,,644,323,286,2658,10924,64,706,3950,46,347,62905,Hale the Architect,86545,8045,78500,20000,31,3739,3950,2026-09-24T09:50:40,14147,62905,Hale the Architect,0,0,4,yes
2026-09-24_09-54,2026-09-24T09:54:32,2026-09-24T10:09:37,15.1,3,1,86,45,67,2417,0,2417,130,0,0,0,72,2751,2455,350,0,0,0,0,0,0,63,,230,252,217,2013,8793,57,661,3350,43,278,14478,Joss the Brawler,39441,6545,32896,20000,105,3548,3350,2026-09-24T10:09:37,10889,14494,Joss the Brawler,0,0,2,yes
2026-09-24_10-13,2026-09-24T10:13:40,2026-09-24T10:18:44,5.1,1,1,88,22,37,1251,0,1251,84,0,0,0,60,0,1056,0,0,0,0,0,0,0,37,,22,0,122,1685,8692,34,402,1583,42,259,14639,Joss the Brawler,35302,3292,32010,20000,56,3548,1583,2026-09-24T10:18:44,8692,14639,Joss the Brawler,,,1,yes
2026-09-24_10-20,2026-09-24T10:20:55,2026-09-24T10:56:00,35.1,7,1,88,80,114,3687,0,3687,213,0,1,32,176,16594,11203,0,0,500,0,0,2679,0,124,,2667,591,303,1781,6033,61,606,4742,37,258,14592,Joss the Brawler,34321,2173,32148,20000,55,3548,4742,2026-09-24T10:56:00,11202,14758,Joss the Brawler,0,0,7,yes
2026-09-24_11-00,2026-09-24T11:00:21,2026-09-24T11:45:26,45.1,9,1,88,279,196,11941,3130,8811,255,0,3,61,240,25850,14854,200,10000,3130,3080,10000,3721,10000,301,,3302,1985,504,2399,11365,82,848,7795,53,316,15595,Joss the Brawler,48835,1792,47043,19308,66,3498,7795,2026-09-24T11:45:26,16268,15670,Joss the Brawler,10000,2238,8,yes
2026-09-24_11-47,2026-09-24T11:47:56,2026-09-24T12:28:01,40.1,8,1,88,193,197,9611,20,9591,298,0,8,54,198,25144,10546,870,7500,20,0,7500,4246,7500,229,,1796,726,493,2709,12193,92,1012,9122,52,390,14758,Joss the Brawler,56084,3040,53044,20000,57,3415,9122,2026-09-24T12:28:01,16153,14939,Joss the Brawler,7500,1132,5,yes
2026-09-24_12-31,2026-09-24T12:31:19,2026-09-24T13:21:24,50.1,10,1,90,233,265,11527,30,11497,483,0,10,95,367,25561,11562,130,37500,130,0,37500,2490,37500,304,,2303,0,506,4285,15319,89,872,8417,57,322,14799,Joss the Brawler,49026,3673,45353,20000,115,3608,8417,2026-09-24T13:21:24,15319,14926,Joss the Brawler,37500,0,10,yes
2026-09-24_13-23,2026-09-24T13:23:58,2026-09-24T13:59:03,35.1,7,1,90,199,147,9402,2398,7004,195,0,3,27,130,15845,9219,150,7500,2398,2398,7500,2108,7500,112,,1624,320,395,1236,6624,95,1053,8361,62,300,14962,Joss the Brawler,54217,2318,51899,20000,7,3244,8361,2026-09-24T13:59:03,13632,15121,Joss the Brawler,7500,2248,7,yes
2026-09-24_14-03,2026-09-24T14:03:46,2026-09-24T14:13:51,10.1,2,1,90,76,103,4533,0,4533,138,0,0,0,118,0,2485,500,0,0,0,0,0,0,83,,248,0,235,1859,12834,71,909,4128,63,264,15100,Joss the Brawler,56372,2566,53806,17919,157,3041,4128,2026-09-24T14:13:51,12834,15100,Joss the Brawler,0,0,0,yes
2026-09-24_14-14,2026-09-24T14:14:54,2026-09-24T14:44:59,30.1,6,1,92,332,166,19639,11875,7764,237,0,2,0,277,6832,6657,1500,10000,11875,11825,10000,1186,10000,328,,1710,510,480,2934,12078,87,1095,7014,59,300,15117,Joss the Brawler,57010,1840,55170,17544,283,3101,7014,2026-09-24T14:44:59,15422,15117,Joss the Brawler,10000,10000,0,yes
2026-09-24_14-47,2026-09-24T14:47:07,2026-09-24T15:27:12,40.1,8,1,92,212,313,12177,0,12177,537,122,4,80,352,22141,7076,850,2500,100,0,2500,3421,2500,206,,1107,273,481,2778,12311,88,954,7314,49,504,62647,Hale the Architect,127602,5302,122300,20000,61,3041,7314,2026-09-24T15:27:12,18216,62913,Hale the Architect,2500,1785,5,yes
2026-09-24_15-31,2026-09-24T15:31:53,2026-09-24T16:11:59,40.1,8,1,92,118,236,7797,360,7437,357,347,3,47,316,15312,6664,380,0,380,0,0,1707,0,183,,1984,102,378,4010,15917,67,857,5507,51,447,63019,Hale the Architect,120378,4962,115416,20000,17,2785,5507,2026-09-24T16:11:59,15917,63086,Hale the Architect,0,0,7,yes
2026-09-24_16-14,2026-09-24T16:14:27,2026-09-24T16:59:33,45.1,9,1,94,224,350,11997,0,11997,575,563,5,99,379,26032,9253,750,12500,0,0,12500,2399,12500,189,,1822,548,576,3863,13197,93,1081,8182,60,359,63704,Hale the Architect,133723,8063,125660,20550,61,2785,8182,2026-09-24T16:59:33,17098,63704,Hale the Architect,10000,0,7,yes
2026-09-24_17-03,2026-09-24T17:03:10,2026-09-24T18:03:16,60.1,12,1,94,238,413,13870,20,13850,802,630,7,116,442,18299,11598,0,5000,20,0,5000,4830,5000,342,,2845,0,483,1853,6449,92,1116,9954,74,220,64050,Hale the Architect,140854,6781,134073,20530,233,3138,9954,2026-09-24T18:03:16,17536,64352,Hale the Architect,5000,0,12,yes
2026-09-24_18-06,2026-09-24T18:06:38,2026-09-24T18:31:43,25.1,5,1,94,138,99,8474,4262,4212,219,238,1,0,274,10119,3034,200,0,4362,4262,0,1734,0,129,,388,322,260,1058,3221,63,917,5077,76,286,64291,Hale the Architect,148973,8144,140829,16368,252,2532,5077,2026-09-24T18:31:43,16224,64291,Hale the Architect,0,0,4,yes
2026-09-24_18-32,2026-09-24T18:32:25,2026-09-24T19:57:32,85.1,17,1,96,850,684,40400,15533,24867,974,1522,11,168,1022,33066,26465,3950,31500,15793,15413,31500,6931,31500,485,,3867,272,591,1574,5546,107,1071,12609,53,300,65296,Hale the Architect,98139,6793,91346,13608,438,3481,12609,2026-09-24T19:57:32,23896,65296,Hale the Architect,31500,9083,1,yes
2026-09-24_20-06,2026-09-24T20:06:00,2026-09-24T21:16:06,70.1,14,1,96,249,494,13777,0,13777,698,722,7,168,752,30433,16788,2257,5000,100,0,5000,6955,5000,300,,2917,597,497,3358,13469,69,755,7621,52,344,66408,Hale the Architect,104226,8368,95858,20000,7,3507,7621,2026-09-24T21:16:06,15620,66408,Hale the Architect,5000,2500,5,yes
2026-09-25_06-17,2026-09-25T06:17:44,2026-09-25T06:27:51,10.1,2,1,98,120,185,7861,0,7861,242,302,0,0,351,0,3503,0,0,0,0,0,0,0,184,,611,0,466,5180,31928,108,1317,5749,85,274,66164,Hale the Architect,149977,8412,141565,20000,213,3346,5749,2026-09-25T06:27:51,31928,66232,Hale the Architect,0,0,2,yes
2026-09-25_06-29,2026-09-25T06:29:34,2026-09-25T06:59:39,30.1,6,1,100,292,336,16593,0,16593,576,617,4,0,760,19299,10027,0,7500,0,0,7500,1884,7500,225,,1616,306,638,3707,11118,108,1288,8269,78,331,65720,Hale the Architect,150370,9716,140654,20000,201,3627,8269,2026-09-25T06:59:39,23482,65810,Hale the Architect,7500,0,6,yes
2026-09-25_07-04,2026-09-25T07:04:02,2026-09-25T07:54:07,50.1,10,1,100,836,422,32404,16549,15855,467,786,8,42,947,15557,13974,2300,35000,16549,16549,35000,5161,35000,233,,2341,0,741,1605,6662,98,1167,9243,74,358,33269,Faron the Captain,80985,1425,79560,12667,9,3269,9243,2026-09-25T07:54:07,13768,65829,Hale the Architect,35000,8618,0,yes
2026-09-25_07-56,2026-09-25T07:56:14,2026-09-25T08:41:19,45.1,9,1,100,326,308,14886,3033,11853,431,0,8,95,810,26058,11880,890,12500,3033,2993,12500,2216,12500,324,,1577,0,655,4451,15854,98,1155,9205,72,362,37191,Faron the Captain,94246,3630,90616,17207,66,3269,9205,2026-09-25T08:41:19,23137,37191,Faron the Captain,12500,7167,6,yes
2026-09-25_08-44,2026-09-25T08:44:21,2026-09-25T15:14:31,390.2,78,1,102,3228,2923,242199,63912,178287,2823,1846,153,1480,3376,207244,124898,12767,203000,64072,63806,208000,41964,203000,2140,,18220,2366,671,5808,16500,82,737,8433,59,320,62873,Hale the Architect,124721,5600,119121,20000,66,3388,70732,2026-09-25T13:39:30,24755,63938,Hale the Architect,203000,55374,27,yes
2026-09-25_15-18,2026-09-25T15:18:48,2026-09-25T15:33:54,15.1,3,1,108,101,153,5518,0,5518,184,252,0,0,109,6575,2995,0,2500,0,0,2500,0,2500,144,,44,0,309,3325,15864,60,646,3027,59,293,62498,Hale the Architect,125411,5653,119758,20000,74,3388,3027,2026-09-25T15:33:54,20867,62620,Hale the Architect,2500,0,3,yes
2026-09-25_15-35,2026-09-25T15:35:01,2026-09-25T16:05:06,30.1,6,1,108,327,196,15517,9382,6135,270,530,3,0,223,13846,5839,400,10000,9382,9382,10000,1683,10000,229,,738,530,456,596,1682,81,964,5356,61,336,62773,Hale the Architect,133500,5964,127536,18114,57,3385,5356,2026-09-25T16:05:06,16054,62773,Hale the Architect,10000,7096,5,yes
2026-09-25_16-05,2026-09-25T16:05:49,2026-09-25T16:50:54,45.1,9,1,108,248,274,10302,20,10282,391,511,0,83,325,22903,11419,750,27000,20,0,27000,3865,27000,246,,1177,306,612,3000,12710,102,1280,8962,55,389,63495,Hale the Architect,139614,11550,128064,20136,85,3504,8962,2026-09-25T16:50:54,15709,63658,Hale the Architect,27000,1136,6,yes
2026-09-25_16-51,2026-09-25T16:51:28,2026-09-25T16:56:33,5.1,1,1,110,18,53,1670,0,1670,122,67,0,0,27,0,1770,0,0,0,0,0,0,0,16,,180,0,129,1421,10274,64,857,3176,55,381,63024,Hale the Architect,136336,10033,126303,20136,16,3624,3176,2026-09-25T16:56:33,10274,63024,Hale the Architect,,,1,yes
2026-09-25_16-58,2026-09-25T16:58:53,2026-09-25T17:23:58,25.1,5,1,110,501,340,21326,9539,11787,429,836,1,0,436,8001,9865,700,2500,9539,9539,2500,1768,2500,221,,1042,322,1012,3636,22197,140,1549,10887,96,303,62208,Hale the Architect,161443,7515,153928,13797,117,3412,10887,2026-09-25T17:23:58,26125,62738,Hale the Architect,2500,2500,2,yes
2026-09-26_01-08,2026-09-26T01:08:49,2026-09-26T01:33:55,25.1,5,1,,318,199,16383,9372,7011,434,518,1,0,246,2102,4863,1250,0,9372,9372,0,205,0,0,,0,4537,360,1123,4825,124,1125,9811,49,277,1181,Faron the Architect,15408,4324,11084,4362,0,0,9811,2026-09-26T01:33:55,13219,1232,Gerda the Sage,0,0,0,yes
2026-09-26_01-35,2026-09-26T01:35:50,2026-09-26T01:40:55,5.1,1,1,50,6,24,697,0,697,56,29,0,0,8,0,991,250,0,0,0,0,0,0,0,,0,0,64,661,5181,98,844,5453,48,182,1116,Faron the Architect,10236,2055,8181,4662,0,0,5453,2026-09-26T01:40:55,5181,1116,Faron the Architect,,,0,yes
2026-09-26_01-48,2026-09-26T01:48:11,2026-09-26T01:53:16,5.1,1,1,50,15,21,582,0,582,39,36,0,0,32,0,285,250,0,0,0,0,0,0,0,,0,0,76,646,3783,38,108,1542,49,88,315,Faron the Architect,4967,813,4154,5162,0,0,1542,2026-09-26T01:53:16,3783,315,Faron the Architect,,,0,yes
2026-09-26_01-55,2026-09-26T01:55:50,2026-09-26T02:00:55,5.1,1,1,50,7,24,268,0,268,36,31,0,0,59,0,397,250,0,0,0,0,0,0,0,,0,0,79,618,3969,35,156,1418,48,76,364,Faron the Architect,4284,712,3572,5512,0,0,1418,2026-09-26T02:00:55,3969,364,Faron the Architect,,,0,yes
2026-09-26_02-10,2026-09-26T02:10:50,2026-09-26T02:15:55,5.1,1,1,50,22,21,609,0,609,17,43,0,0,28,0,208,250,0,0,0,0,0,0,0,0,0,0,73,636,4945,37,168,1547,47,76,226,Fenna the Archer,3802,770,3032,6162,0,0,1547,2026-09-26T02:15:55,4945,226,Fenna the Archer,,,0,yes
2026-09-26_02-33,2026-09-26T02:33:28,2026-09-26T02:38:33,5.1,1,1,50,1,13,152,0,152,13,14,0,0,11,0,427,250,0,0,0,0,0,0,0,0,0,0,39,375,3000,24,69,1034,43,54,242,Cassia the WarriorArcher,2761,800,1961,7062,0,0,1034,2026-09-26T02:38:33,3000,242,Cassia the WarriorArcher,,,0,yes
2026-09-26_02-42,2026-09-26T02:42:02,2026-09-26T03:22:07,40.1,8,1,50,76,99,2188,20,2168,144,173,2,25,132,10879,3527,2000,0,20,0,0,273,0,0,0,0,1201,236,1254,5065,107,580,8023,37,257,1096,Nessa the Gatherer,12566,3612,8954,9192,0,0,8023,2026-09-26T03:22:07,7283,1186,Nessa the Gatherer,0,0,0,yes
2026-09-26_03-26,2026-09-26T03:26:53,2026-09-26T03:36:58,10.1,2,1,52,3,21,1405,0,1405,49,20,0,0,6,0,766,500,0,0,0,0,0,0,0,0,0,0,67,1040,7481,65,471,3399,37,192,1616,Faron the Architect,10430,2186,8244,9592,0,0,3599,2026-09-26T03:31:58,7481,1616,Faron the Architect,0,0,0,yes
2026-09-26_03-45,2026-09-26T03:45:52,2026-09-26T04:05:57,20.1,4,1,52,13,27,905,0,905,33,39,1,0,36,4393,1959,1000,0,0,0,0,290,0,0,0,0,565,135,995,4600,68,497,3929,28,221,2065,Faron the Architect,11491,2422,9069,10892,0,0,3929,2026-09-26T04:05:57,7140,2082,Faron the Architect,0,0,0,yes
2026-09-26_04-07,2026-09-26T04:07:20,2026-09-26T04:12:25,5.1,1,1,52,3,4,149,0,149,10,6,0,0,2,0,165,250,0,0,0,0,0,0,0,0,0,0,37,493,3515,44,313,2044,26,141,1965,Faron the Architect,9596,885,8711,11192,0,0,2044,2026-09-26T04:12:25,3515,1965,Faron the Architect,,,0,yes
2026-09-26_04-15,2026-09-26T04:15:53,2026-09-26T04:25:58,10.1,2,1,52,3,15,356,0,356,40,18,0,0,16,0,515,500,0,0,0,0,0,0,0,0,0,0,70,1203,7127,51,275,2750,25,230,1648,Faron the Architect,9336,1665,7671,11842,0,0,2750,2026-09-26T04:25:58,7127,1826,Faron the Architect,0,0,0,yes
2026-09-26_04-26,2026-09-26T04:26:23,2026-09-26T04:31:28,5.1,1,1,52,0,4,36,0,36,11,4,0,0,3,0,235,250,0,0,0,0,0,0,0,0,0,0,33,273,2103,31,161,1774,25,192,1571,Faron the Architect,8348,1285,7063,12092,0,0,1774,2026-09-26T04:31:28,2103,1571,Faron the Architect,,,0,yes
2026-09-26_04-31,2026-09-26T04:31:51,2026-09-26T04:56:56,25.1,5,1,52,16,35,705,80,625,62,48,0,0,26,5858,1385,1250,0,80,0,0,212,0,0,0,0,0,110,963,3275,52,240,3213,25,232,2257,Faron the Architect,11317,1771,9546,13262,0,0,3213,2026-09-26T04:56:56,7384,2257,Faron the Architect,0,0,0,yes
2026-09-26_04-57,2026-09-26T04:57:40,2026-09-26T10:37:48,340.1,68,1,52,840,1382,110543,36342,74201,1590,1542,150,1511,1181,59139,48619,17000,20000,36342,36222,36300,5912,20000,217,42,2555,4190,431,18421,41294,100,646,27829,44,229,1018,Wynn the Warrior,12011,673,11338,13920,12,3385,35552,2026-09-26T09:02:47,63010,30661,Faron the Architect,20000,20000,0,yes
2026-09-26_10-41,2026-09-26T10:41:05,2026-09-26T11:41:12,60.1,12,1,58,431,239,14795,5529,9266,306,0,11,106,277,6654,8372,3000,0,5579,5489,0,326,0,134,0,2142,1249,456,91,470,100,826,17758,47,255,1418,Jorunn the WarriorMage,16977,4500,12477,11491,86,3525,17758,2026-09-26T11:41:12,8067,1418,Jorunn the WarriorMage,0,0,0,yes
2026-09-26_11-45,2026-09-26T11:45:52,2026-09-26T13:05:58,80.1,16,1,60,113,144,4296,60,4236,109,0,14,115,250,15053,10738,4000,0,160,0,5000,1795,0,81,42,1309,281,213,1131,3464,83,611,17029,48,300,2449,Kerrin the Gatherer,17684,3578,14106,15531,49,3727,17057,2026-09-26T13:00:57,8365,2690,Jorunn the WarriorMage,0,0,0,yes
2026-09-26_13-10,2026-09-26T13:10:50,2026-09-26T13:15:54,5.1,1,1,62,42,32,1313,0,1313,28,0,0,0,73,0,1797,250,0,0,0,0,0,0,0,0,6,0,107,551,3240,51,455,4386,51,221,1750,Hale the Brawler,13574,1299,12275,15981,49,3553,4386,2026-09-26T13:15:54,3240,1750,Hale the Brawler,,,0,yes
2026-09-26_13-16,2026-09-26T13:16:43,2026-09-26T14:01:48,45.1,9,1,62,371,243,15590,9034,6556,330,0,4,16,199,5409,11049,2250,0,9034,9004,0,5,0,79,0,374,0,420,4,128,77,737,11351,45,255,1793,Hale the Brawler,13287,838,12449,9197,5,3510,11351,2026-09-26T14:01:48,9860,2130,Hale the Brawler,0,0,0,yes
2026-09-26_14-05,2026-09-26T14:05:51,2026-09-26T14:10:56,5.1,1,1,62,14,17,521,0,521,34,0,0,0,5,0,2153,250,0,0,0,0,0,0,0,0,151,0,50,409,2155,28,352,1842,39,155,1709,Hale the Brawler,7921,450,7471,9597,0,3445,1842,2026-09-26T14:10:56,2155,1709,Hale the Brawler,,,0,yes
2026-09-26_14-11,2026-09-26T14:11:59,2026-09-26T14:22:04,10.1,2,1,62,6,17,319,0,319,37,0,0,0,17,0,953,500,0,0,0,0,0,0,10,0,3,0,52,895,3737,22,205,1107,48,145,1998,Hale the Brawler,9430,1869,7561,10097,0,3445,1107,2026-09-26T14:22:04,3737,1998,Hale the Brawler,0,0,0,yes
2026-09-26_14-25,2026-09-26T14:25:53,2026-09-26T14:30:58,5.1,1,1,62,12,15,267,0,267,15,0,0,0,22,0,982,250,0,0,0,0,0,0,1,0,69,0,69,327,2102,16,203,765,45,125,1997,Hale the Brawler,8289,835,7454,10497,1,3517,765,2026-09-26T14:30:58,2102,1997,Hale the Brawler,,,0,yes
2026-09-26_14-32,2026-09-26T14:32:33,2026-09-26T15:17:38,45.1,9,1,62,252,194,11844,5457,6387,302,280,2,8,138,7829,9019,2250,0,5457,5437,0,0,0,71,0,749,0,277,316,1402,71,425,6523,31,172,35623,Faron the Architect,42877,1343,41534,7340,14,3878,6542,2026-09-26T15:12:38,7530,35623,Faron the Architect,0,0,0,yes
2026-09-26_15-18,2026-09-26T15:18:31,2026-09-26T15:28:36,10.1,2,1,64,6,37,922,0,922,97,42,0,0,23,0,2760,500,0,0,0,0,0,0,21,0,0,0,60,579,3814,44,198,2092,31,78,35200,Faron the Architect,40165,1084,39081,7840,0,3600,2092,2026-09-26T15:28:36,3814,35415,Faron the Architect,0,0,0,
