session,time,tool,from,to,points,steps,steps_exact,cost,straight,nodes_expanded,ms,first_point,point_12,legs_tried,legs_reached,legs_worst_ms
2026-09-26_14-25,14:26:34,chart,"(1168, 1384, 0)","(1084, 1406, 0)",123,1457,about,,84,31102,10.09,"(1171, 1390)","(1208, 1534)",5,5,0.1
2026-09-26_14-25,14:26:36,chart,"(1440, 1470, 0)","(1084, 1406, 0)",130,1452,about,,356,33620,5.62,"(1439, 1475)","(1322, 1534)",5,5,0.2
2026-09-26_14-25,14:27:00,chart,"(1427, 1683, 0)","(1440, 1470, 0)",16,234,about,,213,387,0.12,"(1423, 1693)","(1426, 1533)",5,5,0.2
2026-09-26_14-25,14:27:04,chart,"(1756, 1486, 0)","(1440, 1470, 0)",24,328,about,,316,1490,0.29,"(1743, 1496)","(1599, 1531)",5,5,0.3
2026-09-26_14-25,14:27:06,chart,"(1400, 1600, 20)","(1420, 1640, 20)",9,102,about,,40,86,0.04,"(1396, 1597)",,5,4,0.2
2026-09-26_15-18,15:20:20,nav,"(1168, 1384, 0)","(1084, 1406, 0)",105,1381,yes,138115,84,29819,7.62,"(1184, 1375)","(1328, 1247)",5,5,0.1
2026-09-26_15-18,15:20:22,nav,"(1440, 1470, 0)","(1084, 1406, 0)",112,1433,yes,143347,356,34967,8.65,"(1439, 1468)","(1391, 1327)",5,5,0.1
2026-09-26_15-18,15:20:24,nav,"(1427, 1683, 0)","(1756, 1486, 0)",27,376,yes,37681,329,819,0.25,"(1440, 1694)","(1568, 1646)",5,5,0.1
2026-09-26_15-42,15:45:52,nav,"(1385, 1607, 30)","(1307, 1482, 0)",18,257,yes,25782,125,641,0.76,"(1392, 1616)","(1385, 1535)",5,5,0.2
