session,time,age_min,event,map,clusters,cluster_side,from,clusters_built,state,nodes,gates,edges,components,cells_probed,loop_ms,seconds,regions,region_side,file_ms,rebuilt_by_houses
2026-09-26_15-18,2026-09-26T15:18:37,0.1,drawing,Felucca,114688,16,"(1440, 1470, 0)",,,,,,,,,,,,,
2026-09-26_15-18,2026-09-26T15:20:16,1.75,drawn,Felucca,114688,,,114688,complete,285550,172994,2478736,1216,11750994,17583,100,,,,
2026-09-26_15-30,2026-09-26T15:30:55,0.1,drawing,Felucca,114688,16,"(1440, 1470, 0)",,,,,,,,,,,,,
2026-09-26_15-30,2026-09-26T15:32:35,1.77,drawn,Felucca,114688,,,114688,complete,285550,172994,2478736,1216,11750994,17706,101,,,,
2026-09-26_15-30,2026-09-26T15:32:46,1.95,regions,Felucca,,,,,,,,,,,,,1792,128,,
2026-09-26_15-37,2026-09-26T15:37:28,0.1,drawing,Felucca,114688,16,"(1440, 1470, 0)",,,,,,,,,,,,,
2026-09-26_15-37,2026-09-26T15:39:16,1.9,drawn,Felucca,114688,,,114688,complete,285550,172994,2478736,1216,11750994,21215,109,,,,
2026-09-26_15-37,2026-09-26T15:39:26,2.07,regions,Felucca,,,,,,,,,,,,,1792,128,,
2026-09-26_15-42,2026-09-26T15:42:49,0.08,drawing,Felucca,114688,16,"(1440, 1470, 0)",,,,,,,,,,,,,
2026-09-26_15-42,2026-09-26T15:44:33,1.82,drawn,Felucca,114688,,,114688,complete,285550,172994,2478736,1216,11750994,18350,105,,,,
2026-09-26_15-42,2026-09-26T15:44:34,1.83,written,Felucca,,,,,,,,,,,,,,,151,
2026-09-26_15-42,2026-09-26T15:44:44,2,regions,Felucca,,,,,,,,,,,,,1792,128,,
2026-09-26_15-55,2026-09-26T15:56:06,0.15,drawing,Felucca,114688,16,"(1440, 1470, 0)",,,,,,,,,,,,,
2026-09-26_15-55,2026-09-26T15:56:07,0.17,read,Felucca,114688,,,114604,0 to go,284610,172994,2458057,,0,234,,,,,135
2026-09-26_15-55,2026-09-26T15:56:08,0.18,drawn,Felucca,114688,,,114688,complete,285550,173617,2478736,1216,57408,970,0,,,,
2026-09-26_15-55,2026-09-26T15:56:20,0.38,regions,Felucca,,,,,,,,,,,,,1792,128,,
