session,time,age_min,tiles,home_x,home_y,home_z,reach,farthest_steps,slices,loop_ms,seconds
2026-09-18_00-08,2026-09-18T00:08:46,0.47,959796,1440,1470,0,640,1781,264,2368,23.1
2026-09-18_00-12,2026-09-18T00:12:53,0.42,959796,1440,1470,0,640,1781,240,2140,20.8
2026-09-18_00-29,2026-09-18T00:30:06,0.48,959796,1440,1470,0,640,1781,274,2410,24.1
2026-09-18_01-45,2026-09-18T01:45:41,0.5,959771,1440,1470,0,640,1781,283,2535,25
2026-09-18_01-48,2026-09-18T01:48:56,0.47,959771,1440,1470,0,640,1781,256,2262,22.6
2026-09-18_01-53,2026-09-18T01:53:54,0.45,959795,1440,1470,0,640,1781,250,2218,22
2026-09-18_03-05,2026-09-18T03:06:10,0.47,959792,1440,1470,0,640,1781,265,2322,23
2026-09-18_05-28,2026-09-18T05:29:05,0.48,959793,1440,1470,0,640,1781,280,2484,24.6
2026-09-18_06-30,2026-09-18T06:31:16,0.5,959789,1440,1470,0,640,1781,288,2576,25.7
2026-09-18_10-25,2026-09-18T10:26:14,0.48,959796,1440,1470,0,640,1781,273,2469,23.9
2026-09-18_10-33,2026-09-18T10:33:44,0.45,959796,1440,1470,0,640,1781,247,2223,21.3
2026-09-18_10-41,2026-09-18T10:41:48,0.45,959792,1440,1470,0,640,1781,245,2245,21.2
2026-09-18_10-50,2026-09-18T10:50:35,0.42,959796,1440,1470,0,640,1781,231,2105,19.8
2026-09-18_10-55,2026-09-18T10:56:07,0.4,959796,1440,1470,0,640,1781,232,2087,19.9
2026-09-18_11-00,2026-09-18T11:01:08,0.42,959796,1440,1470,0,640,1781,236,2123,20.3
2026-09-18_11-04,2026-09-18T11:05:06,0.45,959796,1440,1470,0,640,1781,252,2261,22
2026-09-18_11-32,2026-09-18T11:33:14,0.42,959796,1440,1470,0,640,1781,238,2161,20.5
2026-09-18_11-38,2026-09-18T11:39:20,0.42,959796,1440,1470,0,640,1781,237,2127,20.4
2026-09-18_12-02,2026-09-18T12:02:54,0.4,959796,1440,1470,0,640,1781,227,2052,19
2026-09-18_12-07,2026-09-18T12:07:33,0.4,959792,1440,1470,0,640,1781,230,2064,19.9
2026-09-18_12-57,2026-09-18T12:57:57,0.47,959796,1440,1470,0,640,1781,268,2407,23.5
2026-09-18_13-25,2026-09-18T13:26:07,0.42,959792,1440,1470,0,640,1781,232,2076,19.9
2026-09-18_13-33,2026-09-18T13:34:04,0.42,959796,1440,1470,0,640,1781,232,2100,19.9
2026-09-18_14-02,2026-09-18T14:02:30,0.42,959795,1440,1470,0,640,1781,241,2156,20.9
2026-09-18_14-35,2026-09-18T14:36:12,0.48,959796,1440,1470,0,640,1781,272,2459,23.8
2026-09-18_15-16,2026-09-18T15:16:35,0.47,959792,1440,1470,0,640,1781,262,2353,22.8
2026-09-18_15-33,2026-09-18T15:33:35,0.45,959796,1440,1470,0,640,1781,250,2227,21.7
2026-09-18_17-05,2026-09-18T17:06:13,0.53,959796,1440,1470,0,640,1781,301,2713,26.4
2026-09-18_17-13,2026-09-18T17:13:32,0.47,959796,1440,1470,0,640,1781,263,2339,23
2026-09-18_17-27,2026-09-18T17:28:22,0.45,959796,1440,1470,0,640,1781,252,2291,21.8
2026-09-18_17-59,2026-09-18T18:00:05,0.47,959796,1440,1470,0,640,1781,264,2398,22.8
2026-09-18_18-07,2026-09-18T18:07:59,0.47,959796,1440,1470,0,640,1781,258,2342,22.4
2026-09-18_18-41,2026-09-18T18:42:26,0.47,959796,1440,1470,0,640,1781,262,2334,22.7
2026-09-18_19-03,2026-09-18T19:03:40,0.43,959796,1440,1470,0,640,1781,244,2207,20.5
2026-09-18_19-09,2026-09-18T19:09:50,0.47,959796,1440,1470,0,640,1781,258,2299,22.4
2026-09-18_19-17,2026-09-18T19:17:53,0.45,959792,1440,1470,0,640,1781,246,2249,21
2026-09-18_19-25,2026-09-18T19:25:35,0.45,959796,1440,1470,0,640,1781,258,2426,22.2
2026-09-18_19-34,2026-09-18T19:35:19,0.45,959796,1440,1470,0,640,1781,255,2319,22.1
2026-09-18_19-43,2026-09-18T19:44:10,0.48,959792,1440,1470,0,640,1781,269,2493,23.3
2026-09-18_20-02,2026-09-18T20:03:27,0.47,959796,1440,1470,0,640,1781,262,2356,22.9
2026-09-18_20-37,2026-09-18T20:37:55,0.4,959796,1440,1470,0,640,1781,228,2063,19.4
2026-09-18_20-38,2026-09-18T20:38:41,0.45,959842,1440,1470,0,640,1781,255,2332,22
2026-09-18_20-43,2026-09-18T20:43:53,0.43,959837,1440,1470,0,640,1781,251,2256,22
2026-09-19_14-06,2026-09-19T14:07:12,0.47,959827,1440,1470,0,640,1781,252,2359,20.1
2026-09-20_08-22,2026-09-20T08:22:25,0.38,959826,1440,1470,0,640,1781,223,1955,19.2
2026-09-21_18-06,2026-09-21T18:07:12,0.47,959828,1440,1470,0,640,1781,261,2393,22.1
2026-09-21_18-12,2026-09-21T18:12:57,0.38,959744,1440,1470,0,640,1781,213,1969,18.2
2026-09-21_18-20,2026-09-21T18:20:52,0.45,959744,1440,1470,0,640,1781,254,2297,21.8
2026-09-21_18-25,2026-09-21T18:25:33,0.42,959744,1440,1470,0,640,1781,230,2081,19.6
2026-09-21_18-42,2026-09-21T18:42:42,0.43,959744,1440,1470,0,640,1781,248,2220,21
2026-09-21_18-45,2026-09-21T18:46:09,0.48,959744,1440,1470,0,640,1781,270,2429,23.4
2026-09-21_18-49,2026-09-21T18:49:41,0.45,959744,1440,1470,0,640,1781,255,2316,22.1
2026-09-21_21-58,2026-09-21T21:59:18,0.45,959730,1440,1470,0,640,1781,253,2351,22
2026-09-22_02-48,2026-09-22T02:49:06,0.42,959701,1440,1470,0,640,1781,237,2062,20.1
2026-09-22_03-57,2026-09-22T03:57:47,0.38,959713,1440,1470,0,640,1781,214,1871,18.2
2026-09-22_04-06,2026-09-22T04:07:15,0.43,959717,1440,1470,0,640,1781,238,2116,20.6
2026-09-22_05-11,2026-09-22T05:12:02,0.48,959717,1440,1470,0,640,1781,273,2456,24.3
2026-09-22_09-19,2026-09-22T09:19:59,0.4,959713,1440,1470,0,640,1781,226,2053,19.4
2026-09-22_11-04,2026-09-22T11:05:09,0.42,959717,1440,1470,0,640,1781,231,2035,20
2026-09-22_11-40,2026-09-22T11:40:27,0.37,959713,1440,1470,0,640,1781,198,1794,16.7
2026-09-22_12-15,2026-09-22T12:15:44,0.35,959713,1440,1470,0,640,1781,194,1719,16.3
2026-09-22_13-25,2026-09-22T13:25:55,0.4,959713,1440,1470,0,640,1781,227,2028,19.7
2026-09-22_14-02,2026-09-22T14:03:15,0.38,959714,1440,1470,0,640,1781,210,1907,17.9
2026-09-22_15-10,2026-09-22T15:11:23,0.4,959717,1440,1470,0,640,1781,224,1962,19.4
2026-09-22_15-48,2026-09-22T15:48:44,0.38,959717,1440,1470,0,640,1781,215,1940,18.4
2026-09-22_16-56,2026-09-22T16:56:42,0.43,959709,1440,1470,0,640,1781,236,2042,20
2026-09-22_18-06,2026-09-22T18:06:57,0.43,959717,1440,1470,0,640,1781,243,2163,21.1
2026-09-24_01-56,2026-09-24T01:57:15,0.43,959677,1440,1470,0,640,1781,238,2099,20
2026-09-24_02-09,2026-09-24T02:09:46,0.38,959692,1440,1470,0,640,1781,208,1841,17.5
2026-09-24_02-12,2026-09-24T02:12:44,0.35,959692,1440,1470,0,640,1781,196,1754,16.3
2026-09-24_02-44,2026-09-24T02:44:24,0.38,959693,1440,1470,0,640,1781,214,1818,18.1
2026-09-24_02-53,2026-09-24T02:53:27,0.43,959687,1440,1470,0,640,1781,244,2147,21.2
2026-09-24_03-29,2026-09-24T03:29:55,0.42,959693,1440,1470,0,640,1781,231,2008,19.8
2026-09-24_04-15,2026-09-24T04:16:20,0.4,959693,1440,1470,0,640,1781,228,2039,19.6
2026-09-24_05-00,2026-09-24T05:00:51,0.38,959686,1440,1470,0,640,1781,214,1923,18.2
2026-09-24_05-45,2026-09-24T05:45:42,0.37,959690,1440,1470,0,640,1781,203,1855,17.2
2026-09-24_06-33,2026-09-24T06:34:01,0.4,959693,1440,1470,0,640,1781,228,2044,19.8
2026-09-24_06-50,2026-09-24T06:51:17,0.4,959689,1440,1470,0,640,1781,221,1928,19.1
2026-09-24_07-19,2026-09-24T07:20:12,0.4,959693,1440,1470,0,640,1781,225,1969,19.4
2026-09-24_08-04,2026-09-24T08:05:04,0.43,959688,1440,1470,0,640,1781,237,2112,20.6
2026-09-24_08-45,2026-09-24T08:45:45,0.4,959689,1440,1470,0,640,1781,225,1982,19.3
2026-09-24_09-30,2026-09-24T09:31:01,0.43,959689,1440,1470,0,640,1781,241,2168,20.8
2026-09-24_09-52,2026-09-24T09:52:33,0.42,959684,1440,1470,0,640,1781,227,2055,19.6
2026-09-24_09-54,2026-09-24T09:54:58,0.43,959684,1440,1470,0,640,1781,245,2207,21.5
2026-09-24_10-13,2026-09-24T10:14:07,0.45,959688,1440,1470,0,640,1781,262,2361,23.3
2026-09-24_10-20,2026-09-24T10:21:17,0.37,959692,1440,1470,0,640,1781,205,1848,17.4
2026-09-24_11-00,2026-09-24T11:00:47,0.43,959692,1440,1470,0,640,1781,243,2200,21.2
2026-09-24_11-47,2026-09-24T11:48:19,0.38,959689,1440,1470,0,640,1781,220,1992,18.9
2026-09-24_12-31,2026-09-24T12:31:43,0.4,959693,1440,1470,0,640,1781,219,1936,18.8
2026-09-24_13-23,2026-09-24T13:24:22,0.4,959693,1440,1470,0,640,1781,228,1973,19.3
2026-09-24_14-03,2026-09-24T14:04:10,0.4,959689,1440,1470,0,640,1781,231,2030,19.7
2026-09-24_14-14,2026-09-24T14:15:17,0.38,959685,1440,1470,0,640,1781,220,1972,18.5
2026-09-24_14-47,2026-09-24T14:47:29,0.37,959693,1440,1470,0,640,1781,208,1815,17.6
2026-09-24_15-31,2026-09-24T15:32:17,0.4,959693,1440,1470,0,640,1781,217,1886,18.4
2026-09-24_16-14,2026-09-24T16:14:52,0.42,959693,1440,1470,0,640,1781,235,2123,19.8
2026-09-24_17-03,2026-09-24T17:03:35,0.42,959689,1440,1470,0,640,1781,237,2102,20.3
2026-09-24_18-06,2026-09-24T18:07:04,0.43,959681,1440,1470,0,640,1781,240,2136,20.5
2026-09-24_18-32,2026-09-24T18:32:59,0.57,959687,1440,1470,0,640,1781,314,2821,27
2026-09-24_20-01,2026-09-24T20:01:54,0.42,959685,1440,1470,0,640,1781,239,2187,19.4
2026-09-24_20-06,2026-09-24T20:06:29,0.48,959685,1440,1470,0,640,1781,268,2453,22.7
2026-09-25_06-17,2026-09-25T06:18:15,0.52,959679,1440,1470,0,640,1781,291,2616,24.3
2026-09-25_06-29,2026-09-25T06:30:00,0.43,959693,1440,1470,0,640,1781,237,2088,20.4
2026-09-25_07-04,2026-09-25T07:04:26,0.4,959692,1440,1470,0,640,1781,227,2011,19.5
2026-09-25_07-56,2026-09-25T07:56:37,0.38,959693,1440,1470,0,640,1781,220,1938,18.9
2026-09-25_08-44,2026-09-25T08:44:44,0.38,959693,1440,1470,0,640,1781,219,1973,18.5
2026-09-25_15-18,2026-09-25T15:19:15,0.45,959669,1440,1470,0,640,1781,253,2306,21.8
2026-09-25_15-35,2026-09-25T15:35:24,0.38,959669,1440,1470,0,640,1781,223,2070,18.9
2026-09-25_16-05,2026-09-25T16:06:13,0.4,959669,1440,1470,0,640,1781,225,2028,19.1
2026-09-25_16-51,2026-09-25T16:51:55,0.45,959661,1440,1470,0,640,1781,253,2201,21.8
2026-09-25_16-58,2026-09-25T16:59:19,0.43,959664,1440,1470,0,640,1781,248,2177,21.6
2026-09-25_17-27,2026-09-25T17:27:55,0.47,959666,1440,1470,0,640,1781,258,2279,21.9
2026-09-25_17-31,2026-09-25T17:32:22,0.42,959662,1440,1470,0,640,1781,239,2142,20.7
2026-09-26_01-08,2026-09-26T01:09:13,0.4,959818,1440,1470,0,640,1781,224,2031,17.6
2026-09-26_01-35,2026-09-26T01:36:14,0.4,959832,1440,1470,0,640,1781,227,1981,19.5
2026-09-26_01-42,2026-09-26T01:42:59,0.42,959832,1440,1470,0,640,1781,236,2161,20.5
2026-09-26_01-45,2026-09-26T01:46:13,0.4,959832,1440,1470,0,640,1781,223,2012,19.2
2026-09-26_01-48,2026-09-26T01:48:37,0.43,959832,1440,1470,0,640,1781,239,2173,20.9
2026-09-26_01-55,2026-09-26T01:56:15,0.42,959834,1440,1470,0,640,1781,235,2116,20.3
2026-09-26_02-05,2026-09-26T02:06:18,0.42,959833,1440,1470,0,640,1781,237,2170,20.5
2026-09-26_02-10,2026-09-26T02:11:15,0.42,959822,1440,1470,0,640,1781,227,2069,19.6
2026-09-26_02-17,2026-09-26T02:18:12,0.45,959844,1440,1470,0,640,1781,249,2207,21.9
2026-09-26_02-20,2026-09-26T02:21:18,0.43,959844,1440,1470,0,640,1781,243,2207,21.3
2026-09-26_02-25,2026-09-26T02:26:17,0.4,959844,1440,1470,0,640,1781,232,2094,20.1
2026-09-26_02-29,2026-09-26T02:29:25,0.42,959844,1440,1470,0,640,1781,236,2142,20.5
2026-09-26_02-33,2026-09-26T02:33:54,0.43,959844,1440,1470,0,640,1781,241,2140,21.1
2026-09-26_02-42,2026-09-26T02:42:26,0.4,959844,1440,1470,0,640,1781,232,2115,20.1
2026-09-26_03-26,2026-09-26T03:27:15,0.37,959844,1440,1470,0,640,1781,205,1819,17.4
2026-09-26_03-43,2026-09-26T03:43:26,0.38,959844,1440,1470,0,640,1781,215,1911,18.4
2026-09-26_03-45,2026-09-26T03:46:12,0.33,959844,1440,1470,0,640,1781,192,1732,16
2026-09-26_04-07,2026-09-26T04:07:42,0.37,959841,1440,1470,0,640,1781,209,1884,17.7
2026-09-26_04-15,2026-09-26T04:16:14,0.35,959844,1440,1470,0,640,1781,197,1772,16.5
2026-09-26_04-26,2026-09-26T04:26:47,0.4,959844,1440,1470,0,640,1781,225,2034,19.3
2026-09-26_04-31,2026-09-26T04:32:13,0.37,959844,1440,1470,0,640,1781,206,1791,17.4
2026-09-26_04-57,2026-09-26T04:58:02,0.37,959840,1440,1470,0,640,1781,204,1833,17.2
2026-09-26_10-41,2026-09-26T10:41:33,0.47,959764,1440,1470,0,640,1781,257,2357,22.5
2026-09-26_11-45,2026-09-26T11:46:20,0.47,959764,1440,1470,0,640,1781,261,2385,22.9
2026-09-26_13-10,2026-09-26T13:11:16,0.43,959746,1440,1470,0,640,1781,249,2244,21.6
2026-09-26_13-16,2026-09-26T13:17:12,0.48,959746,1440,1470,0,640,1781,270,2463,24
2026-09-26_14-05,2026-09-26T14:06:16,0.42,959743,1440,1470,0,640,1781,235,2107,20.1
2026-09-26_14-11,2026-09-26T14:12:26,0.45,959746,1440,1470,0,640,1781,250,2247,21.8
2026-09-26_14-25,2026-09-26T14:26:20,0.45,959743,1440,1470,0,640,1781,248,2249,21.6
2026-09-26_14-32,2026-09-26T14:33:01,0.47,959746,1440,1470,0,640,1781,262,2389,23.1
2026-09-26_15-18,2026-09-26T15:18:57,0.43,959742,1440,1470,0,640,1781,246,2248,21.2
2026-09-26_15-30,2026-09-26T15:31:14,0.42,959742,1440,1470,0,640,1781,232,2117,19.8
2026-09-26_15-37,2026-09-26T15:37:51,0.48,959746,1440,1470,0,640,1781,272,2558,23.6
2026-09-26_15-42,2026-09-26T15:43:12,0.47,959746,1440,1470,0,640,1781,265,2447,23.4
2026-09-26_15-55,2026-09-26T15:56:36,0.65,959746,1440,1470,0,640,1781,365,3524,31.1
