session,date,start,end,length_min,build,summaries,summary_time,summary_age_min,searches,tiles_examined,search_ms,ms_each,worst_ms,reached,partial,refused_outright,handed_less_clock,asked_whole_ceiling,partial_within_near,near_tiles,partial_no_nearer,partial_never_began,partial_avg_tiles_out,pocket_proofs_lost_to_clock,pocket_proofs_lost_to_box,far_side_looks,far_side_ms,steps_taken,steps_refused_by_engine,doors_opened,tiles_gone_round,steps_improvised,journeys_given_up,destinations_dropped,station_searches_held_short,stranded_searches,stranded_found,stranded_ended_errand,leg_plans,legs_failed,routes_over_graph,routes_over_chart,routes_no_way,no_way_errands_dropped,no_way_plans_walked_straight,journeys_refused_without_search,search_s_per_min,loop_share_pct,partial_share_pct,no_nearer_share_pct,whole_ceiling_share_pct,s10_age_min,s10_searches,s10_search_ms,s10_partial,s10_no_nearer,s10_search_s_per_min,s10_partial_share_pct,f_no_way_round,f_no_way_round_per_h,f_not_one_tile_closer,f_not_one_tile_closer_per_h,f_has_dropped,f_has_dropped_per_h,f_no_way_through,f_no_way_through_per_h,f_stopped_closing,f_stopped_closing_per_h,f_ground_no_way,f_ground_no_way_per_h,f_graph_says_no_way,f_graph_says_no_way_per_h,drop_no_way_round,drop_not_one_tile_closer,drop_no_way_from_here,drop_nowhere_to_stand,drop_shut_in,drop_ground_no_way,drop_other,drops_gave_up,drops_gave_up_per_h,drops_proven,drops_proven_per_h,e10_has_dropped_per_h,e10_drops_gave_up_per_h,e10_drops_proven_per_h,ceiling_burned_by,errands_lost_by_kind
2026-09-18_00-08,2026-09-18,2026-09-18T00:08:18,2026-09-18T00:12:05,3.78,,0,,,,,,,,,,,,,,,,,,,,,,,,,,,,,,,,,,,,,,,,,,,,,,,,,,,,,0,0,0,0,3,47.58,3,47.58,2,31.72,0,0,0,0,0,0,2,0,1,0,0,0,0,3,47.58,,,,,
2026-09-18_00-12,2026-09-18,2026-09-18T00:12:28,2026-09-18T00:20:39,8.18,,1,2026-09-18T00:17:33,5.08,4807,40079248,14799,3.08,123.26,4359,448,0,0,207,12,32,207,0,170,146,302,5,35,73958,3195,2,891,1538,0,3,2,0,0,0,,,,,,,,1606,2.911,4.85,9.32,4.31,4.31,,,,,,,,0,0,0,0,4,29.33,2,14.66,2,14.66,0,0,0,0,0,0,0,2,2,0,0,0,0,4,29.33,,,,looking for a fight=201; after a skeleton=1; up to the rock=1; to Rance for a scroll=1; looking for a line on a skeleton=1,
2026-09-18_00-21,2026-09-18,2026-09-18T00:21:00,2026-09-18T00:21:05,0.08,,0,,,,,,,,,,,,,,,,,,,,,,,,,,,,,,,,,,,,,,,,,,,,,,,,,,,,,0,,0,,0,,0,,0,,0,,0,,0,0,0,0,0,0,0,0,,0,,,,,,
2026-09-18_00-29,2026-09-18,2026-09-18T00:29:37,2026-09-18T01:44:47,75.17,,15,2026-09-18T01:44:43,75.1,57222,883963429,302262,5.28,74.13,44249,12875,98,511,6228,737,32,6372,0,285,1980,10842,63,112,1173878,23863,142,6547,13367,4,131,17,0,0,0,,,,,,,,54656,4.025,6.71,22.5,11.14,10.88,10.08,8700,37021,1272,625,3.672,14.62,0,0,3,2.39,134,106.96,30,23.95,2,1.6,0,0,0,0,0,3,96,31,4,0,0,3,2.39,131,104.57,108,0,108,to Delano with Strength Potion=3428; back for its own things=1179; looking for a fight=1115; to the BronzeOre=101; to the AgapiteOre=101,to Jorunn=1; to Quill=1; going home=1
2026-09-18_01-45,2026-09-18,2026-09-18T01:45:11,2026-09-18T01:48:07,2.93,,0,,,,,,,,,,,,,,,,,,,,,,,,,,,,,,,,,,,,,,,,,,,,,,,,,,,,,2,40.91,0,0,4,81.82,1,20.45,0,0,0,0,0,0,2,0,0,1,1,0,0,2,40.91,2,40.91,,,,,
2026-09-18_01-48,2026-09-18,2026-09-18T01:48:28,2026-09-18T01:53:05,4.62,,0,,,,,,,,,,,,,,,,,,,,,,,,,,,,,,,,,,,,,,,,,,,,,,,,,,,,,0,0,0,0,2,25.99,2,25.99,0,0,0,0,0,0,0,0,0,0,2,0,0,0,0,2,25.99,,,,,
2026-09-18_01-53,2026-09-18,2026-09-18T01:53:27,2026-09-18T03:05:19,71.87,,14,2026-09-18T03:03:32,70.08,41456,320418130,122280,2.95,65.09,37338,4110,8,0,1965,1021,32,1938,0,261,1579,2509,77,81,1169281,17153,113,3927,6394,7,72,275,13,2,11,,,,,,,,36582,1.745,2.91,9.91,4.67,4.74,10.08,5587,9078,97,27,0.9,1.74,11,9.18,7,5.84,92,76.81,15,12.52,0,0,0,0,0,0,11,7,7,63,4,0,0,18,15.03,74,61.78,36,0,36,to Rance with Fireball Scroll=1198; after reagents=144; to the BronzeOre=87; looking for a fight=66; up to the rock=37,station=11; to Wystan=2; to Ulwin=1; to Fendrel=1; to Kerrin=1
2026-09-18_03-05,2026-09-18,2026-09-18T03:05:42,2026-09-18T05:28:13,142.52,,28,2026-09-18T05:25:49,140.12,138542,2492378590,805843,5.82,71.55,95172,43208,162,375,20878,3104,32,20984,0,291,6443,36738,320,262,2536311,47943,236,11986,34587,13,395,1218,50,2,48,,,,,,,,64956,5.751,9.59,31.19,15.15,15.07,10.08,7173,15271,260,110,1.514,3.62,55,23.16,15,6.32,422,177.66,79,33.26,6,2.53,0,0,0,0,55,15,161,186,5,0,0,70,29.47,352,148.19,24,0,24,to Delano with Mandrake Root=8623; to Aislinn with Katana=4930; to Rhys with Candle=1797; looking for a fight=1669; to Rance for a scroll=784,station=33; to Isolde=3; to Otho=2; to the counter with a full pack=2; to Kepa with Candle=2
2026-09-18_05-28,2026-09-18,2026-09-18T05:28:36,2026-09-18T06:30:23,61.78,,12,2026-09-18T06:28:41,60.08,55104,244059707,106281,1.93,60.88,52857,2207,40,0,1086,1065,32,1098,0,91,1507,698,53,46,964474,44162,90,15473,14631,6,80,56,4,0,4,,,,,,,,64909,1.769,2.95,4.01,1.99,1.97,10.08,18169,36133,888,443,3.583,4.89,4,3.88,6,5.83,86,83.52,17,16.51,2,1.94,0,0,0,0,4,6,36,36,4,0,0,10,9.71,76,73.81,72,30,42,looking for a fight=377; after reagents=300; to the AgapiteOre=96; to Ysolt=50; to Rance for a scroll=27,looking for a fight=4; to Ysolt=2; to Aprille for blank scrolls=1; to Rowan=1; to the counter with a full pack=1
2026-09-18_06-30,2026-09-18,2026-09-18T06:30:46,2026-09-18T10:25:21,234.58,,46,2026-09-18T10:20:53,230.12,174415,2603609463,941614,5.4,92.15,136330,37813,272,1727,18080,10184,32,18324,0,209,14932,22838,560,499,4237768,68948,350,17767,37126,20,474,1134,44,3,41,,,,,,,,321141,4.092,6.82,21.68,10.51,10.37,10.08,9711,31909,790,372,3.165,8.14,41,10.49,19,4.86,493,126.1,71,18.16,5,1.28,0,0,0,0,41,19,218,208,7,0,0,60,15.35,433,110.75,36,6,30,to Delano with Lesser Heal Potion=4243; to a tree=3605; looking for a fight=2531; to Jora for blank scrolls=2528; to the counter with a full pack=1019,station=40; to Joss=4; to Roderic=3; to Elspeth=2; sweep=2
2026-09-18_10-25,2026-09-18,2026-09-18T10:25:45,2026-09-18T10:32:55,7.17,,1,2026-09-18T10:30:50,5.08,5130,39293255,16422,3.2,61.02,4790,331,9,41,188,7,32,135,0,184,77,254,4,43,71189,10005,2,3522,2901,0,12,10,1,0,1,,,,,,,,3248,3.231,5.38,6.45,2.63,3.66,,,,,,,,1,8.37,0,0,16,133.95,2,16.74,0,0,0,0,0,0,1,0,9,4,2,0,0,1,8.37,15,125.58,,,,"looking for a fight=101; marching on (825, 1245)=35; to Rance for a scroll=17; out to the woods for herbs=9; to the square at 1425,1365=3","marching on (825, 1245)=1"
2026-09-18_10-33,2026-09-18,2026-09-18T10:33:17,2026-09-18T10:40:59,7.7,,1,2026-09-18T10:38:22,5.08,2416,24323073,11080,4.59,60.56,2186,218,12,7,97,38,32,84,0,263,98,120,8,22,77304,3345,5,988,1008,0,20,1,1,0,1,,,,,,,,1157,2.18,3.63,9.02,3.48,4.01,,,,,,,,1,7.79,0,0,20,155.84,3,23.38,0,0,0,0,0,0,1,0,12,5,2,0,0,1,7.79,19,148.05,,,,"marching on (825, 1245)=57; looking for a fight=22; out to the woods for herbs=5; up to the rock=4; to Rance for a scroll=2","marching on (825, 1245)=1"
2026-09-18_10-41,2026-09-18,2026-09-18T10:41:21,2026-09-18T10:49:48,8.45,,1,2026-09-18T10:46:26,5.08,2740,83912547,32339,11.8,94.77,1787,934,19,14,438,50,32,454,0,261,222,712,6,27,77756,2527,1,639,1081,0,22,9,0,0,0,,,,,,,,896,6.362,10.6,34.09,16.57,15.99,,,,,,,,0,0,0,0,28,198.82,3,21.3,1,7.1,0,0,0,0,0,0,19,7,2,0,0,0,0,28,198.82,,,,"marching on (825, 1245)=299; looking for a fight=118; out to the woods for herbs=3; on to Vaughn for glass=1; to the AgapiteOre=1",
2026-09-18_10-50,2026-09-18,2026-09-18T10:50:10,2026-09-18T10:55:21,5.18,,1,2026-09-18T10:55:15,5.08,2038,22266030,10272,5.04,60.53,1850,187,1,3,81,33,32,64,0,274,83,104,8,42,78527,2416,1,630,674,0,7,3,1,0,1,,,,,,,,1094,2.021,3.37,9.18,3.14,3.97,,,,,,,,1,11.58,0,0,8,92.6,4,46.3,0,0,0,0,0,0,1,0,1,4,2,0,0,1,11.58,7,81.03,,,,"marching on (825, 1245)=50; looking for a fight=12; to a tree=4; out to the woods for herbs=2; up to the rock=2","marching on (825, 1245)=1"
2026-09-18_10-55,2026-09-18,2026-09-18T10:55:43,2026-09-18T11:00:20,4.62,,0,,,,,,,,,,,,,,,,,,,,,,,,,,,,,,,,,,,,,,,,,,,,,,,,,,,,,0,0,1,13,3,38.99,1,13,1,13,0,0,0,0,0,1,0,1,1,0,0,1,13,2,25.99,,,,,
2026-09-18_11-00,2026-09-18,2026-09-18T11:00:43,2026-09-18T11:04:17,3.57,,0,,,,,,,,,,,,,,,,,,,,,,,,,,,,,,,,,,,,,,,,,,,,,,,,,,,,,1,16.82,0,0,4,67.29,1,16.82,0,0,0,0,0,0,1,0,0,3,0,0,0,1,16.82,3,50.47,,,,,
2026-09-18_11-04,2026-09-18,2026-09-18T11:04:39,2026-09-18T11:32:25,27.77,,5,2026-09-18T11:29:44,25.08,9924,87458763,38648,3.89,60.28,9214,688,22,8,326,136,32,273,0,127,451,229,20,51,394973,7566,27,2391,2684,0,38,32,3,2,1,,,,,,,,37088,1.541,2.57,6.93,2.75,3.28,10.08,4907,28268,544,236,2.803,11.09,1,2.16,1,2.16,43,92.92,6,12.97,0,0,0,0,0,0,1,1,22,16,3,0,0,2,4.32,41,88.6,114,6,108,"looking for a fight=247; marching on (825, 1245)=8; to the BronzeOre=5; up to the rock=5; fight=4","marching on (825, 1245)=1"
2026-09-18_11-32,2026-09-18,2026-09-18T11:32:49,2026-09-18T11:38:33,5.73,,1,2026-09-18T11:37:54,5.08,2495,28084282,12575,5.04,125.84,2226,269,0,19,136,200,32,108,0,74,163,106,6,36,77258,3225,4,950,1018,0,3,17,1,0,1,,,,,,,,766,2.474,4.12,10.78,4.33,5.45,,,,,,,,1,10.47,0,0,3,31.4,2,20.93,0,0,0,0,0,0,1,0,0,1,1,0,0,1,10.47,2,20.93,,,,"to a tree=90; marching on (825, 1245)=9; looking for a fight=7; out to the woods for herbs=6; looking for a line on a skeleton=1","marching on (825, 1245)=1"
2026-09-18_11-38,2026-09-18,2026-09-18T11:38:55,2026-09-18T12:02:04,23.15,,4,2026-09-18T11:59:00,20.08,11789,139980161,51527,4.37,62.37,10278,1508,3,17,731,44,32,709,0,429,283,1223,6,21,317846,5668,33,1514,2288,1,4,14,0,0,0,,,,,,,,10309,2.566,4.28,12.79,6.01,6.2,10.08,5160,26607,685,328,2.639,13.28,0,0,1,2.59,6,15.55,5,12.96,3,7.78,0,0,0,0,0,1,2,1,2,0,0,1,2.59,5,12.96,30,6,24,"marching on (825, 1245)=299; to practise out of sight=243; looking for a fight=163; out to the woods for herbs=2; going home=2",station=1
2026-09-18_12-02,2026-09-18,2026-09-18T12:02:30,2026-09-18T12:06:47,4.28,,0,,,,,,,,,,,,,,,,,,,,,,,,,,,,,,,,,,,,,,,,,,,,,,,,,,,,,1,14.01,0,0,2,28.02,2,28.02,0,0,0,0,0,0,1,0,0,0,1,0,0,1,14.01,1,14.01,,,,,
2026-09-18_12-07,2026-09-18,2026-09-18T12:07:09,2026-09-18T12:57:05,49.93,,9,2026-09-18T12:52:14,45.08,24508,369162670,144817,5.91,61.26,20780,3722,6,33,1756,726,32,1758,0,123,1783,1934,47,108,699000,11044,77,3290,5297,3,33,58,2,0,2,,,,,,,,28288,3.212,5.35,15.19,7.17,7.17,10.07,5663,47383,1363,632,4.707,24.07,2,2.4,3,3.6,37,44.46,13,15.62,2,2.4,0,0,0,0,2,3,7,22,3,0,0,5,6.01,32,38.45,42,6,36,looking for a fight=1172; after reagents=243; after a horse=172; to Ulwin=13; to Wystan=11,"marching on (825, 1245)=1; to Ysolt=1; to Ulwin=1; after a horse=1; to Wystan=1"
2026-09-18_12-57,2026-09-18,2026-09-18T12:57:29,2026-09-18T13:25:18,27.82,,5,2026-09-18T13:22:34,25.08,18430,227648655,95528,5.18,61.93,15652,2774,4,919,1176,891,32,1084,0,167,1986,787,35,119,381172,12510,32,4335,4609,2,15,257,3,1,2,,,,,,,,10167,3.808,6.35,15.05,5.88,6.38,10.08,8543,50859,1735,584,5.044,20.31,2,4.31,2,4.31,17,36.67,5,10.78,2,4.31,0,0,0,0,2,2,4,8,1,0,0,4,8.63,13,28.04,54,6,48,"marching on (825, 1245)=299; after reagents=299; looking for a fight=229; to Delwyn=22; to Cassia=20",to Delwyn=2; station=1; looking for a fight=1
2026-09-18_13-25,2026-09-18,2026-09-18T13:25:42,2026-09-18T13:33:17,7.58,,1,2026-09-18T13:30:47,5.08,1741,9554075,5391,3.1,69.05,1681,51,9,10,18,8,32,4,0,145,51,0,1,0,75043,2856,3,876,866,0,10,0,0,0,0,,,,,,,,166,1.061,1.77,2.93,0.23,1.03,,,,,,,,0,0,0,0,10,79.12,4,31.65,0,0,0,0,0,0,0,0,9,0,1,0,0,0,0,10,79.12,,,,looking for a fight=13; to Delano for glass=2; out to the woods for herbs=1; looking for a line on a skeleton=1; to a tree=1,
2026-09-18_13-33,2026-09-18,2026-09-18T13:33:39,2026-09-18T14:01:42,28.05,,5,2026-09-18T13:58:44,25.08,15980,102435429,41569,2.6,110.76,15116,862,2,13,405,141,32,415,0,264,241,616,19,17,394568,7269,39,1830,2239,1,20,5,1,0,1,,,,,,,,23025,1.657,2.76,5.39,2.6,2.53,10.08,6664,28983,741,365,2.874,11.12,1,2.14,2,4.28,24,51.34,6,12.83,1,2.14,0,0,0,0,1,2,2,15,4,0,0,3,6.42,21,44.92,48,6,42,"marching on (825, 1245)=299; looking for a fight=40; to Faron Ashdown=11; up to the rock=6; going to the training field=5",to Faron Ashdown=1; looking for a fight=1
2026-09-18_14-02,2026-09-18,2026-09-18T14:02:05,2026-09-18T14:35:18,33.22,,6,2026-09-18T14:32:10,30.08,14098,173851204,68513,4.86,63.37,12664,1431,3,35,671,107,32,686,0,207,524,897,8,53,462876,12534,50,3980,4214,0,8,3,0,0,0,,,,,,,,25254,2.277,3.8,10.15,4.87,4.76,10.08,5780,47133,1104,524,4.674,19.1,0,0,0,0,9,16.26,5,9.03,1,1.81,0,0,0,0,0,0,3,3,3,0,0,0,0,9,16.26,30,0,30,"marching on (825, 1245)=299; to where Joss was fighting=196; looking for a fight=131; to Rance for a scroll=13; out to the woods for herbs=4",
2026-09-18_14-35,2026-09-18,2026-09-18T14:35:43,2026-09-18T15:15:44,40.02,,7,2026-09-18T15:10:48,35.08,16846,164741249,70995,4.21,62.05,15043,1801,2,18,855,863,32,825,0,139,1167,624,33,84,529936,9726,71,2925,3857,3,26,85,0,0,0,,,,,,,,17688,2.024,3.37,10.69,4.9,5.08,10.08,6114,26275,707,322,2.606,11.56,0,0,3,4.5,31,46.48,7,10.5,2,3,0,0,0,0,0,3,2,23,3,0,0,3,4.5,28,41.98,54,12,42,"marching on (825, 1245)=299; after reagents=299; to a tree=57; looking for a fight=28; to Bryn Ashdown=11",to Bryn Ashdown=1; to Isolde=1; to Rowan=1
2026-09-18_15-16,2026-09-18,2026-09-18T15:16:07,2026-09-18T15:32:45,16.63,,3,2026-09-18T15:31:12,15.08,10877,84895586,32722,3.01,63.2,10067,809,1,29,421,25,32,354,0,279,204,605,8,39,222097,8111,13,2261,2457,1,6,40,0,0,0,,,,,,,,9453,2.169,3.62,7.44,3.25,3.87,10.08,7490,26853,691,310,2.663,9.23,0,0,1,3.61,7,25.25,3,10.82,2,7.21,0,0,0,0,0,1,1,3,2,0,0,1,3.61,6,21.64,36,6,30,"marching on (825, 1245)=300; looking for a fight=34; to Alden Ashdown=11; out to the woods for herbs=5; to Delano for glass=5",to Alden Ashdown=1
2026-09-18_15-33,2026-09-18,2026-09-18T15:33:08,2026-09-18T17:05:18,92.17,,18,2026-09-18T17:03:14,90.1,57776,536744527,208852,3.61,60.59,52686,5068,22,12,2353,587,32,2357,0,132,2511,2543,119,111,1592654,22014,136,5061,7676,2,118,17,1,0,1,,,,,,,,117569,2.318,3.86,8.77,4.08,4.07,10.08,5546,32056,928,451,3.179,16.73,1,0.65,2,1.3,120,78.12,36,23.44,2,1.3,0,0,0,0,1,2,22,90,5,0,0,3,1.95,117,76.17,42,0,42,"looking for a fight=1129; marching on (825, 1245)=299; to the BronzeOre=284; to the AgapiteOre=189; to the GoldOre=172",after a spectre=1; to Calla Ashdown=1; looking for a fight=1
2026-09-18_17-05,2026-09-18,2026-09-18T17:05:41,2026-09-18T17:12:42,7.02,,1,2026-09-18T17:10:47,5.1,3114,87090879,32260,10.36,61.12,2172,941,1,21,445,10,32,424,0,271,223,718,5,64,73046,3946,2,1163,1537,0,3,0,0,0,0,,,,,,,,1290,6.325,10.54,30.22,13.62,14.29,,,,,,,,0,0,0,0,4,34.2,4,34.2,1,8.55,0,0,0,0,0,0,2,0,2,0,0,0,0,4,34.2,,,,"marching on (825, 1245)=299; looking for a fight=124; out to the woods for herbs=6; to Rance for a scroll=2; to the CopperOre=2",
2026-09-18_17-13,2026-09-18,2026-09-18T17:13:04,2026-09-18T17:27:33,14.48,,2,2026-09-18T17:23:09,10.08,6473,100113295,41779,6.45,61.67,5234,1152,87,32,537,484,32,556,0,191,548,604,9,21,156531,4417,10,1324,1869,0,94,3,0,0,0,,,,,,,,12353,4.143,6.91,17.8,8.59,8.3,10.08,6473,41779,1152,556,4.143,17.8,0,0,0,0,165,683.54,29,120.14,1,4.14,0,0,0,0,0,0,156,5,4,0,0,0,0,165,683.54,564,0,564,"marching on (825, 1245)=299; after reagents=206; looking for a fight=17; out to the woods for herbs=3; up to the rock=2",
2026-09-18_17-27,2026-09-18,2026-09-18T17:27:55,2026-09-18T17:59:02,31.12,,6,2026-09-18T17:58:01,30.1,14037,195277941,76936,5.48,280,11930,2095,12,15,1015,106,32,997,0,122,834,1253,21,69,469253,7264,34,1976,3055,2,24,165,1,0,1,,,,,,,,42057,2.556,4.26,14.92,7.1,7.23,10.08,4844,18285,359,168,1.813,7.41,1,1.93,2,3.86,26,50.13,9,17.35,1,1.93,0,0,0,0,1,2,12,8,3,0,0,3,5.78,23,44.35,90,6,84,"to where they are kept=472; looking for a fight=184; to the BronzeOre=77; marching on (825, 1245)=46; to Wystan=22","to Wystan=2; marching on (825, 1245)=1"
2026-09-18_17-59,2026-09-18,2026-09-18T17:59:37,2026-09-18T18:07:05,7.47,,1,2026-09-18T18:04:43,5.1,2857,58277194,22665,7.93,130.22,2200,655,2,9,337,21,32,314,0,318,56,599,3,14,78561,2763,4,848,1155,0,4,1,0,0,0,,,,,,,,463,4.444,7.41,22.93,10.99,11.8,,,,,,,,0,0,0,0,9,72.32,4,32.14,1,8.04,0,0,0,0,0,0,2,5,2,0,0,0,0,9,72.32,,,,"marching on (825, 1245)=299; looking for a fight=26; up to the rock=2; to Phyllis for Cloth=1; to Delano for SulfurousAsh=1",
2026-09-18_18-07,2026-09-18,2026-09-18T18:07:31,2026-09-18T18:41:30,33.98,,6,2026-09-18T18:37:36,30.08,14135,223744418,88539,6.26,60.38,11786,2335,14,24,1059,576,32,1098,0,110,1113,1220,47,111,485971,9057,46,2403,3576,1,23,26,2,1,1,,,,,,,,14173,2.943,4.91,16.52,7.77,7.49,10.08,6063,31927,863,385,3.166,14.23,1,1.77,1,1.77,32,56.5,7,12.36,1,1.77,0,0,0,0,1,1,15,12,3,0,0,2,3.53,30,52.97,24,12,12,"to where they are kept=409; looking for a fight=325; to a tree=185; marching on (825, 1245)=59; to Fendrel=11","marching on (825, 1245)=1; to Fendrel=1"
2026-09-18_18-41,2026-09-18,2026-09-18T18:41:58,2026-09-18T19:02:46,20.8,,4,2026-09-18T19:02:03,20.08,9583,55176577,25843,2.7,70.83,9193,372,18,19,175,105,32,122,0,219,231,139,17,39,314991,8128,33,2847,3008,2,28,4,1,0,1,,,,,,,,18494,1.287,2.14,3.88,1.27,1.83,10.08,5750,17321,323,120,1.718,5.62,1,2.88,2,5.77,32,92.31,8,23.08,0,0,0,0,0,0,1,2,18,9,2,0,0,3,8.65,29,83.65,108,6,102,"marching on (825, 1245)=65; looking for a fight=27; to a tree=21; to Doran Ashdown=19; to Gwendra=11","marching on (825, 1245)=1; to Gwendra=1; to Doran Ashdown=1"
2026-09-18_19-03,2026-09-18,2026-09-18T19:03:14,2026-09-18T19:08:56,5.7,,1,2026-09-18T19:08:19,5.08,2868,61546342,24912,8.69,247.38,2197,671,0,14,317,21,32,307,0,321,83,588,4,16,79471,2386,5,714,1006,0,3,0,0,0,0,,,,,,,,1866,4.901,8.17,23.4,10.7,11.05,,,,,,,,0,0,0,0,3,31.58,2,21.05,1,10.53,0,0,0,0,0,0,0,1,2,0,0,0,0,3,31.58,,,,"marching on (825, 1245)=299; looking for a fight=7; to Wynona for glass=5; out to the woods for herbs=2; after a zombie=1",
2026-09-18_19-09,2026-09-18,2026-09-18T19:09:22,2026-09-18T19:16:59,7.62,,1,2026-09-18T19:14:27,5.08,1934,10868827,5682,2.94,61.42,1851,83,0,19,36,16,32,24,0,234,52,31,3,3,80023,2126,3,624,627,1,3,12,1,0,1,,,,,,,,439,1.118,1.86,4.29,1.24,1.86,,,,,,,,1,7.88,1,7.88,7,55.14,3,23.63,0,0,0,0,0,0,1,1,0,3,2,0,0,2,15.75,5,39.39,,,,"marching on (825, 1245)=13; looking for a fight=3; to Wynona for glass=3; looking for a line on a skeleton=1; to Delano for glass=1","station=1; marching on (825, 1245)=1"
2026-09-18_19-17,2026-09-18,2026-09-18T19:17:26,2026-09-18T19:24:43,7.28,,1,2026-09-18T19:22:32,5.1,4809,153427062,57109,11.88,60.85,2231,2567,11,1073,1213,42,32,1203,0,165,1221,1346,18,102,80791,3372,6,1206,2381,0,16,7,3,0,3,,,,,,,,896,11.198,18.66,53.38,25.02,25.22,,,,,,,,3,24.71,0,0,20,164.76,9,74.14,0,0,0,0,0,0,3,0,10,5,2,0,0,3,24.71,17,140.05,,,,"looking for a fight=1135; marching on (825, 1245)=55; going to the training field=3; to Rance for a scroll=2; looking for a line on a zombie=1","looking for a fight=2; marching on (825, 1245)=1"
2026-09-18_19-25,2026-09-18,2026-09-18T19:25:08,2026-09-18T19:34:27,9.32,,1,2026-09-18T19:30:13,5.08,2864,58834323,23332,8.15,60.4,2192,672,0,16,335,23,32,312,0,314,65,601,4,3,79747,2643,5,707,1037,0,3,0,0,0,0,,,,,,,,903,4.59,7.65,23.46,10.89,11.7,,,,,,,,0,0,0,0,3,19.32,2,12.88,1,6.44,0,0,0,0,0,0,0,1,2,0,0,0,0,3,19.32,,,,"marching on (825, 1245)=299; looking for a fight=13; out to the woods for herbs=5; on to Vaughn for glass=5; on to Wynona for glass=4",
2026-09-18_19-34,2026-09-18,2026-09-18T19:34:52,2026-09-18T19:43:15,8.38,,1,2026-09-18T19:39:57,5.08,3827,45509124,20261,5.29,348.5,3321,506,0,22,253,20,32,223,0,219,207,299,5,43,78482,3081,4,917,1117,2,3,2,2,1,1,,,,,,,,1800,3.986,6.64,13.22,5.83,6.61,,,,,,,,1,7.16,2,14.31,5,35.79,3,21.47,0,0,0,0,0,0,1,2,0,0,2,0,0,3,21.47,2,14.31,,,,"looking for a fight=112; marching on (825, 1245)=105; to Joss=11; to Calla Ashdown=11; to Rance for blank scrolls=5","marching on (825, 1245)=1; to Joss=1; to Calla Ashdown=1"
2026-09-18_19-43,2026-09-18,2026-09-18T19:43:41,2026-09-18T20:02:26,18.75,,0,,,,,,,,,,,,,,,,,,,,,,,,,,,,,,,,,,,,,,,,,,,,,,,,,,,,,0,0,0,0,0,0,0,0,0,0,0,0,0,0,0,0,0,0,0,0,0,0,0,0,0,0,0,0,,
2026-09-18_20-02,2026-09-18,2026-09-18T20:02:59,2026-09-18T20:36:21,33.37,,6,2026-09-18T20:33:04,30.08,19662,329170089,136488,6.94,62.22,15909,3752,1,52,1747,339,32,1921,0,111,1931,1819,34,117,419155,4566,45,1130,3153,5,25,47,3,0,3,,,,,,,,37182,4.537,7.56,19.08,9.77,8.89,10.08,7490,23494,606,284,2.33,8.09,3,5.39,6,10.79,36,64.74,11,19.78,1,1.8,0,0,0,0,3,6,1,24,2,0,0,9,16.18,27,48.55,24,6,18,"to the counter with a full pack=560; after a dog=532; looking for a fight=405; marching on (825, 1245)=108; to Nessa=38","to Nessa=3; to Ulwin=2; to the counter with a full pack=2; marching on (825, 1245)=1"
2026-09-18_20-37,2026-09-18,2026-09-18T20:37:31,2026-09-18T20:37:55,0.4,,0,,,,,,,,,,,,,,,,,,,,,,,,,,,,,,,,,,,,,,,,,,,,,,,,,,,,,0,,0,,0,,0,,0,,0,,0,,0,0,0,0,0,0,0,0,,0,,,,,,
2026-09-18_20-38,2026-09-18,2026-09-18T20:38:14,2026-09-18T20:42:22,4.13,,0,,,,,,,,,,,,,,,,,,,,,,,,,,,,,,,,,,,,,,,,,,,,,,,,,,,,,1,14.52,2,29.03,6,87.1,4,58.06,0,0,0,0,0,0,1,2,2,0,1,0,0,3,43.55,3,43.55,,,,,
2026-09-18_20-42,2026-09-18,2026-09-18T20:42:52,2026-09-18T20:43:04,0.2,,0,,,,,,,,,,,,,,,,,,,,,,,,,,,,,,,,,,,,,,,,,,,,,,,,,,,,,0,,0,,1,,1,,0,,0,,0,,0,0,0,0,1,0,0,0,,1,,,,,,
2026-09-18_20-43,2026-09-18,2026-09-18T20:43:27,2026-09-18T20:46:03,2.6,,0,,,,,,,,,,,,,,,,,,,,,,,,,,,,,,,,,,,,,,,,,,,,,,,,,,,,,14,323.08,1,23.08,22,507.69,4,92.31,0,0,0,0,0,0,14,1,1,6,0,0,0,15,346.15,7,161.54,,,,,
2026-09-19_14-06,2026-09-19,2026-09-19T14:06:44,2026-09-19T14:07:14,0.5,,0,,,,,,,,,,,,,,,,,,,,,,,,,,,,,,,,,,,,,,,,,,,,,,,,,,,,,0,,0,,1,,1,,0,,0,,0,,0,0,0,0,1,0,0,0,,1,,,,,,
2026-09-20_06-30,2026-09-20,2026-09-20T06:30:32,2026-09-20T06:30:34,0.03,,0,,,,,,,,,,,,,,,,,,,,,,,,,,,,,,,,,,,,,,,,,,,,,,,,,,,,,0,,0,,0,,0,,0,,0,,0,,0,0,0,0,0,0,0,0,,0,,,,,,
2026-09-20_08-22,2026-09-20,2026-09-20T08:22:02,2026-09-20T13:34:47,312.75,,62,2026-09-20T13:32:09,310.12,381148,7327981203,2382502,6.25,233.41,265130,115512,506,3695,57389,36154,32,57504,0,219,35605,79904,1351,971,6169836,101644,383,25919,83959,112,692,3102,215,7,208,,,,,,,,408590,7.683,12.8,30.31,15.09,15.06,10.07,6511,23751,831,412,2.359,12.76,208,39.9,96,18.42,791,151.75,111,21.29,42,8.06,0,0,0,0,208,96,418,63,6,0,0,304,58.32,487,93.43,168,6,162,to a tree=14700; to Delano with Refresh Potion=6246; looking for a fight=3910; back for its own things=3804; to Delano with Lesser Poison Potion=3776,station=184; to Leofric=12; to Ivo=8; to Delwyn=7; to Nessa=4
2026-09-21_17-46,2026-09-21,2026-09-21T17:46:49,2026-09-21T17:46:49,0,,0,,,,,,,,,,,,,,,,,,,,,,,,,,,,,,,,,,,,,,,,,,,,,,,,,,,,,0,,0,,0,,0,,0,,0,,0,,0,0,0,0,0,0,0,0,,0,,,,,,
2026-09-21_18-06,2026-09-21,2026-09-21T18:06:44,2026-09-21T18:12:13,5.48,,1,2026-09-21T18:11:50,5.1,6897,232857570,74387,10.79,186.87,3131,3738,28,430,1824,69,32,1864,0,325,322,3404,7,20,110912,1917,11,335,2201,2,27,5,0,0,0,,,,,,,,188,14.586,24.31,54.2,27.03,26.45,,,,,,,,0,0,2,21.88,38,415.81,5,54.71,4,43.77,0,0,0,0,0,2,36,0,0,0,0,2,21.88,36,393.92,,,,"to Rance for a scroll=958; to the square at 1395,1365=534; marching on (1158, 1086)=299; to Jorunn=23; to a forge=3",to Jorunn=1
2026-09-21_18-12,2026-09-21,2026-09-21T18:12:34,2026-09-21T18:20:03,7.48,,1,2026-09-21T18:17:39,5.08,5252,85505245,30152,5.74,253.13,3182,2070,0,99,1090,235,32,935,0,379,353,1514,4,33,107054,2242,16,674,1666,6,0,4,0,0,0,,,,,,,,0,5.932,9.89,39.41,17.8,20.75,,,,,,,,0,0,6,48.11,6,48.11,3,24.05,7,56.12,0,0,0,0,0,6,0,0,0,0,0,6,48.11,0,0,,,,to the counter with a full pack=674; to a counter=119; to Phyllis for SewingKit=98; to Bryn=52; to the IronOre=51,to Bryn=3; to Jorunn=2; to Harlan=1
2026-09-21_18-20,2026-09-21,2026-09-21T18:20:25,2026-09-21T18:24:46,4.35,,0,,,,,,,,,,,,,,,,,,,,,,,,,,,,,,,,,,,,,,,,,,,,,,,,,,,,,2,27.59,0,0,2,27.59,8,110.34,1,13.79,0,0,0,0,2,0,0,0,0,0,0,2,27.59,0,0,,,,,
2026-09-21_18-25,2026-09-21,2026-09-21T18:25:08,2026-09-21T18:41:54,16.77,,3,2026-09-21T18:40:13,15.08,21752,471971806,169803,7.81,473.3,13797,7918,37,390,4366,1315,32,3418,1,252,998,5611,24,52,260991,6772,53,2209,6438,2,38,7,0,0,0,,,,,,,,4577,11.258,18.76,36.4,15.71,20.07,10.08,15382,122873,5518,2360,12.186,35.87,0,0,2,7.16,42,150.3,12,42.94,10,35.79,0,0,0,0,0,2,35,3,2,0,0,2,7.16,40,143.14,114,12,102,"to Rance for a scroll=1434; to the square at 1365,1365=819; to the square at 1365,1335=300; after reagents=299; after a sheep=295",to Perri=1; to Merrick=1
2026-09-21_18-42,2026-09-21,2026-09-21T18:42:16,2026-09-21T18:45:19,3.05,,0,,,,,,,,,,,,,,,,,,,,,,,,,,,,,,,,,,,,,,,,,,,,,,,,,,,,,0,0,1,19.67,25,491.8,25,491.8,1,19.67,0,0,0,0,0,1,24,0,0,0,0,1,19.67,24,472.13,,,,,
2026-09-21_18-45,2026-09-21,2026-09-21T18:45:40,2026-09-21T18:48:52,3.2,,0,,,,,,,,,,,,,,,,,,,,,,,,,,,,,,,,,,,,,,,,,,,,,,,,,,,,,0,0,2,37.5,31,581.25,28,525,0,0,0,0,0,0,0,2,29,0,0,0,0,2,37.5,29,543.75,,,,,
2026-09-21_18-49,2026-09-21,2026-09-21T18:49:14,2026-09-21T19:02:13,12.98,,2,2026-09-21T18:59:19,10.08,15041,260590035,91659,6.09,284.18,10411,4496,134,77,1931,1099,32,2602,0,249,1155,3243,14,42,183672,5434,24,2066,4828,9,133,194,0,0,0,,,,,,,,11068,9.09,15.15,29.89,17.3,12.84,10.08,15041,91659,4496,2602,9.09,29.89,0,0,11,50.83,151,697.82,41,189.47,4,18.49,0,0,0,0,0,11,136,2,2,0,0,11,50.83,140,646.98,840,42,798,"to the square at 1365,1365=837; looking for a fight=105; to Phyllis for SewingKit=99; to Pierce for Hatchet=99; to Gorman for Hatchet=99",station=3; at Orin Ashdown of the enemy=2; to Ivo=2; to Alden Ashdown=1; fight=1
2026-09-21_21-58,2026-09-21,2026-09-21T21:58:51,2026-09-22T01:07:21,188.5,,37,2026-09-22T01:03:57,185.1,224575,7784741827,2747796,12.24,127.88,146575,77236,764,4088,37391,7865,32,39625,0,168,21400,54711,812,569,3501802,73287,387,21522,63722,128,1096,3070,46,0,46,,,,,,,,349453,14.845,24.74,34.39,17.64,16.65,10.08,19197,158130,5264,2860,15.682,27.42,46,14.64,128,40.74,1230,391.51,237,75.44,77,24.51,0,0,0,0,46,128,684,366,6,0,0,174,55.38,1056,336.13,420,102,318,"to the square at 1395,1275=3480; to the square at 1365,1305=3312; to the square at 1335,1245=2768; to the square at 1335,1305=2619; to the square at 1335,1275=2482",station=51; to Gerda=10; at Cassia of the enemy=6; to Ulla=4; over to Ilsa Ashdown=4
2026-09-22_02-48,2026-09-22,2026-09-22T02:48:41,2026-09-22T03:56:57,68.27,,13,2026-09-22T03:53:46,65.08,97831,415837598,163053,1.67,300.21,90584,7032,215,499,2604,2602,32,3782,0,64,5844,697,227,152,1440010,34116,121,9401,13186,22,401,1545,36,1,35,,,,,,,,24987,2.505,4.18,7.19,3.87,2.66,10.08,20883,14174,485,278,1.406,2.32,35,30.76,22,19.34,428,376.17,77,67.68,0,0,0,0,0,0,35,22,210,158,3,0,0,57,50.1,371,326.07,546,0,546,looking for a fight=428; up to the rock=169; to Nessa=40; fight=27; to the ShadowIronOre=21,station=37; to Nessa=3; to Nyla=1; over to Orin=1; over to Yarrow=1
2026-09-22_03-57,2026-09-22,2026-09-22T03:57:24,2026-09-22T04:06:28,9.07,,1,2026-09-22T04:02:29,5.08,3663,55560957,21151,5.77,60.3,3055,608,0,57,324,84,32,303,0,121,269,339,5,18,137644,2131,13,379,1012,6,2,15,0,0,0,,,,,,,,0,4.161,6.93,16.6,8.27,8.85,,,,,,,,0,0,8,52.94,13,86.03,2,13.24,0,0,0,0,0,0,0,8,0,4,1,0,0,8,52.94,5,33.09,,,,looking for a fight=220; over to Orin Ashdown=22; over to Fendrel=20; up to the rock=13; over to Elspeth=11,over to Orin Ashdown=2; up to the rock=1; over to Fendrel=1; over to Elspeth=1; over to Bertram=1
2026-09-22_04-06,2026-09-22,2026-09-22T04:06:49,2026-09-22T05:11:05,64.27,,12,2026-09-22T05:06:55,60.1,56667,1061491819,378945,6.69,132.68,39797,16583,287,5126,7719,1577,32,8006,0,160,9646,6550,189,193,1359598,14895,157,3939,13224,25,419,451,15,1,14,,,,,,,,46625,6.305,10.51,29.26,14.13,13.62,10.08,9885,36505,961,351,3.62,9.72,14,13.07,27,25.21,465,434.13,64,59.75,19,17.74,0,0,0,0,14,27,284,137,3,0,0,41,38.28,424,395.85,126,42,84,"to the counter with a full pack=1643; after a dog=1247; to a fire=1063; to the muster at (1440, 1470)=898; looking for a fight=551",station=11; to the counter with a full pack=5; over to Orin Ashdown=3; to Calla=2; over to Harlan=2
2026-09-22_05-11,2026-09-22,2026-09-22T05:11:33,2026-09-22T09:19:09,247.6,,49,2026-09-22T09:16:40,245.12,248322,5734110119,1908936,7.69,131.82,158088,88931,1303,5422,42662,6537,32,44424,0,282,15858,71411,633,427,5896977,87266,839,18295,70771,111,1578,2124,103,10,93,,,,,,,,260980,7.788,12.98,35.81,17.89,17.18,10.08,11787,106444,3279,1628,10.556,27.82,93,22.54,58,14.05,1642,397.9,159,38.53,42,10.18,0,0,0,0,93,58,1119,364,8,0,0,151,36.59,1491,361.31,354,96,258,looking for a fight=4775; to Devon with Leather Bustier Arms=4350; out to the woods for herbs=3321; to Delano for glass=3217; to Gorman with Club=2993,station=64; to Gerda=15; to Delano for glass=9; to Alden=5; to the counter with a full pack=4
2026-09-22_09-19,2026-09-22,2026-09-22T09:19:35,2026-09-22T11:04:17,104.7,,20,2026-09-22T10:59:40,100.08,130109,3338010719,1106499,8.5,165.83,72157,57441,511,5290,28112,2651,32,28524,0,309,9702,47425,232,148,2662925,26205,323,6542,38093,20,579,555,24,3,21,,,,,,,,155295,11.056,18.43,44.15,21.92,21.61,10.08,9427,90747,3530,1746,9,37.45,21,12.03,21,12.03,609,349,56,32.09,28,16.05,0,0,0,0,21,21,426,138,3,0,0,42,24.07,567,324.93,228,126,102,to Delano with Strength Potion=6390; to Rance for a scroll=6211; to a fire=2890; to Athena with Thigh Boots=2316; looking for a fight=1959,station=21; over to Calla Ashdown=3; over to Doran=2; over to Corwin=2; over to Ilsa Ashdown=1
2026-09-22_11-04,2026-09-22,2026-09-22T11:04:44,2026-09-22T11:39:39,34.92,,6,2026-09-22T11:34:49,30.08,47871,1244815019,399142,8.34,300.37,24193,23489,189,2371,11107,2916,32,12036,0,271,6151,17281,114,141,798575,13762,91,3683,16891,9,246,1185,40,6,34,,,,,,,,51193,13.268,22.11,49.07,25.14,23.2,10.08,18086,133864,8628,4529,13.276,47.71,34,58.42,9,15.47,256,439.9,17,29.21,7,12.03,0,0,0,0,34,9,176,36,1,0,0,43,73.89,213,366.01,276,24,252,to Missy=2421; to Rance for a scroll=2021; to the counter of The Blade=1286; to Delano with Spiders Silk=1162; looking for a fight=622,station=31; over to Lysa Ashdown=2; over to Nyla=1; over to Ivo=1; to the counter of The Blade=1
2026-09-22_11-40,2026-09-22,2026-09-22T11:40:05,2026-09-22T12:14:55,34.83,,6,2026-09-22T12:10:10,30.08,59263,1571875839,518121,8.74,175.62,33211,26013,39,5149,11404,1798,32,11909,0,322,8938,16974,151,153,826399,37342,89,11847,24455,11,135,1512,39,5,34,,,,,,,,55307,17.223,28.7,43.89,20.1,19.24,10.08,16197,131666,7395,3417,13.058,45.66,42,72.34,11,18.95,160,275.6,42,72.34,7,12.06,0,0,0,0,42,11,37,68,2,0,0,53,91.29,107,184.31,414,90,324,to Rance for a scroll=4212; to Rance with Weaken Scroll=1289; looking for a fight=912; to Delano=779; to the counter with a full pack=488,station=25; to Rance for a scroll=6; to the counter with a full pack=3; to a counter=2; to Missy=2
2026-09-22_12-15,2026-09-22,2026-09-22T12:15:23,2026-09-22T13:25:05,69.7,,13,2026-09-22T13:20:29,65.1,128755,4371065228,1400893,10.88,300.66,49314,79425,16,26581,37847,7277,32,37903,0,283,27614,51806,478,540,1544550,24733,155,3926,43068,8,157,839,140,17,123,,,,,,,,90711,21.519,35.87,61.69,29.44,29.39,10.08,21323,237164,15148,6829,23.52,71.04,123,105.88,8,6.89,165,142.04,124,106.74,62,53.37,0,0,0,0,123,8,16,16,2,0,0,131,112.77,34,29.27,378,342,36,out to the woods for herbs=5908; to the counter with a full pack=3257; to Rance for a scroll=3167; to the counter of The Crown=2882; to a tree=2575,to Rance for a scroll=20; to the counter with a full pack=19; to Alim for a scroll=13; station=10; out to the woods for herbs=5
2026-09-22_13-25,2026-09-22,2026-09-22T13:25:31,2026-09-22T14:02:30,36.98,,7,2026-09-22T14:00:36,35.08,62913,1842598622,572689,9.1,300.02,20709,41939,265,2183,20470,1639,32,20995,0,430,4454,37278,131,104,989022,11256,101,2902,24614,6,315,549,22,1,21,,,,,,,,48022,16.324,27.21,66.66,33.37,32.54,10.08,17768,177883,12346,6134,17.641,69.48,21,34.07,4,6.49,324,525.64,46,74.63,30,48.67,0,0,0,0,21,4,243,53,3,0,0,25,40.56,299,485.08,174,30,144,to the counter with a full pack=6974; to Misty with Thigh Boots=2472; to Alim for a scroll=2425; to Rance for a scroll=2382; looking for a fight=1948,to the counter with a full pack=9; to Rance for a scroll=3; to Athena with Thigh Boots=2; over to Marek=1; over to Garrow=1
2026-09-22_14-02,2026-09-22,2026-09-22T14:02:52,2026-09-22T15:10:33,67.68,,13,2026-09-22T15:07:57,65.08,100532,3000505419,974841,9.7,300.03,36406,63469,657,4869,31403,2477,32,31446,0,368,8520,54804,240,203,1802747,21802,171,3713,35664,25,740,209,21,1,20,,,,,,,,113659,14.978,24.96,63.13,31.28,31.24,10.08,17486,171516,11753,5764,17.01,67.21,20,17.73,19,16.84,762,675.5,54,47.87,42,37.23,0,0,0,0,20,19,600,118,5,0,0,39,34.57,723,640.93,498,48,450,to the counter with a full pack=10974; to Rance for a scroll=6213; to Missy with Bolt=5672; looking for a fight=3976; to Abra with Leather Cap=746,to the counter with a full pack=7; station=5; to Rance for a scroll=4; to Alim for a scroll=1; to Edda Ashdown=1
2026-09-22_15-10,2026-09-22,2026-09-22T15:10:59,2026-09-22T15:47:59,37,,7,2026-09-22T15:46:04,35.08,43831,1487214908,482733,11.01,300.28,16738,27055,38,1002,13205,2767,32,13510,0,302,4187,22868,129,120,1002078,15391,123,2134,16106,7,119,456,12,0,12,,,,,,,,43562,13.76,22.93,61.73,30.82,30.13,10.07,12300,135528,6944,3420,13.463,56.46,12,19.46,7,11.35,129,209.19,52,84.32,13,21.08,0,0,0,0,12,7,38,69,3,0,0,19,30.81,110,178.38,288,72,216,to Delano with Ginseng=2555; to the counter with a full pack=2173; to Delano with Nightshade=1479; to Aislinn with Club=1457; out to the woods for herbs=1339,to Rance for a scroll=3; to the counter with a full pack=3; to Alim for a scroll=2; out to the woods for herbs=2; taking my place in the ranks=2
2026-09-22_15-48,2026-09-22,2026-09-22T15:48:21,2026-09-22T16:55:45,67.4,,13,2026-09-22T16:53:26,65.08,72716,1997342758,643659,8.85,214.63,36577,35939,200,1819,17650,1859,32,17659,0,299,6455,29274,225,120,1748687,13833,200,3429,22958,15,351,890,25,3,22,,,,,,,,59278,9.89,16.48,49.42,24.28,24.27,10.07,13723,132072,7589,3656,13.12,55.3,22,19.58,15,13.35,380,338.28,55,48.96,9,8.01,0,0,0,0,22,15,192,143,8,0,0,37,32.94,343,305.34,948,54,894,to Delano with Lesser Poison Potion=5511; to Rance for a scroll=2986; looking for a fight=2335; to Phyllis for Cloth=1352; to Gorman with Club=984,station=12; to Gerda=7; to the counter with a full pack=3; to a counter=2; to Rance for a scroll=2
2026-09-22_16-56,2026-09-22,2026-09-22T16:56:16,2026-09-22T18:06:04,69.8,,13,2026-09-22T18:01:22,65.1,70803,2405644330,788395,11.14,300.07,31606,39153,44,3881,17697,10028,32,17580,0,213,13670,25178,468,272,1617648,23091,195,7749,26301,15,268,224,34,3,31,,,,,,,,80897,12.111,20.18,55.3,24.83,24.99,10.1,14198,168090,9919,3850,16.643,69.86,31,26.65,14,12.03,284,244.13,59,50.72,23,19.77,0,0,0,0,31,14,43,193,3,0,0,45,38.68,239,205.44,240,78,162,looking for a fight=3214; to Wynona with Nightshade=2353; to a tree=2127; to the counter with a full pack=1767; out to the woods for herbs=1270,station=6; out to the woods for herbs=5; to Rance for a scroll=3; to the counter with a full pack=3; over to Fendrel=2
2026-09-22_18-06,2026-09-22,2026-09-22T18:06:31,2026-09-22T19:20:08,73.62,,14,2026-09-22T19:16:37,70.1,92686,3622399162,1211163,13.07,300.15,34624,58013,49,6526,28184,4184,32,28272,0,254,14507,43328,464,281,1928529,25385,221,5138,35117,29,376,2083,70,8,62,,,,,,,,64217,17.278,28.8,62.59,30.5,30.41,10.08,17460,182349,9155,4554,18.084,52.43,62,50.53,28,22.82,413,336.61,83,67.65,27,22.01,0,0,0,0,62,28,45,270,8,0,0,90,73.35,323,263.26,360,102,258,to Rance for a scroll=5948; to Aislinn with Pitchfork=4228; out to the woods for herbs=4094; looking for a fight=3510; to the counter with a full pack=2007,station=34; to Rance for a scroll=11; to Gerda=8; out to the woods for herbs=4; to the counter with a full pack=4
2026-09-23_19-26,2026-09-23,2026-09-23T19:26:33,2026-09-23T19:26:33,0,,0,,,,,,,,,,,,,,,,,,,,,,,,,,,,,,,,,,,,,,,,,,,,,,,,,,,,,0,,0,,0,,0,,0,,0,,0,,0,0,0,0,0,0,0,0,,0,,,,,,
2026-09-23_21-41,2026-09-23,2026-09-23T21:41:17,2026-09-23T21:41:19,0.03,,0,,,,,,,,,,,,,,,,,,,,,,,,,,,,,,,,,,,,,,,,,,,,,,,,,,,,,0,,0,,0,,0,,0,,0,,0,,0,0,0,0,0,0,0,0,,0,,,,,,
2026-09-24_01-56,2026-09-24,2026-09-24T01:56:49,2026-09-24T02:08:52,12.05,,2,2026-09-24T02:06:55,10.1,10323,423034033,146857,14.23,300.27,5755,4564,4,589,2063,332,32,2282,0,191,1272,3290,33,33,258883,3735,33,1250,3896,0,21,94,1,1,0,,,,,,,,8932,14.54,24.23,44.21,22.11,19.98,10.1,10323,146857,4564,2282,14.54,44.21,0,0,1,4.98,26,129.46,3,14.94,10,49.79,0,0,0,0,0,1,4,20,1,0,0,1,4.98,25,124.48,126,0,126,"out to the woods for herbs=1315; looking for a fight=300; to the square at 1395,1335=299; drilling 7=9; up to the rock=5",
2026-09-24_02-09,2026-09-24,2026-09-24T02:09:23,2026-09-24T02:12:05,2.7,,0,,,,,,,,,,,,,,,,,,,,,,,,,,,,,,,,,,,,,,,,,,,,,,,,,,,,,4,88.89,0,0,9,200,5,111.11,0,0,0,0,0,0,4,0,0,4,1,0,0,4,88.89,5,111.11,,,,,
2026-09-24_02-12,2026-09-24,2026-09-24T02:12:23,2026-09-24T02:43:40,31.28,,6,2026-09-24T02:42:28,30.08,32451,1064822363,328715,10.13,300.09,13758,18662,31,1498,8980,832,32,9094,0,281,3350,15221,161,204,857916,7516,97,1654,11538,6,155,188,18,1,17,,,,,,,,27596,10.927,18.21,57.51,28.02,27.67,10.07,8341,94309,4266,2023,9.368,51.14,17,32.61,6,11.51,164,314.54,39,74.8,10,19.18,0,0,0,0,17,6,27,109,5,0,0,23,44.11,141,270.43,306,72,234,to Sabra with Gnarled Staff=2432; to Rance for a scroll=1403; looking for a fight=1340; out to the woods for herbs=1032; to Aislinn with Gnarled Staff=855,to Rance for a scroll=3; to Aislinn with Gnarled Staff=3; out to the woods for herbs=2; to the counter with a full pack=2; up to the rock=2
2026-09-24_02-44,2026-09-24,2026-09-24T02:44:01,2026-09-24T02:52:42,8.68,,1,2026-09-24T02:49:06,5.08,7864,201750617,65987,8.39,300.22,3429,4397,38,187,1865,884,32,1915,0,223,1665,2732,18,72,139260,4084,14,1853,3809,0,44,347,0,0,0,,,,,,,,2388,12.981,21.64,55.91,24.35,23.72,,,,,,,,0,0,0,0,50,345.49,3,20.73,6,41.46,0,0,0,0,0,0,37,11,2,0,0,0,0,50,345.49,,,,to the counter with a full pack=1240; looking for a fight=207; taking my place in the ranks=42; drilling 10=3; looking for a line on a zombie=2,
2026-09-24_02-53,2026-09-24,2026-09-24T02:53:01,2026-09-24T03:29:07,36.1,,7,2026-09-24T03:28:06,35.08,35549,1211394007,395925,11.14,300.2,15628,19843,78,1695,9441,2343,32,9518,0,224,5996,13786,184,100,929616,9190,128,2731,13453,13,205,746,7,0,7,,,,,,,,47459,11.285,18.81,55.82,26.77,26.56,10.08,12356,118912,6098,2958,11.793,49.35,7,11.63,13,21.61,219,363.99,29,48.2,14,23.27,0,0,0,0,7,13,70,125,4,0,0,20,33.24,199,330.75,474,66,408,"to Kepa with Ribs=2439; to the counter with a full pack=1715; to a fire=1552; looking for a fight=1380; to the square at 1395,1335=299",to the counter with a full pack=4; to a fire=3; over to Leofric=2; to Gerda=2; over to Selwyn=2
2026-09-24_03-29,2026-09-24,2026-09-24T03:29:30,2026-09-24T04:15:35,46.08,,9,2026-09-24T04:14:35,45.08,38408,1085417742,352030,9.17,300.12,22481,15914,13,315,7050,2987,32,7941,0,231,4078,11832,111,66,958236,13404,151,5275,14305,8,100,199,10,1,9,,,,,,,,35471,7.808,13.01,41.43,20.68,18.36,10.08,9259,138067,4308,2100,13.693,46.53,9,11.72,8,10.42,108,140.61,12,15.62,7,9.11,0,0,0,0,9,8,13,73,5,0,0,17,22.13,91,118.48,120,12,108,"to Rance with Fireball Scroll=1650; to the counter of The Crown=1506; to the counter with a full pack=1426; looking for a fight=779; to the square at 1455,1335=299",station=10; over to Perri Ashdown=1; over to Leofric=1; to Gerda Ashdown=1; over to Quill Ashdown=1
2026-09-24_04-15,2026-09-24,2026-09-24T04:15:56,2026-09-24T05:00:09,44.22,,8,2026-09-24T04:56:01,40.08,22594,584119996,190639,8.44,300.08,13499,9061,34,97,4412,493,32,4354,0,256,1811,7250,80,114,681644,4036,121,925,6363,3,84,503,21,0,21,,,,,,,,26418,4.756,7.93,40.1,19.27,19.53,10.07,6639,55826,2818,1314,5.546,42.45,21,28.5,5,6.78,90,122.13,13,17.64,9,12.21,0,0,0,0,21,5,34,26,4,0,0,26,35.28,64,86.85,198,6,192,"out to the woods for herbs=2027; to the counter with a full pack=538; looking for a fight=418; to the square at 1395,1365=299; to the square at 1455,1395=294",station=21; over to Merrick=1; over to Edda Ashdown=1; taking my place in the ranks=1
2026-09-24_05-00,2026-09-24,2026-09-24T05:00:28,2026-09-24T05:45:00,44.53,,8,2026-09-24T05:40:33,40.08,12089,167600420,64677,5.35,61.61,10595,1489,5,29,715,302,32,684,0,176,743,742,31,24,580228,3570,106,506,2553,4,27,0,1,1,0,,,,,,,,26141,1.614,2.69,12.32,5.66,5.91,10.08,4545,19979,530,234,1.981,11.66,0,0,4,5.39,37,49.85,11,14.82,3,4.04,0,0,0,0,0,4,11,16,6,0,0,4,5.39,33,44.46,78,12,66,looking for a fight=313; to a fire=210; up to the rock=77; to a tree=25; over to Cassia=22,over to Cassia=2; to Faron Ashdown=1; over to Aric=1
2026-09-24_05-45,2026-09-24,2026-09-24T05:45:20,2026-09-24T06:33:01,47.68,,9,2026-09-24T06:30:25,45.08,31916,1175714511,375163,11.75,146.22,10026,21849,41,126,10797,289,32,10829,0,336,1403,20418,64,64,631905,3829,82,694,13165,1,62,85,0,0,0,,,,,,,,43563,8.322,13.87,68.46,33.93,33.83,10.07,3517,38980,1451,688,3.872,41.26,0,0,1,1.26,71,89.34,18,22.65,18,22.65,0,0,0,0,0,1,30,35,5,0,0,1,1.26,70,88.08,60,0,60,to the counter with a full pack=4800; to Delano with Mandrake Root=4225; looking for a fight=1294; to a fire=315; up to the rock=17,over to Ilsa Ashdown=1
2026-09-24_06-33,2026-09-24,2026-09-24T06:33:37,2026-09-24T06:50:47,17.17,,3,2026-09-24T06:48:41,15.07,5376,108501405,37818,7.03,64.72,4000,1370,6,39,629,65,32,662,0,187,390,980,13,30,215856,938,37,195,1186,0,9,3,0,0,0,,,,,,,,11405,2.51,4.18,25.48,12.31,11.7,10.07,4085,32490,1347,658,3.227,32.97,0,0,0,0,10,34.95,5,17.48,3,10.49,0,0,0,0,0,0,2,4,4,0,0,0,0,10,34.95,48,0,48,looking for a fight=308; to a fire=300; out to the woods for herbs=5; up to the rock=4; after reagents=2,
2026-09-24_06-50,2026-09-24,2026-09-24T06:50:53,2026-09-24T07:19:44,28.85,,5,2026-09-24T07:15:58,25.08,25761,700768804,282293,10.96,61.66,14092,11557,112,663,4617,4439,32,5852,0,166,5558,5977,263,175,287494,9896,61,3602,9917,11,106,509,0,0,0,,,,,,,,13940,11.254,18.76,44.86,22.72,17.92,10.08,8536,154648,5138,2539,15.337,60.19,0,0,12,24.96,118,245.41,4,8.32,3,6.24,0,0,0,0,0,12,100,5,1,0,0,12,24.96,106,220.45,624,6,618,fight=1569; to the war company=1359; to a fire=599; looking for a fight=431; after a zombie=28,station=7; over to Edda Ashdown=1; to Piers=1; to Hollis=1; to Cassia=1
2026-09-24_07-19,2026-09-24,2026-09-24T07:19:48,2026-09-24T08:04:35,44.78,,8,2026-09-24T07:59:53,40.08,19330,430808755,174675,9.04,84.83,13289,5989,52,63,2633,3647,32,3061,0,43,4548,1154,69,79,474072,6160,85,1971,5460,5,96,138,13,0,13,,,,,,,,31784,4.358,7.26,30.98,15.84,13.62,10.08,9102,96294,3514,1796,9.55,38.61,13,17.42,5,6.7,120,160.77,16,21.44,3,4.02,0,0,0,0,13,5,66,29,7,0,0,18,24.12,102,136.66,330,96,234,fight=1225; looking for a fight=1094; after a zombie=28; up to the rock=27; to Yarrow=23,fight=12; to Yarrow=2; to Aric=1; to Kelda=1; over to Yarrow=1
2026-09-24_08-04,2026-09-24,2026-09-24T08:04:38,2026-09-24T08:45:18,40.67,,8,2026-09-24T08:44:43,40.08,22154,673940209,216514,9.77,62.1,10085,12048,21,214,5816,958,32,5734,0,272,4026,7981,92,88,528613,3858,86,688,8003,4,80,1408,37,0,37,,,,,,,,22144,5.402,9,54.38,25.88,26.25,10.08,4785,59004,1923,822,5.852,40.19,37,54.59,4,5.9,85,125.41,15,22.13,2,2.95,0,0,0,0,37,4,18,23,3,0,0,41,60.49,44,64.92,60,12,48,to Delano for glass=3547; looking for a fight=409; out to the woods for herbs=299; to Vance Ashdown=29; up to the rock=22,station=37; over to Cassia=1; to Calla Ashdown=1; to Vance Ashdown=1; over to Vesna=1
2026-09-24_08-45,2026-09-24,2026-09-24T08:45:21,2026-09-24T09:30:31,45.17,,9,2026-09-24T09:30:27,45.1,33529,571936411,186054,5.55,150,24158,9239,132,64,4565,1080,32,4630,0,511,1476,7757,31,42,486912,8718,85,2161,8596,5,129,128,1,0,1,,,,,,,,17286,4.125,6.88,27.56,13.81,13.62,10.08,8155,47890,2598,1288,4.749,31.86,1,1.33,5,6.64,134,178.01,10,13.28,5,6.64,0,0,0,0,1,5,113,10,5,0,0,6,7.97,128,170.04,42,18,24,"to Delano for glass=2360; to the corpse=375; after reagents=301; to the square at 1185,1515=299; to the square at 1215,1545=299","station=1; to Lysa Ashdown=1; to Yarrow=1; fight=1; to the square at 1185,1455=1"
2026-09-24_09-30,2026-09-24,2026-09-24T09:30:35,2026-09-24T09:52:04,21.48,,4,2026-09-24T09:50:40,20.08,16445,634432632,196815,11.97,68.23,5835,10479,131,155,5149,444,32,4993,0,241,3474,7003,244,153,256409,3792,49,1442,5887,2,353,1080,214,0,214,,,,,,,,5379,9.8,16.33,63.72,30.36,31.31,10.08,5373,63156,2076,1043,6.263,38.64,249,695.42,2,5.59,391,1092.01,11,30.72,2,5.59,0,0,0,0,249,2,131,4,5,0,0,251,701.01,140,391,102,0,102,"to Rance with Magic Arrow Scroll=2024; to Jora for blank scrolls=683; looking for a fight=402; to the square at 1335,1245=300; to the edge of town to gather=299",station=213; over to Torvin Ashdown=1; at Marek=1; over to Ulla Ashdown=1
2026-09-24_09-52,2026-09-24,2026-09-24T09:52:08,2026-09-24T09:54:25,2.28,,0,,,,,,,,,,,,,,,,,,,,,,,,,,,,,,,,,,,,,,,,,,,,,,,,,,,,,2,52.55,0,0,4,105.11,2,52.55,0,0,0,0,0,0,2,0,0,1,1,0,0,2,52.55,2,52.55,,,,,
2026-09-24_09-54,2026-09-24,2026-09-24T09:54:32,2026-09-24T10:13:35,19.05,,3,2026-09-24T10:09:37,15.08,16405,201953381,73218,4.46,109.14,12945,3400,60,231,1630,356,32,1749,0,230,703,2603,18,50,191856,4314,36,1134,2961,8,59,112,2,0,2,,,,,,,,6071,4.854,8.09,20.73,10.66,9.94,10.08,11463,47847,2210,1139,4.745,19.28,5,15.75,5,15.75,67,211.02,7,22.05,1,3.15,0,0,0,0,5,5,50,4,3,0,0,10,31.5,57,179.53,168,18,150,to Jora for blank scrolls=714; looking for a fight=429; to where they are kept=222; to Delano for SulfurousAsh=99; over to Calla Ashdown=22,station=3; over to Calla Ashdown=2; over to Otho=1
2026-09-24_10-13,2026-09-24,2026-09-24T10:13:40,2026-09-24T10:20:51,7.18,,1,2026-09-24T10:18:44,5.07,7131,50954353,17109,2.4,61.7,6243,868,20,18,434,42,32,441,0,297,49,801,5,17,67972,920,7,154,930,0,10,1,1,1,0,,,,,,,,1951,3.377,5.63,12.17,6.18,6.09,,,,,,,,0,0,0,0,12,100.23,6,50.12,1,8.35,0,0,0,0,0,0,10,2,0,0,0,0,0,12,100.23,,,,to a fire=299; looking for a fight=99; over to Calla Ashdown=14; over to Corwin=13; to where they are kept=3,
2026-09-24_10-20,2026-09-24,2026-09-24T10:20:55,2026-09-24T11:00:14,39.32,,7,2026-09-24T10:56:00,35.08,44729,394070227,120759,2.7,62.61,37263,7456,10,41,3927,93,32,3621,0,345,447,6978,25,29,539039,8907,55,1690,5876,6,19,10,3,0,3,,,,,,,,344,3.442,5.74,16.67,8.1,8.78,10.07,13219,30306,1776,866,3.011,13.44,3,4.58,6,9.16,26,39.68,9,13.73,1,1.53,0,0,0,0,3,6,4,9,4,0,0,9,13.73,17,25.94,48,18,30,"to Rance for a scroll=2335; to Athena with Thigh Boots=709; to the square at 1245,1455=299; looking for a fight=277; over to Selwyn=139",over to Selwyn=2; looking for a fight=2; over to Garrow=1; over to Leofric=1; to Aislinn for Pickaxe=1
2026-09-24_11-00,2026-09-24,2026-09-24T11:00:21,2026-09-24T11:47:52,47.52,,9,2026-09-24T11:45:26,45.08,27133,829594567,287358,10.59,115.76,14622,12321,190,648,5520,777,32,5882,0,382,4347,7838,90,149,682470,7230,101,2269,9059,7,120,1821,15,1,14,,,,,,,,33487,6.374,10.62,45.41,21.68,20.34,10.08,4250,33849,1285,627,3.357,30.24,14,17.68,7,8.84,127,160.36,18,22.73,7,8.84,0,0,0,0,14,7,81,20,5,0,0,21,26.52,106,133.85,102,30,72,"looking for a fight=1119; to the square at 1275,1515=515; to the corpse=439; to the square at 1185,1455=299; to the square at 1245,1485=299",station=13; to Doran Ashdown=2; to Brannoc=2; to Gerda=1; fight=1
2026-09-24_11-47,2026-09-24,2026-09-24T11:47:56,2026-09-24T12:31:16,43.33,,8,2026-09-24T12:28:01,40.08,35427,1317081327,420979,11.88,62.47,12327,23075,25,422,11166,604,32,11273,0,325,2286,20784,92,89,604501,4900,89,1099,13097,2,79,527,4,0,4,,,,,,,,12781,10.503,17.5,65.13,31.82,31.52,10.08,9400,124807,5655,2801,12.378,60.16,4,5.54,2,2.77,82,113.54,11,15.23,6,8.31,0,0,0,0,4,2,25,47,4,0,0,6,8.31,76,105.23,42,12,30,"to Delano for glass=7340; to Rance for a scroll=875; to a fire=768; looking for a fight=715; to the square at 1395,1245=299",station=3; to Rance for a scroll=1; over to Aric=1; to a fire=1
2026-09-24_12-31,2026-09-24,2026-09-24T12:31:19,2026-09-24T13:23:22,52.05,,10,2026-09-24T13:21:24,50.08,38577,1267539368,392239,10.17,300.23,13808,24731,38,109,12263,1659,32,12356,0,361,1973,22714,65,97,701886,5000,111,868,14172,2,86,16,0,0,0,,,,,,,,40970,7.832,13.05,64.11,32.03,31.79,10.08,7908,79991,4379,2182,7.933,55.37,0,0,3,3.46,93,107.2,14,16.14,1,1.15,0,0,0,0,0,3,39,46,5,0,0,3,3.46,90,103.75,30,6,24,to Delano for glass=8542; to Athena with Thigh Boots=2006; to Kepa with Ribs=447; looking for a fight=415; after reagents=284,over to Otho=1; to Nyla=1
2026-09-24_13-23,2026-09-24,2026-09-24T13:23:58,2026-09-24T14:03:05,39.12,,7,2026-09-24T13:59:03,35.08,32479,939659717,295586,9.1,300.46,13630,18641,208,735,9181,857,32,9141,0,382,2874,15725,91,132,477884,4636,70,1121,11073,3,256,956,29,0,29,,,,,,,,85666,8.425,14.04,57.39,28.14,28.27,10.08,10079,81193,4862,2448,8.052,48.24,29,44.48,4,6.14,305,467.83,24,36.81,2,3.07,0,0,0,0,29,4,235,31,6,0,0,33,50.62,272,417.21,474,18,456,"to Delano for glass=5136; to Delano with Lesser Cure Potion=1891; looking for a fight=542; to the square at 1395,1425=300; to the corpse=158",station=27; looking for a fight=2; over to Selwyn=1; over to Lysa=1; to Harlan=1
2026-09-24_14-03,2026-09-24,2026-09-24T14:03:46,2026-09-24T14:14:32,10.77,,2,2026-09-24T14:13:51,10.08,11356,237897515,78779,6.94,300.49,5602,5754,0,28,3500,1362,32,2200,0,298,1447,4307,23,17,179499,3288,22,1459,3642,1,20,13,0,0,0,,,,,,,,2746,7.813,13.02,50.67,19.37,30.82,10.08,11356,78779,5754,2200,7.813,50.67,0,0,1,5.57,21,117.03,4,22.29,1,5.57,0,0,0,0,0,1,0,17,3,0,0,1,5.57,20,111.46,120,6,114,to Delano for glass=2040; taking my place in the ranks=1268; looking for a fight=102; over to Kerrin=11; up to the rock=8,over to Kerrin=1
2026-09-24_14-14,2026-09-24,2026-09-24T14:14:54,2026-09-24T14:46:31,31.62,,6,2026-09-24T14:44:59,30.08,29220,831141259,247353,8.47,300.04,12973,16201,46,260,7981,475,32,8151,0,376,566,15466,33,64,521495,4118,68,1199,9848,3,65,43,1,1,0,,,,,,,,44746,8.222,13.7,55.44,27.9,27.31,10.08,11475,91728,5890,2965,9.097,51.33,0,0,3,5.69,68,129.05,11,20.88,1,1.9,0,0,0,0,0,3,42,20,3,0,0,3,5.69,65,123.35,156,6,150,"to Delano for glass=7154; looking for a fight=327; to the square at 1425,1395=294; to a tree=38; up to the rock=13",over to Harlan=1; over to Delwyn=1; to Gerda=1
2026-09-24_14-47,2026-09-24,2026-09-24T14:47:07,2026-09-24T15:31:30,44.38,,8,2026-09-24T15:27:12,40.08,20421,593052190,200009,9.79,300.01,10916,9486,19,110,4619,592,32,4667,0,294,2067,7416,103,119,676050,4360,74,836,6431,4,98,387,13,1,12,,,,,,,,19040,4.99,8.32,46.45,22.85,22.62,10.08,9201,111033,6390,3145,11.012,69.45,12,16.22,4,5.41,105,141.95,18,24.33,6,8.11,0,0,0,0,12,4,18,64,7,0,0,16,21.63,89,120.32,60,18,42,to Delano for glass=2428; out to the woods for herbs=920; to a fire=324; looking for a fight=116; up to the rock=108,station=11; to Gerda=2; over to Fendrel=1; to a fire=1; over to Sable Ashdown=1
2026-09-24_15-31,2026-09-24,2026-09-24T15:31:53,2026-09-24T16:14:01,42.13,,8,2026-09-24T16:11:59,40.1,19859,96985269,44117,2.22,300.49,18840,1013,6,34,368,773,32,611,0,53,969,41,89,17,511860,5740,67,1429,3356,3,92,15,0,0,0,,,,,,,,18435,1.1,1.83,5.1,3.08,1.85,10.08,5245,12361,460,345,1.226,8.77,0,0,3,4.27,98,139.56,14,19.94,0,0,0,0,0,0,0,3,8,82,5,0,0,3,4.27,95,135.28,30,0,30,up to the rock=77; over to Edda Ashdown=28; to the CopperOre=14; over to Wynn=11; to Garrow=11,fight=1; over to Wynn=1; to Garrow=1
2026-09-24_16-14,2026-09-24,2026-09-24T16:14:27,2026-09-24T17:02:40,48.22,,9,2026-09-24T16:59:33,45.1,33713,432748013,158091,4.69,300.05,27407,6215,91,51,2845,1059,32,3182,0,315,801,4729,68,63,694330,14304,104,3294,8518,2,143,143,2,1,1,,,,,,,,70829,3.505,5.84,18.44,9.44,8.44,10.08,6501,28409,853,473,2.817,13.12,1,1.24,2,2.49,159,197.86,22,27.38,6,7.47,0,0,0,0,1,2,87,64,5,0,0,3,3.73,156,194.12,216,0,216,"to Delano with Spiders Silk=978; to where they are kept=894; to the square at 1305,1515=252; looking for a fight=203; to the corpse=87",over to Kelda=1; to Delano with Spiders Silk=1; over to Edda Ashdown=1
2026-09-24_17-03,2026-09-24,2026-09-24T17:03:10,2026-09-24T18:06:16,63.1,,12,2026-09-24T18:03:16,60.1,81714,248242352,113826,1.39,300.32,76828,4808,78,93,2650,4573,32,2294,0,13,4753,32,40,2,908294,54292,128,18972,20836,25,111,2029,0,0,0,,,,,,,,50315,1.894,3.16,5.88,2.81,3.24,10.08,6787,11874,147,27,1.178,2.17,0,0,23,21.87,134,127.42,14,13.31,0,0,0,0,0,0,0,23,72,34,5,0,0,23,21.87,111,105.55,174,6,168,to Aric=46; to Merrick=38; to Sable=35; to Doran=34; to Kerrin=34,station=9; to Merrick=3; to Aric=2; over to Elspeth=1; to Doran=1
2026-09-24_18-06,2026-09-24,2026-09-24T18:06:38,2026-09-24T18:32:01,25.38,,5,2026-09-24T18:31:43,25.08,78062,27588132,25217,0.32,300.49,77477,481,104,102,220,298,32,230,0,108,395,23,36,1,715492,34284,48,7963,8550,13,119,7,0,0,0,,,,,,,,7124,1.005,1.68,0.62,0.29,0.28,10.08,29235,12779,259,94,1.267,0.89,0,0,13,30.73,132,312.02,12,28.37,0,0,0,0,0,0,0,13,83,34,2,0,0,13,30.73,119,281.29,612,48,564,over to Orin Ashdown=33; over to Harlan=25; over to Hollis=22; up to the rock=19; over to Faron Ashdown=15,over to Harlan=2; over to Orin Ashdown=2; over to Hollis=2; over to Faron Ashdown=1; over to Pell=1
2026-09-24_18-32,2026-09-24,2026-09-24T18:32:25,2026-09-24T20:01:07,88.7,,17,2026-09-24T19:57:32,85.12,42581,1109954750,427269,10.03,300.6,28249,14268,64,658,6701,888,32,6934,0,263,5104,9116,135,125,1360326,9792,199,2677,11024,7,146,422,19,1,18,,,,,,,,51700,5.02,8.37,33.51,16.28,15.74,10.12,10718,132736,3743,1747,13.121,34.92,19,12.85,7,4.74,159,107.55,31,20.97,15,10.15,0,0,0,0,19,7,57,68,8,0,0,26,17.59,133,89.97,84,42,42,"to a fire=2495; out to the woods for herbs=989; looking for a fight=731; to Akello=578; to the square at 1335,1425=299",station=16; to a fire=3; over to Dain=2; over to Hollis=1; over to Rhiannon=1
2026-09-24_20-01,2026-09-24,2026-09-24T20:01:29,2026-09-24T20:05:40,4.18,,0,,,,,,,,,,,,,,,,,,,,,,,,,,,,,,,,,,,,,,,,,,,,,,,,,,,,,0,0,0,0,27,387.25,8,114.74,0,0,0,0,0,0,0,0,22,1,4,0,0,0,0,27,387.25,,,,,
2026-09-24_20-06,2026-09-24,2026-09-24T20:06:00,2026-09-24T21:18:37,72.62,,14,2026-09-24T21:16:06,70.1,22857,295863431,142612,6.24,124.09,18417,4325,115,240,1981,1231,32,2086,0,197,2357,1744,67,68,1149339,6425,80,1511,4260,2,141,480,6,1,5,,,,,,,,77507,2.034,3.39,18.92,9.13,8.67,10.1,4037,36035,1281,597,3.568,31.73,5,4.13,2,1.65,144,118.98,16,13.22,4,3.31,0,0,0,0,5,2,94,37,6,0,0,7,5.78,137,113.2,372,6,366,looking for a fight=739; to the counter with a full pack=586; up to the rock=32; to Nyla=22; to a fire=20,station=4; to Dain=1; looking for a fight=1; to Nyla=1
2026-09-25_06-17,2026-09-25,2026-09-25T06:17:44,2026-09-25T06:29:10,11.43,,2,2026-09-25T06:27:51,10.12,11061,111448568,44400,4.01,300.08,9253,1795,13,392,752,705,32,870,0,91,1233,520,27,46,293719,3110,33,725,2054,1,27,292,9,0,9,,,,,,,,5422,4.389,7.31,16.23,7.87,6.8,10.12,11061,44400,1795,870,4.389,16.23,9,47.23,1,5.25,47,246.65,9,47.23,0,0,0,0,0,0,9,1,22,12,3,0,0,10,52.48,37,194.17,168,60,108,looking for a fight=402; to a fire=8; up to the rock=2; after reagents=2; to the CopperOre=1,station=10
2026-09-25_06-29,2026-09-25,2026-09-25T06:29:34,2026-09-25T07:03:42,34.13,,6,2026-09-25T06:59:39,30.08,38135,1010048222,335261,8.79,300.24,18095,19957,83,2895,9468,3159,32,9623,0,253,10289,9561,230,157,862667,8362,67,2187,12127,5,248,3676,61,3,58,,,,,,,,14184,11.144,18.57,52.33,25.23,24.83,10.08,12632,87765,4564,2104,8.704,36.13,58,101.95,5,8.79,266,467.58,36,63.28,1,1.76,0,0,0,0,58,5,72,125,6,0,0,63,110.74,203,356.84,534,114,420,to Aislinn with Short Spear=4204; after a horse=487; looking for a fight=426; to the corpse=299; up to the rock=116,station=59; to Alden Ashdown=1; up to the rock=1; over to Selwyn=1; over to Delwyn=1
2026-09-25_07-04,2026-09-25,2026-09-25T07:04:02,2026-09-25T07:55:58,51.93,,10,2026-09-25T07:54:07,50.08,41037,769057400,289247,7.05,300.36,28545,12459,33,521,5805,3414,32,5702,0,185,6674,5769,215,130,1372218,11596,102,2237,10192,7,215,2973,48,5,43,,,,,,,,50427,5.775,9.63,30.36,13.89,14.15,10.07,13837,135972,7306,3326,13.507,52.8,43,49.68,7,8.09,224,258.79,23,26.57,2,2.31,0,0,0,0,43,7,26,142,6,0,0,50,57.77,174,201.03,480,216,264,to Delano=1576; looking for a fight=439; to a counter=301; up to the rock=82; to a tree=24,station=44; over to Ysolt=1; over to Marek=1; over to Hale Ashdown=1; over to Corwin=1
2026-09-25_07-56,2026-09-25,2026-09-25T07:56:14,2026-09-25T08:44:08,47.9,,9,2026-09-25T08:41:19,45.08,30112,551692098,201946,6.71,300.31,22843,7230,39,212,4123,2697,32,2712,0,185,3669,3419,216,95,1204099,9933,56,3219,6550,13,224,105,1,0,1,,,,,,,,65545,4.479,7.47,24.01,9.01,13.69,10.07,9599,73110,3632,1092,7.263,37.84,1,1.25,13,16.28,241,301.88,34,42.59,6,7.52,0,0,0,0,1,13,28,193,6,0,0,14,17.54,227,284.34,174,24,150,taking my place in the ranks=1398; back for its own things=886; looking for a fight=814; up to the rock=162; to the ShadowIronOre=108,station=2; to Otho=1; over to Rhiannon=1; over to Dain=1; over to Ulwin=1
2026-09-25_08-44,2026-09-25,2026-09-25T08:44:21,2026-09-25T15:18:40,394.32,,78,2026-09-25T15:14:31,390.17,234741,8022176427,3023735,12.88,62.44,116319,117422,1000,7916,57207,5501,32,57209,0,184,46991,70199,635,364,6670783,49563,496,13498,75255,28,1163,1686,22,3,19,,,,,,,,340365,7.75,12.92,50.02,24.37,24.37,10.08,10936,126217,5023,2361,12.517,45.93,19,2.89,28,4.26,1199,182.44,96,14.61,47,7.15,0,0,0,0,19,28,665,478,9,0,0,47,7.15,1152,175.29,354,0,354,after a dog=22771; to the counter with a full pack=10755; to Delano for glass=7275; to Abra with Leather=4478; to Aislinn with Club=2952,station=22; to the counter with a full pack=3; over to Delwyn=2; to Jarek Ashdown=2; over to Yarrow=1
2026-09-25_15-18,2026-09-25,2026-09-25T15:18:48,2026-09-25T15:34:37,15.82,,3,2026-09-25T15:33:54,15.1,6230,65672246,27521,4.42,64.15,5582,628,20,6,297,155,32,307,0,93,417,211,25,24,260227,1317,15,290,666,3,43,5,0,0,0,,,,,,,,2738,1.823,3.04,10.08,4.93,4.77,10.1,4926,16309,355,180,1.615,7.21,0,0,4,15.17,53,201.05,10,37.93,0,0,0,0,0,0,0,4,20,26,3,0,0,4,15.17,49,185.88,192,12,180,looking for a fight=200; over to Calla Ashdown=22; up to the rock=15; over to Selwyn=11; over to Dain=10,over to Calla Ashdown=2; over to Selwyn=1
2026-09-25_15-35,2026-09-25,2026-09-25T15:35:01,2026-09-25T16:05:40,30.65,,6,2026-09-25T16:05:06,30.08,15931,245940490,91087,5.72,60.42,12453,3356,122,294,1576,462,32,1686,0,138,1301,2033,92,48,494274,2742,31,629,2946,10,170,7,2,2,0,,,,,,,,15784,3.028,5.05,21.07,10.58,9.89,10.07,6045,29275,1011,474,2.908,16.72,0,0,10,19.58,186,364.11,25,48.94,2,3.92,0,0,0,0,0,10,91,82,3,0,0,10,19.58,176,344.54,324,48,276,"looking for a fight=517; to the square at 1305,1425=301; to the square at 1275,1425=300; to where they are kept=218; up to the rock=31",over to Harlan=1; over to Brannoc Ashdown=1; over to Garrow=1; over to Ivo=1; over to Otho=1
2026-09-25_16-05,2026-09-25,2026-09-25T16:05:49,2026-09-25T16:51:20,45.52,,9,2026-09-25T16:50:54,45.08,31575,370594547,144928,4.59,63.04,23167,7527,881,38,3160,2755,32,4453,0,726,1395,4454,91,44,512379,17964,53,5069,10874,13,776,281,0,0,0,,,,,,,,298430,3.215,5.36,23.84,14.1,10.01,10.08,9935,55319,2322,1341,5.486,23.37,0,0,8,10.55,792,1044.01,114,150.27,6,7.91,0,0,0,0,0,8,704,75,5,0,0,8,10.55,784,1033.47,1026,6,1020,to the corpse=675; to the counter with a full pack=587; looking for a fight=400; out to the woods for herbs=300; to where they are kept=299,"fight=2; station=2; over to Emrys Ashdown=1; to the square at 1455,1335=1; over to Dain=1"
2026-09-25_16-51,2026-09-25,2026-09-25T16:51:28,2026-09-25T16:58:45,7.28,,1,2026-09-25T16:56:33,5.08,4927,11034504,6528,1.32,300.03,4130,574,223,36,115,527,32,429,0,19,136,0,4,25,56580,3657,11,1186,2131,1,178,49,0,0,0,,,,,,,,99999,1.284,2.14,11.65,8.71,2.33,,,,,,,,0,0,1,8.24,187,1540.5,33,271.85,0,0,0,0,0,0,0,1,181,4,1,0,0,1,8.24,186,1532.27,,,,"to a tree=32; to Wynn Ashdown=11; to Emrys=6; fight=4; on to (5317, 1309) in the Orc Caves=3",to Wynn Ashdown=1
2026-09-25_16-58,2026-09-25,2026-09-25T16:58:53,2026-09-25T17:27:20,28.45,,5,2026-09-25T17:23:58,25.08,59630,375326084,151124,2.53,300.2,49012,10265,353,309,4522,5479,32,5878,0,180,5219,4408,86,42,524317,41107,42,15635,21279,33,359,1726,1,0,1,,,,,,,,105098,6.025,10.04,17.21,9.86,7.58,10.08,24933,59619,3208,1940,5.913,12.87,1,2.11,32,67.49,412,868.89,81,170.83,6,12.65,0,0,0,0,1,32,314,62,3,0,0,33,69.6,379,799.3,1038,84,954,"to the counter with a full pack=886; looking for a fight=499; to the muster at (1778, 1492) for the next wave=449; to the square at 1365,1335=299; to the war company=87",station=18; at Selwyn of the enemy=3; to Ronan Ashdown=2; over to Quill Ashdown=1; to Ulla Ashdown=1
2026-09-25_17-27,2026-09-25,2026-09-25T17:27:27,2026-09-25T17:28:52,1.42,,0,,,,,,,,,,,,,,,,,,,,,,,,,,,,,,,,,,,,,,,,,,,,,,,,,,,,,0,0,1,42.35,11,465.88,7,296.47,0,0,0,0,0,0,0,1,8,2,0,0,0,1,42.35,10,423.53,,,,,
2026-09-25_17-28,2026-09-25,2026-09-25T17:28:58,2026-09-25T17:29:10,0.2,,0,,,,,,,,,,,,,,,,,,,,,,,,,,,,,,,,,,,,,,,,,,,,,,,,,,,,,0,,2,,5,,3,,0,,0,,0,,0,2,3,0,0,0,0,2,,3,,,,,,
2026-09-25_17-31,2026-09-25,2026-09-25T17:31:57,2026-09-25T17:32:22,0.42,,0,,,,,,,,,,,,,,,,,,,,,,,,,,,,,,,,,,,,,,,,,,,,,,,,,,,,,0,,3,,4,,1,,0,,0,,0,,0,3,1,0,0,0,0,3,,1,,,,,,
2026-09-26_01-08,2026-09-26,2026-09-26T01:08:49,2026-09-26T01:35:31,26.7,,5,2026-09-26T01:33:55,25.1,18032,299845017,101224,5.61,121.57,11977,5909,146,51,2983,1113,32,3211,0,300,578,4669,29,23,207700,5800,10,2297,5351,2,142,195,0,0,0,,,,,,,,18054,4.033,6.72,32.77,17.81,16.54,10.1,6453,39147,2552,1355,3.876,39.55,0,0,2,4.49,146,328.09,28,62.92,1,2.25,0,0,0,0,0,2,121,21,2,0,0,2,4.49,144,323.6,462,12,450,to Delano for glass=1793; out to the woods for herbs=301; to Vaughn for glass=238; to a tree=48; fight=15,to Alden=1; fight=1
2026-09-26_01-35,2026-09-26,2026-09-26T01:35:50,2026-09-26T01:42:17,6.45,,1,2026-09-26T01:40:55,5.08,3273,51667243,17178,5.25,90.81,2128,1131,14,22,545,158,32,586,0,336,120,944,4,25,46269,950,1,231,847,1,7,6,0,0,0,,,,,,,,9366,3.379,5.63,34.56,17.9,16.65,,,,,,,,0,0,2,18.6,29,269.77,8,74.42,0,0,0,0,0,0,0,2,25,2,0,0,0,2,18.6,27,251.16,,,,to Delano for glass=471; to a tree=39; to Ronan=11; to Vesna=10; to Ulwin=2,to Ronan=1
2026-09-26_01-42,2026-09-26,2026-09-26T01:42:34,2026-09-26T01:45:32,2.97,,0,,,,,,,,,,,,,,,,,,,,,,,,,,,,,,,,,,,,,,,,,,,,,,,,,,,,,0,0,0,0,3,60.67,3,60.67,0,0,0,0,0,0,0,0,3,0,0,0,0,0,0,3,60.67,,,,,
2026-09-26_01-45,2026-09-26,2026-09-26T01:45:49,2026-09-26T01:47:54,2.08,,0,,,,,,,,,,,,,,,,,,,,,,,,,,,,,,,,,,,,,,,,,,,,,,,,,,,,,0,0,2,57.6,13,374.4,7,201.6,0,0,0,0,0,0,0,2,11,0,0,0,0,2,57.6,11,316.8,,,,,
2026-09-26_01-48,2026-09-26,2026-09-26T01:48:11,2026-09-26T01:55:29,7.3,,1,2026-09-26T01:53:16,5.08,5446,43164513,15075,2.77,60.71,4601,771,74,17,300,252,32,460,0,194,67,475,3,20,46185,2128,1,755,1213,1,61,32,1,1,0,,,,,,,,10246,2.966,4.94,14.16,8.45,5.51,,,,,,,,0,0,1,8.22,115,945.21,15,123.29,0,0,0,0,0,0,0,1,113,0,1,0,0,1,8.22,114,936.99,,,,to Rance for a scroll=131; out to the woods for herbs=109; fight=16; to Neriah=7; after a timber wolf=1,fight=1
2026-09-26_01-55,2026-09-26,2026-09-26T01:55:50,2026-09-26T02:05:35,9.75,,1,2026-09-26T02:00:55,5.08,4819,55287867,17254,3.58,61.1,3162,1493,164,15,606,383,32,916,0,293,105,1075,4,21,41402,1963,11,786,1683,4,159,9,0,0,0,,,,,,,,31543,3.394,5.66,30.98,19.01,12.58,,,,,,,,0,0,11,67.69,215,1323.08,14,86.15,0,0,0,0,0,0,0,11,202,0,2,0,0,11,67.69,204,1255.38,,,,to Rance for a scroll=353; to Delano for glass=189; to Wystan=47; fight=6; looking for a line on a wraith=1,to Wystan=4
2026-09-26_02-05,2026-09-26,2026-09-26T02:05:53,2026-09-26T02:10:31,4.63,,0,,,,,,,,,,,,,,,,,,,,,,,,,,,,,,,,,,,,,,,,,,,,,,,,,,,,,0,0,0,0,41,530.94,13,168.35,0,0,0,0,0,0,0,0,40,0,1,0,0,0,0,41,530.94,,,,,
2026-09-26_02-10,2026-09-26,2026-09-26T02:10:50,2026-09-26T02:17:28,6.63,,1,2026-09-26T02:15:55,5.08,3047,4545842,3079,1.01,150.02,2653,228,166,0,108,195,32,169,0,54,34,9,3,15,40918,1079,8,368,641,5,157,29,1,0,1,,,,,,,,15610,0.606,1.01,7.48,5.55,3.54,,,,,,,,1,9.05,5,45.23,211,1908.54,6,54.27,0,0,0,0,0,0,1,5,205,0,0,0,0,6,54.27,205,1854.27,,,,to Torvin=40; to Kelda=16; to Ulla=11; to Rance for a scroll=6; to Perri=3,to Torvin=3; to Kelda=1; to Ulla=1; walking Stacey home=1
2026-09-26_02-17,2026-09-26,2026-09-26T02:17:45,2026-09-26T02:20:33,2.8,,0,,,,,,,,,,,,,,,,,,,,,,,,,,,,,,,,,,,,,,,,,,,,,,,,,,,,,0,0,2,42.86,5,107.14,3,64.29,0,0,0,0,0,0,0,2,3,0,0,0,0,2,42.86,3,64.29,,,,,
2026-09-26_02-20,2026-09-26,2026-09-26T02:20:52,2026-09-26T02:25:35,4.72,,0,,,,,,,,,,,,,,,,,,,,,,,,,,,,,,,,,,,,,,,,,,,,,,,,,,,,,0,0,4,50.88,36,457.95,10,127.21,1,12.72,0,0,0,0,0,4,32,0,0,0,0,4,50.88,32,407.07,,,,,
2026-09-26_02-25,2026-09-26,2026-09-26T02:25:53,2026-09-26T02:28:43,2.83,,0,,,,,,,,,,,,,,,,,,,,,,,,,,,,,,,,,,,,,,,,,,,,,,,,,,,,,0,0,3,63.53,42,889.41,7,148.24,1,21.18,0,0,0,0,0,3,39,0,0,0,0,3,63.53,39,825.88,,,,,
2026-09-26_02-29,2026-09-26,2026-09-26T02:29:00,2026-09-26T02:33:11,4.18,,0,,,,,,,,,,,,,,,,,,,,,,,,,,,,,,,,,,,,,,,,,,,,,,,,,,,,,0,0,9,129.08,67,960.96,13,186.45,0,0,0,0,0,0,0,9,58,0,0,0,0,9,129.08,58,831.87,,,,,
2026-09-26_02-33,2026-09-26,2026-09-26T02:33:28,2026-09-26T02:41:44,8.27,,1,2026-09-26T02:38:33,5.08,3216,53415265,21939,6.82,158.95,1972,1174,70,10,537,549,32,699,0,161,326,586,2,15,35140,1729,2,502,1184,7,33,5,0,0,0,,,,,,,,21005,4.316,7.19,36.5,21.74,16.7,,,,,,,,0,0,9,65.32,81,587.9,18,130.65,2,14.52,0,0,0,0,0,9,72,0,0,0,0,9,65.32,72,522.58,,,,out to the woods for herbs=298; after reagents=140; to Edda=43; to Maeve=22; fight=16,to Edda=3; to Maeve=2; to Kelda=1; fight=1
2026-09-26_02-42,2026-09-26,2026-09-26T02:42:02,2026-09-26T03:26:34,44.53,,8,2026-09-26T03:22:07,40.08,24392,175282287,58879,2.41,114.29,20164,3787,441,9,1667,965,32,2150,0,336,538,2705,14,23,291795,6404,18,1980,4220,10,149,81,0,0,0,,,,,,,,155582,1.469,2.45,15.53,8.81,6.83,10.07,8569,40882,2825,1511,4.061,32.97,0,0,10,13.47,161,216.92,22,29.64,2,2.69,0,0,0,0,0,10,140,11,0,0,0,10,13.47,151,203.44,360,12,348,to Rance for a scroll=1350; after reagents=108; fight=24; to Orin=22; to Maeve=19,to Orin=2; station=2; to Torvin=1; to Neriah=1; fight=1
2026-09-26_03-26,2026-09-26,2026-09-26T03:26:53,2026-09-26T03:41:23,14.5,,2,2026-09-26T03:36:58,10.08,5031,15336302,7044,1.4,62.25,4382,548,101,0,211,523,32,341,0,25,312,0,3,25,64888,1872,0,738,1061,3,85,161,0,0,0,,,,,,,,39149,0.699,1.16,10.89,6.78,4.19,10.08,5031,7044,548,341,0.699,10.89,0,0,4,16.55,104,430.34,14,57.93,0,0,0,0,0,0,0,4,98,0,2,0,0,4,16.55,100,413.79,528,18,510,to Ilsa=38; to Oswin=11; to Talia=1,to Ilsa=2; to Oswin=1
2026-09-26_03-41,2026-09-26,2026-09-26T03:41:40,2026-09-26T03:41:43,0.05,,0,,,,,,,,,,,,,,,,,,,,,,,,,,,,,,,,,,,,,,,,,,,,,,,,,,,,,0,,0,,0,,0,,0,,0,,0,,0,0,0,0,0,0,0,0,,0,,,,,,
2026-09-26_03-43,2026-09-26,2026-09-26T03:43:03,2026-09-26T03:45:33,2.5,,0,,,,,,,,,,,,,,,,,,,,,,,,,,,,,,,,,,,,,,,,,,,,,,,,,,,,,0,0,0,0,9,216,4,96,0,0,0,0,0,0,0,0,9,0,0,0,0,0,0,9,216,,,,,
2026-09-26_03-45,2026-09-26,2026-09-26T03:45:52,2026-09-26T04:07:02,21.17,,4,2026-09-26T04:05:57,20.08,10143,13964539,8167,0.81,316.78,9147,785,211,0,150,745,32,629,0,12,337,0,16,0,128253,4988,3,1577,2120,4,196,89,0,0,0,,,,,,,,92599,0.407,0.68,7.74,6.2,1.48,10.07,4566,3950,371,297,0.392,8.13,0,0,3,8.5,199,564.09,18,51.02,0,0,0,0,0,0,0,3,180,15,1,0,0,3,8.5,196,555.59,666,12,654,fight=19; to Maeve=14; up to the rock=9; to Calla=5; to the DullCopperOre=4,station=1; fight=1; to Maeve=1
2026-09-26_04-07,2026-09-26,2026-09-26T04:07:20,2026-09-26T04:15:35,8.25,,1,2026-09-26T04:12:25,5.08,2237,3941059,2569,1.15,63.57,2109,115,13,0,99,102,32,92,0,26,100,0,1,0,29844,1001,1,321,371,1,7,67,0,0,0,,,,,,,,9437,0.505,0.84,5.14,4.11,4.43,,,,,,,,0,0,1,7.27,8,58.18,5,36.36,0,0,0,0,0,0,0,1,6,0,1,0,0,1,7.27,7,50.91,,,,fight=15; to Rowan=12; to Talia=4; round to the anvil side of the forge=1,fight=1
2026-09-26_04-15,2026-09-26,2026-09-26T04:15:53,2026-09-26T04:26:06,10.22,,2,2026-09-26T04:25:58,10.08,3235,5800841,3075,0.95,60.23,2645,517,73,0,116,497,32,389,0,6,217,0,3,0,42568,2174,1,956,1308,2,64,99,0,0,0,,,,,,,,17708,0.305,0.51,15.98,12.02,3.59,10.08,3235,3075,517,389,0.305,15.98,0,0,2,11.75,66,387.6,7,41.11,0,0,0,0,0,0,0,2,61,1,2,0,0,2,11.75,64,375.86,396,12,384,fight=14; looking for a line on a wraith=1; up to the rock=1,fight=1; station=1
2026-09-26_04-26,2026-09-26,2026-09-26T04:26:23,2026-09-26T04:31:34,5.18,,1,2026-09-26T04:31:28,5.08,1290,4597540,2670,2.07,64,1214,61,15,0,15,43,32,28,0,40,61,0,2,0,24709,618,6,83,367,1,17,2,0,0,0,,,,,,,,1077,0.525,0.88,4.73,2.17,1.16,,,,,,,,0,0,1,11.58,18,208.36,2,23.15,1,11.58,0,0,0,0,0,1,15,0,2,0,0,1,11.58,17,196.78,,,,to Orin=11; to Aislinn=1,to Orin=1
2026-09-26_04-31,2026-09-26,2026-09-26T04:31:51,2026-09-26T04:57:17,25.43,,5,2026-09-26T04:56:56,25.08,10938,8979820,4911,0.45,67.38,10762,136,40,0,59,96,32,61,0,46,93,0,9,0,158698,1732,5,396,450,4,39,2,0,0,0,,,,,,,,15250,0.196,0.33,1.24,0.56,0.54,10.08,4301,1759,46,21,0.174,1.07,0,0,4,9.44,43,101.44,5,11.8,0,0,0,0,0,0,0,4,30,7,2,0,0,4,9.44,39,92.01,18,12,6,to Cassia=23; to Orin=12; to Nessa=11; up to the rock=4; to the ShadowIronOre=3,to Cassia=2; to Nessa=1; to Orin=1
2026-09-26_04-57,2026-09-26,2026-09-26T04:57:40,2026-09-26T10:40:48,343.13,,68,2026-09-26T10:37:48,340.13,155398,1042501186,416801,2.68,62.91,133561,19777,2060,629,7356,17982,32,12192,0,38,12608,2698,278,286,1707297,81903,246,17910,32566,107,1426,1450,1,0,1,,,,,,,,569420,1.225,2.04,12.73,7.85,4.73,10.08,4830,3390,65,38,0.336,1.35,1,0.17,52,9.09,1562,273.13,121,21.16,3,0.52,0,0,0,0,1,52,1469,33,7,0,0,53,9.27,1509,263.86,204,0,204,"to a tree=4678; to the muster at (1440, 1470)=461; fight=215; to Ulla=65; to Ivo=34",station=19; fight=7; to Hollis=3; to Ulla=3; to Delwyn=2
2026-09-26_10-41,2026-09-26,2026-09-26T10:41:05,2026-09-26T11:45:34,64.48,,12,2026-09-26T11:41:12,60.12,57302,261961253,99245,1.73,61.52,49004,7545,753,74,3465,5279,32,4835,0,32,4857,1061,27,31,414248,45743,89,14825,19955,38,690,1854,0,0,0,,,,,,,,299027,1.651,2.75,13.17,8.44,6.05,10.08,10608,7353,1317,824,0.729,12.42,1,0.93,28,26.05,754,701.58,84,78.16,3,2.79,0,0,0,0,1,28,703,19,3,0,0,29,26.98,725,674.59,786,30,756,"to the new ground at 1082,1402=1046; at Jarek of the enemy=69; at Ulla of the enemy=60; at Perri of the enemy=43; to Brannoc=40",station=8; at Jarek of the enemy=4; at Ulla of the enemy=3; to Jarek=2; to Lorcan=1
2026-09-26_11-45,2026-09-26,2026-09-26T11:45:52,2026-09-26T13:10:27,84.58,,16,2026-09-26T13:05:58,80.1,63965,1329483384,443792,6.94,367.12,38951,24446,568,156,11015,4657,32,11640,0,216,4862,18035,103,213,378828,35590,52,9776,21959,44,514,473,9,0,9,,,,,,,,309072,5.54,9.23,38.22,18.2,17.22,10.08,12554,78480,3563,2023,7.783,28.38,10,7.09,13,9.22,561,397.95,87,61.71,20,14.19,0,0,0,0,10,13,527,9,2,0,0,23,16.32,538,381.64,906,48,858,"to Rance for a scroll=2289; to the muster at (1178, 1500) for the next wave=1542; out to the woods for herbs=1309; to the new ground at 1082,1402=1053; to a tree=889","to the muster at (1178, 1500) for the next wave=5; fight=4; at Dain of the enemy=2; at Rowan of the enemy=1; at Talia of the enemy=1"
2026-09-26_13-10,2026-09-26,2026-09-26T13:10:50,2026-09-26T13:16:25,5.58,,1,2026-09-26T13:15:54,5.07,6382,134655518,48766,7.64,301.34,3827,2398,157,33,970,598,32,1081,0,72,751,1143,8,18,46955,3427,5,1379,2526,3,139,57,2,0,2,,,,,,,,31407,9.625,16.04,37.57,16.94,15.2,,,,,,,,2,21.49,3,32.24,151,1622.69,21,225.67,1,10.75,0,0,0,0,2,3,143,1,2,0,0,5,53.73,146,1568.96,,,,"to the square at 1065,1395=447; to the war company=299; to the muster at (1084, 1406)=99; to Dain=22; to Maeve=16","to the square at 1065,1395=1; to Delwyn=1; station=1; to the muster at (1084, 1406)=1; to Dain=1"
2026-09-26_13-16,2026-09-26,2026-09-26T13:16:43,2026-09-26T14:05:33,48.83,,9,2026-09-26T14:01:48,45.08,72294,1629443823,561778,7.77,311.68,44476,27739,79,760,13324,2256,32,11141,0,224,7851,19670,183,232,490955,27825,46,10360,20890,49,128,1780,49,2,47,,,,,,,,29771,12.461,20.77,38.37,15.41,18.43,10.08,14848,113890,5809,2644,11.295,39.12,54,66.35,50,61.43,185,227.3,88,108.12,6,7.37,0,0,0,0,54,50,69,7,5,0,0,104,127.78,81,99.52,528,252,276,to the counter of The Lantern=3479; to Missy=1855; to Athena with Thigh Boots=1504; out to the woods for herbs=935; to Rance with Mandrake Root=674,station=20; fight=17; to Missy=7; to the counter of The Lantern=7; at Fendrel of the enemy=3
2026-09-26_14-05,2026-09-26,2026-09-26T14:05:51,2026-09-26T14:11:41,5.83,,1,2026-09-26T14:10:56,5.08,7633,208093810,78218,10.25,216.83,3984,3641,8,83,1723,692,32,1828,0,138,1661,1951,10,39,49097,3440,7,1130,3154,4,13,114,4,0,4,,,,,,,,26,15.387,25.65,47.7,23.95,22.57,,,,,,,,4,41.14,4,41.14,17,174.86,4,41.14,0,0,0,0,0,0,4,4,8,0,1,0,0,8,82.29,9,92.57,,,,"to the counter of The Lantern=612; to Chiara=563; to the muster at (1084, 1406)=267; fight=113; away from Nulgha=24","station=2; to the counter of The Lantern=2; to the muster at (1084, 1406)=2; after Chetickuki=1; fight=1"
2026-09-26_14-11,2026-09-26,2026-09-26T14:11:59,2026-09-26T14:25:35,13.6,,2,2026-09-26T14:22:04,10.08,17399,651777484,224799,12.92,64.53,6331,11068,0,1082,5561,426,32,5503,0,191,4325,6728,65,102,65164,5604,7,1727,7163,3,13,859,8,0,8,,,,,,,,19,22.294,37.16,63.61,31.63,31.96,10.08,17399,224799,11068,5503,22.294,63.61,17,75,7,30.88,30,132.35,9,39.71,2,8.82,0,0,0,0,17,7,0,3,3,0,0,24,105.88,6,26.47,96,66,30,to the counter of The Lantern=2097; to Sabra=860; to Garritt=556; to Gus=323; out to the woods for herbs=299,"station=7; fight=2; to Kelda=1; to the muster at (1084, 1406)=1"
2026-09-26_14-25,2026-09-26,2026-09-26T14:25:53,2026-09-26T14:32:12,6.32,262,1,2026-09-26T14:30:58,5.08,7542,170346920,61446,8.15,287.94,5053,2488,1,32,1215,352,32,847,1,105,1367,1118,20,37,64459,3560,7,1285,2486,6,11,171,7,0,7,,,,,,,,22,12.088,20.15,32.99,11.23,16.11,,,,,,,,7,66.49,7,66.49,20,189.97,9,85.49,1,9.5,0,0,0,0,7,7,2,1,3,0,0,14,132.98,6,56.99,,,,"marching on (1068, 1452)=325; to the counter of The Lantern=154; to the muster at (1084, 1406)=150; looking for a fight=99; to Missy=95","to Torvin=2; to Wystan=1; to the muster at (1084, 1406)=1; fight=1; to Kelda=1"
2026-09-26_14-32,2026-09-26,2026-09-26T14:32:33,2026-09-26T15:18:12,45.65,263,9,2026-09-26T15:17:38,45.08,55722,94608825,39951,0.72,291.7,53655,2062,5,38,1528,1151,32,1279,0,131,1425,632,34,67,477987,9360,82,3143,4444,39,21,284,5,0,5,22915,0,,,,,,51,0.886,1.48,3.7,2.3,2.74,10.08,12805,13456,870,481,1.334,6.79,5,6.57,39,51.26,60,78.86,8,10.51,4,5.26,0,0,0,0,5,39,5,5,6,0,0,44,57.83,16,21.03,192,174,18,to where they are kept=299; fight=275; to Bertram=48; to Talia=48; to a tree=39,station=7; fight=7; to Bertram=3; to Marek=3; to Talia=3
2026-09-26_15-18,2026-09-26,2026-09-26T15:18:31,2026-09-26T15:30:28,11.95,264,2,2026-09-26T15:28:36,10.08,6254,31641741,15044,2.41,188.01,6000,254,0,2,81,28,32,23,1,218,218,35,3,15,70068,894,22,200,363,3,3,0,0,0,0,2780,0,327,0,2,2,,0,1.492,2.49,4.06,0.37,1.3,10.08,6254,15044,254,23,1.492,4.06,0,0,6,30.13,9,45.19,2,10.04,0,0,2,10.04,0,0,0,6,0,1,0,2,0,6,30.13,3,15.06,36,18,18,fight=46; to Doran=12; to Jarek=12; out to the woods for herbs=2; after Frukag=2,fight=1; to a fire=1; out to the woods for herbs=1; to Doran=1; to Jarek=1
2026-09-26_15-30,2026-09-26,2026-09-26T15:30:49,2026-09-26T15:37:01,6.2,265,1,2026-09-26T15:35:54,5.08,4170,77621164,27866,6.68,61.62,2928,1242,0,3,542,81,32,383,0,196,411,831,8,27,37950,1845,3,767,979,3,3,1,2,0,2,1398,0,202,0,2,,213,0,5.482,9.14,29.78,9.18,13,,,,,,,,2,19.35,5,48.39,8,77.42,2,19.35,4,38.71,0,0,214,2070.97,2,5,0,1,0,0,0,7,67.74,1,9.68,,,,"to the muster at (1084, 1406)=299; to Rance for a scroll=110; to a fire=60; fight=45; to Jarek=11","fight=2; to the counter with a full pack=1; to the muster at (1440, 1470)=1; to Jarek=1"
2026-09-26_15-37,2026-09-26,2026-09-26T15:37:22,2026-09-26T15:42:24,5.03,266,0,,,,,,,,,,,,,,,,,,,,,,,,,,,,,,,,,,,,,,,,,,,,,,,,,,,,,0,0,3,35.76,3,35.76,0,0,1,11.92,0,0,0,0,0,3,0,0,0,0,0,3,35.76,0,0,,,,,
2026-09-26_15-42,2026-09-26,2026-09-26T15:42:44,2026-09-26T15:55:30,12.77,267,2,2026-09-26T15:52:49,10.08,7064,48821230,19451,2.75,180.03,6382,682,0,562,406,64,32,350,0,87,383,299,6,15,66540,1000,31,155,719,1,4,1,0,0,0,3016,0,342,0,1,,1,31,1.929,3.22,9.65,4.95,5.75,10.08,7064,19451,682,350,1.929,9.65,0,0,2,9.4,7,32.9,2,9.4,1,4.7,0,0,2,9.4,0,2,0,1,4,0,0,2,9.4,5,23.5,30,6,24,"to the muster at (1084, 1406)=299; fight=40; to Marek=11; after Krugorim=8; to Ronan=6",to Marek=1
2026-09-26_15-55,2026-09-26,2026-09-26T15:55:57,2026-09-26T16:01:43,5.77,268,1,2026-09-26T16:01:05,5.13,8030,3285268,3212,0.4,180.02,7810,220,0,3881,162,146,32,144,0,175,216,4,1,0,34518,546,7,203,381,1,1,4,0,0,0,1884,0,321,0,0,,0,0,0.626,1.04,2.74,1.79,2.02,,,,,,,,0,0,2,20.81,3,31.21,0,0,0,0,0,0,0,0,0,2,0,1,0,0,0,2,20.81,1,10.4,,,,fight=18; after a harpy=14; after a skeleton=7; after a troll=4; after a grizzly bear=3,after a harpy=1
